use ORE;

INSERT CurveConfigurationFXVolatilities (CurveId,Dimension,Expiries,GroupingId) VALUES ('EURUSD','ATM','1M,3M,6M,1Y,2Y,3Y,10Y','ExampleInput');
INSERT CurveConfigurationFXVolatilities (CurveId,Dimension,Expiries,GroupingId) VALUES ('EURGBP','ATM','1M,3M,6M,1Y,2Y,5Y,10Y','ExampleInput');
INSERT CurveConfigurationFXVolatilities (CurveId,Dimension,Expiries,GroupingId) VALUES ('EURCHF','ATM','1M,3M,6M,1Y,2Y,3Y,4Y,5Y,10Y','ExampleInput');
INSERT CurveConfigurationFXVolatilities (CurveId,Dimension,Expiries,GroupingId) VALUES ('EURJPY','ATM','1M,3M,6M,1Y,2Y,3Y,4Y,5Y,10Y','ExampleInput');
INSERT CurveConfigurationFXVolatilities (CurveId,Dimension,Expiries,GroupingId) VALUES ('GBPUSD','ATM','1M,3M,6M,1Y,2Y,3Y,4Y,5Y,10Y','ExampleInput');
INSERT CurveConfigurationSwaptionVolatilities (CurveId,CurveDescription,Dimension,VolatilityType,Extrapolation,DayCounter,Calendar,BusinessDayConvention,OptionTenors,SwapTenors,ShortSwapIndexBase,SwapIndexBase,GroupingId) VALUES ('EUR_SW_N','EUR normal swaption volatilities','ATM','Normal','Flat','Actual/365 (Fixed)','TARGET','Following','1M,3M,6M,1Y,2Y,3Y,4Y,5Y,7Y,10Y,15Y,20Y,25Y,30Y','1Y,2Y,3Y,4Y,5Y,7Y,10Y,15Y,20Y,25Y,30Y','EUR-CMS-1Y','EUR-CMS-30Y','ExampleInput');
INSERT CurveConfigurationSwaptionVolatilities (CurveId,CurveDescription,Dimension,VolatilityType,Extrapolation,DayCounter,Calendar,BusinessDayConvention,OptionTenors,SwapTenors,ShortSwapIndexBase,SwapIndexBase,GroupingId) VALUES ('USD_SW_N','USD normal swaption volatilities','ATM','Lognormal','Flat','Actual/365 (Fixed)','TARGET','Following','1M,3M,6M,1Y,2Y,3Y,4Y,5Y,7Y,10Y,15Y,20Y,25Y,30Y','1Y,2Y,3Y,4Y,5Y,7Y,10Y,15Y,20Y,25Y,30Y','USD-CMS-1Y','USD-CMS-30Y','ExampleInput');
INSERT CurveConfigurationSwaptionVolatilities (CurveId,CurveDescription,Dimension,VolatilityType,Extrapolation,DayCounter,Calendar,BusinessDayConvention,OptionTenors,SwapTenors,ShortSwapIndexBase,SwapIndexBase,GroupingId) VALUES ('GBP_SW_N','GBP normal swaption volatilities','ATM','Lognormal','Flat','Actual/365 (Fixed)','TARGET','Following','1M,3M,6M,1Y,2Y,3Y,4Y,5Y,7Y,10Y,15Y,20Y,25Y,30Y','1Y,2Y,3Y,4Y,5Y,7Y,10Y,15Y,20Y,25Y,30Y','GBP-CMS-1Y','GBP-CMS-30Y','ExampleInput');
INSERT CurveConfigurationSwaptionVolatilities (CurveId,CurveDescription,Dimension,VolatilityType,Extrapolation,DayCounter,Calendar,BusinessDayConvention,OptionTenors,SwapTenors,ShortSwapIndexBase,SwapIndexBase,GroupingId) VALUES ('CHF_SW_N','CHF normal swaption volatilities','ATM','Normal','Flat','Actual/365 (Fixed)','TARGET','Following','1M,3M,6M,1Y,2Y,3Y,4Y,5Y,7Y,10Y,15Y,20Y,25Y,30Y','1Y,2Y,3Y,4Y,5Y,7Y,10Y,15Y,20Y,25Y,30Y','CHF-CMS-1Y','CHF-CMS-30Y','ExampleInput');
INSERT CurveConfigurationSwaptionVolatilities (CurveId,CurveDescription,Dimension,VolatilityType,Extrapolation,DayCounter,Calendar,BusinessDayConvention,OptionTenors,SwapTenors,ShortSwapIndexBase,SwapIndexBase,GroupingId) VALUES ('JPY_SW_N','JPY normal swaption volatilities','ATM','Normal','Flat','Actual/365 (Fixed)','TARGET','Following','1M,3M,6M,1Y,2Y,3Y,4Y,5Y,7Y,10Y,15Y,20Y,25Y,30Y','1Y,2Y,3Y,4Y,5Y,7Y,10Y,15Y,20Y,25Y,30Y','JPY-CMS-1Y','JPY-CMS-30Y','ExampleInput');
INSERT CurveConfigurationCapFloorVolatilities (CurveId,CurveDescription,VolatilityType,Extrapolation,IncludeAtm,DayCounter,Calendar,BusinessDayConvention,Tenors,Strikes,IborIndex,DiscountCurve,GroupingId) VALUES ('EUR_CF_N','EUR normal cap floor volatilities','Normal','Flat','FALSE','Actual/365 (Fixed)','TARGET','Following','1Y,2Y,3Y,4Y,5Y,6Y,7Y,8Y,9Y,10Y,15Y,20Y','-0.01,0.0,0.01,0.02,0.03,0.04,0.05,0.06,0.07,0.08,0.09,0.1','EUR-EURIBOR-6M','Yield/EUR/EUR1D','ExampleInput');
INSERT CurveConfigurationCapFloorVolatilities (CurveId,CurveDescription,VolatilityType,Extrapolation,IncludeAtm,DayCounter,Calendar,BusinessDayConvention,Tenors,Strikes,IborIndex,DiscountCurve,GroupingId) VALUES ('GBP_CF_N','GBP normal cap floor volatilities','Normal','Flat','FALSE','Actual/365 (Fixed)','UK','Following','1Y,2Y,3Y,4Y,5Y,6Y,7Y,8Y,9Y,10Y,15Y,20Y','0.005,0.015,0.02,0.025,0.03,0.035,0.04,0.045,0.05,0.055,0.06,0.065,0.07,0.075,0.08,0.085,0.09,0.095,0.1','GBP-LIBOR-6M','Yield/GBP/GBP1D','ExampleInput');
INSERT CurveConfigurationCapFloorVolatilities (CurveId,CurveDescription,VolatilityType,Extrapolation,IncludeAtm,DayCounter,Calendar,BusinessDayConvention,Tenors,Strikes,IborIndex,DiscountCurve,GroupingId) VALUES ('USD_CF_N','USD normal cap floor volatilities','Normal','Flat','FALSE','Actual/365 (Fixed)','UK','Following','1Y,2Y,3Y,4Y,5Y,6Y,7Y,8Y,9Y,10Y,15Y,20Y','0.005,0.015,0.02,0.025,0.03,0.035,0.04,0.045,0.05,0.055,0.06,0.065,0.07,0.075,0.08,0.085,0.09,0.095,0.1','USD-LIBOR-3M','Yield/USD/USD1D','ExampleInput');
INSERT CurveConfigurationDefaultCurves (CurveId,CurveDescription,Currency,Type,DiscountCurve,DayCounter,RecoveryRate,Conventions,GroupingId) VALUES ('BANK_SR_USD','BANK SR CDS USD','USD','SpreadCDS','Yield/USD/USD3M','A365','RECOVERY_RATE/RATE/BANK/SR/USD','CDS-STANDARD-CONVENTIONS','ExampleInput');
INSERT CurveConfigurationQuotes (Quote,Seq,CurveId,SeqSegment) VALUES ('CDS/CREDIT_SPREAD/BANK/SR/USD/1Y',0,'BANK_SR_USD',0);
INSERT CurveConfigurationQuotes (Quote,Seq,CurveId,SeqSegment) VALUES ('CDS/CREDIT_SPREAD/BANK/SR/USD/2Y',1,'BANK_SR_USD',0);
INSERT CurveConfigurationQuotes (Quote,Seq,CurveId,SeqSegment) VALUES ('CDS/CREDIT_SPREAD/BANK/SR/USD/3Y',2,'BANK_SR_USD',0);
INSERT CurveConfigurationQuotes (Quote,Seq,CurveId,SeqSegment) VALUES ('CDS/CREDIT_SPREAD/BANK/SR/USD/4Y',3,'BANK_SR_USD',0);
INSERT CurveConfigurationQuotes (Quote,Seq,CurveId,SeqSegment) VALUES ('CDS/CREDIT_SPREAD/BANK/SR/USD/5Y',4,'BANK_SR_USD',0);
INSERT CurveConfigurationQuotes (Quote,Seq,CurveId,SeqSegment) VALUES ('CDS/CREDIT_SPREAD/BANK/SR/USD/7Y',5,'BANK_SR_USD',0);
INSERT CurveConfigurationQuotes (Quote,Seq,CurveId,SeqSegment) VALUES ('CDS/CREDIT_SPREAD/BANK/SR/USD/10Y',6,'BANK_SR_USD',0);
INSERT CurveConfigurationDefaultCurves (CurveId,CurveDescription,Currency,Type,DayCounter,RecoveryRate,Conventions,GroupingId) VALUES ('CPTY_A_SR_USD','CPTY_A SR HR USD','USD','HazardRate','A365','RECOVERY_RATE/RATE/CPTY_A/SR/USD','CDS-STANDARD-CONVENTIONS','ExampleInput');
INSERT CurveConfigurationQuotes (Quote,Seq,CurveId,SeqSegment) VALUES ('HAZARD_RATE/RATE/CPTY_A/SR/USD/0Y',0,'CPTY_A_SR_USD',0);
INSERT CurveConfigurationQuotes (Quote,Seq,CurveId,SeqSegment) VALUES ('HAZARD_RATE/RATE/CPTY_A/SR/USD/1Y',1,'CPTY_A_SR_USD',0);
INSERT CurveConfigurationQuotes (Quote,Seq,CurveId,SeqSegment) VALUES ('HAZARD_RATE/RATE/CPTY_A/SR/USD/2Y',2,'CPTY_A_SR_USD',0);
INSERT CurveConfigurationQuotes (Quote,Seq,CurveId,SeqSegment) VALUES ('HAZARD_RATE/RATE/CPTY_A/SR/USD/3Y',3,'CPTY_A_SR_USD',0);
INSERT CurveConfigurationQuotes (Quote,Seq,CurveId,SeqSegment) VALUES ('HAZARD_RATE/RATE/CPTY_A/SR/USD/4Y',4,'CPTY_A_SR_USD',0);
INSERT CurveConfigurationQuotes (Quote,Seq,CurveId,SeqSegment) VALUES ('HAZARD_RATE/RATE/CPTY_A/SR/USD/5Y',5,'CPTY_A_SR_USD',0);
INSERT CurveConfigurationQuotes (Quote,Seq,CurveId,SeqSegment) VALUES ('HAZARD_RATE/RATE/CPTY_A/SR/USD/7Y',6,'CPTY_A_SR_USD',0);
INSERT CurveConfigurationQuotes (Quote,Seq,CurveId,SeqSegment) VALUES ('HAZARD_RATE/RATE/CPTY_A/SR/USD/10Y',7,'CPTY_A_SR_USD',0);
INSERT CurveConfigurationQuotes (Quote,Seq,CurveId,SeqSegment) VALUES ('HAZARD_RATE/RATE/CPTY_A/SR/USD/15Y',8,'CPTY_A_SR_USD',0);
INSERT CurveConfigurationQuotes (Quote,Seq,CurveId,SeqSegment) VALUES ('HAZARD_RATE/RATE/CPTY_A/SR/USD/20Y',9,'CPTY_A_SR_USD',0);
INSERT CurveConfigurationQuotes (Quote,Seq,CurveId,SeqSegment) VALUES ('HAZARD_RATE/RATE/CPTY_A/SR/USD/30Y',10,'CPTY_A_SR_USD',0);
INSERT CurveConfigurationDefaultCurves (CurveId,CurveDescription,Currency,Type,DayCounter,RecoveryRate,Conventions,GroupingId) VALUES ('CPTY_C_SR_EUR','CPTY_C SR HR EUR','EUR','HazardRate','A360','RECOVERY_RATE/RATE/CPTY_C/SR/EUR','CDS-STANDARD-CONVENTIONS','ExampleInput');
INSERT CurveConfigurationQuotes (Quote,Seq,CurveId,SeqSegment) VALUES ('HAZARD_RATE/RATE/CPTY_C/SR/EUR/1Y',0,'CPTY_C_SR_EUR',0);
INSERT CurveConfigurationDefaultCurves (CurveId,CurveDescription,Currency,Type,DayCounter,BenchmarkCurve,SourceCurve,Pillars,SpotLag,Calendar,GroupingId) VALUES ('BOND_YIELD_EUR_OVER_OIS','Default curve derived as bond yield curve over Eonia','EUR','Benchmark','A365','Yield/EUR/EUR1D','Yield/EUR/BOND_YIELD_EUR','1Y,2Y,3Y,4Y,5Y,7Y,10Y',0,'TARGET','ExampleInput');
INSERT CurveConfigurationYieldCurves (CurveId,Currency,GroupingId) VALUES ('CHF6M','CHF','ExampleInput');
INSERT CurveConfigurationYieldCurveSegments (Type,Conventions,ProjectionCurve,SegmentsType,CurveId,Seq) VALUES ('Deposit','CHF-LIBOR-CONVENTIONS','CHF6M','Simple','CHF6M',0);
INSERT CurveConfigurationQuotes (Quote,Seq,SeqSegment,CurveId) VALUES ('MM/RATE/CHF/0D/1D',0,0,'CHF6M');
INSERT CurveConfigurationQuotes (Quote,Seq,SeqSegment,CurveId) VALUES ('MM/RATE/CHF/0D/2D',1,0,'CHF6M');
INSERT CurveConfigurationQuotes (Quote,Seq,SeqSegment,CurveId) VALUES ('MM/RATE/CHF/2D/1W',2,0,'CHF6M');
INSERT CurveConfigurationQuotes (Quote,Seq,SeqSegment,CurveId) VALUES ('MM/RATE/CHF/2D/2W',3,0,'CHF6M');
INSERT CurveConfigurationQuotes (Quote,Seq,SeqSegment,CurveId) VALUES ('MM/RATE/CHF/2D/3W',4,0,'CHF6M');
INSERT CurveConfigurationQuotes (Quote,Seq,SeqSegment,CurveId) VALUES ('MM/RATE/CHF/2D/1M',5,0,'CHF6M');
INSERT CurveConfigurationQuotes (Quote,Seq,SeqSegment,CurveId) VALUES ('MM/RATE/CHF/2D/2M',6,0,'CHF6M');
INSERT CurveConfigurationQuotes (Quote,Seq,SeqSegment,CurveId) VALUES ('MM/RATE/CHF/2D/3M',7,0,'CHF6M');
INSERT CurveConfigurationQuotes (Quote,Seq,SeqSegment,CurveId) VALUES ('MM/RATE/CHF/2D/6M',8,0,'CHF6M');
INSERT CurveConfigurationYieldCurveSegments (Type,Conventions,ProjectionCurve,SegmentsType,CurveId,Seq) VALUES ('FRA','CHF-6M-FRA-CONVENTIONS','CHF6M','Simple','CHF6M',1);
INSERT CurveConfigurationQuotes (Quote,Seq,SeqSegment,CurveId) VALUES ('FRA/RATE/CHF/1M/6M',0,1,'CHF6M');
INSERT CurveConfigurationQuotes (Quote,Seq,SeqSegment,CurveId) VALUES ('FRA/RATE/CHF/2M/6M',1,1,'CHF6M');
INSERT CurveConfigurationQuotes (Quote,Seq,SeqSegment,CurveId) VALUES ('FRA/RATE/CHF/3M/6M',2,1,'CHF6M');
INSERT CurveConfigurationQuotes (Quote,Seq,SeqSegment,CurveId) VALUES ('FRA/RATE/CHF/4M/6M',3,1,'CHF6M');
INSERT CurveConfigurationQuotes (Quote,Seq,SeqSegment,CurveId) VALUES ('FRA/RATE/CHF/5M/6M',4,1,'CHF6M');
INSERT CurveConfigurationQuotes (Quote,Seq,SeqSegment,CurveId) VALUES ('FRA/RATE/CHF/6M/6M',5,1,'CHF6M');
INSERT CurveConfigurationYieldCurveSegments (Type,Conventions,ProjectionCurve,SegmentsType,CurveId,Seq) VALUES ('Swap','CHF-6M-SWAP-CONVENTIONS','CHF6M','Simple','CHF6M',2);
INSERT CurveConfigurationQuotes (Quote,Seq,SeqSegment,CurveId) VALUES ('IR_SWAP/RATE/CHF/2D/6M/2Y',0,2,'CHF6M');
INSERT CurveConfigurationQuotes (Quote,Seq,SeqSegment,CurveId) VALUES ('IR_SWAP/RATE/CHF/2D/6M/3Y',1,2,'CHF6M');
INSERT CurveConfigurationQuotes (Quote,Seq,SeqSegment,CurveId) VALUES ('IR_SWAP/RATE/CHF/2D/6M/4Y',2,2,'CHF6M');
INSERT CurveConfigurationQuotes (Quote,Seq,SeqSegment,CurveId) VALUES ('IR_SWAP/RATE/CHF/2D/6M/5Y',3,2,'CHF6M');
INSERT CurveConfigurationQuotes (Quote,Seq,SeqSegment,CurveId) VALUES ('IR_SWAP/RATE/CHF/2D/6M/6Y',4,2,'CHF6M');
INSERT CurveConfigurationQuotes (Quote,Seq,SeqSegment,CurveId) VALUES ('IR_SWAP/RATE/CHF/2D/6M/7Y',5,2,'CHF6M');
INSERT CurveConfigurationQuotes (Quote,Seq,SeqSegment,CurveId) VALUES ('IR_SWAP/RATE/CHF/2D/6M/8Y',6,2,'CHF6M');
INSERT CurveConfigurationQuotes (Quote,Seq,SeqSegment,CurveId) VALUES ('IR_SWAP/RATE/CHF/2D/6M/9Y',7,2,'CHF6M');
INSERT CurveConfigurationQuotes (Quote,Seq,SeqSegment,CurveId) VALUES ('IR_SWAP/RATE/CHF/2D/6M/10Y',8,2,'CHF6M');
INSERT CurveConfigurationQuotes (Quote,Seq,SeqSegment,CurveId) VALUES ('IR_SWAP/RATE/CHF/2D/6M/12Y',9,2,'CHF6M');
INSERT CurveConfigurationQuotes (Quote,Seq,SeqSegment,CurveId) VALUES ('IR_SWAP/RATE/CHF/2D/6M/15Y',10,2,'CHF6M');
INSERT CurveConfigurationQuotes (Quote,Seq,SeqSegment,CurveId) VALUES ('IR_SWAP/RATE/CHF/2D/6M/20Y',11,2,'CHF6M');
INSERT CurveConfigurationQuotes (Quote,Seq,SeqSegment,CurveId) VALUES ('IR_SWAP/RATE/CHF/2D/6M/25Y',12,2,'CHF6M');
INSERT CurveConfigurationQuotes (Quote,Seq,SeqSegment,CurveId) VALUES ('IR_SWAP/RATE/CHF/2D/6M/30Y',13,2,'CHF6M');
INSERT CurveConfigurationYieldCurves (CurveId,Currency,GroupingId) VALUES ('CHF3M','CHF','ExampleInput');
INSERT CurveConfigurationYieldCurveSegments (Type,Conventions,ProjectionCurve,SegmentsType,CurveId,Seq) VALUES ('Deposit','CHF-LIBOR-CONVENTIONS','CHF3M','Simple','CHF3M',0);
INSERT CurveConfigurationQuotes (Quote,Seq,SeqSegment,CurveId) VALUES ('MM/RATE/CHF/0D/1D',0,0,'CHF3M');
INSERT CurveConfigurationQuotes (Quote,Seq,SeqSegment,CurveId) VALUES ('MM/RATE/CHF/2D/1W',1,0,'CHF3M');
INSERT CurveConfigurationQuotes (Quote,Seq,SeqSegment,CurveId) VALUES ('MM/RATE/CHF/2D/1M',2,0,'CHF3M');
INSERT CurveConfigurationQuotes (Quote,Seq,SeqSegment,CurveId) VALUES ('MM/RATE/CHF/2D/3M',3,0,'CHF3M');
INSERT CurveConfigurationYieldCurveSegments (Type,Conventions,ProjectionCurve,SegmentsType,CurveId,Seq) VALUES ('FRA','CHF-3M-FRA-CONVENTIONS','CHF3M','Simple','CHF3M',1);
INSERT CurveConfigurationYieldCurveSegments (Type,Conventions,ProjectionCurve,SegmentsType,CurveId,Seq) VALUES ('Swap','CHF-3M-SWAP-CONVENTIONS','CHF3M','Simple','CHF3M',2);
INSERT CurveConfigurationQuotes (Quote,Seq,SeqSegment,CurveId) VALUES ('IR_SWAP/RATE/CHF/2D/3M/2Y',0,2,'CHF3M');
INSERT CurveConfigurationQuotes (Quote,Seq,SeqSegment,CurveId) VALUES ('IR_SWAP/RATE/CHF/2D/3M/3Y',1,2,'CHF3M');
INSERT CurveConfigurationQuotes (Quote,Seq,SeqSegment,CurveId) VALUES ('IR_SWAP/RATE/CHF/2D/3M/4Y',2,2,'CHF3M');
INSERT CurveConfigurationQuotes (Quote,Seq,SeqSegment,CurveId) VALUES ('IR_SWAP/RATE/CHF/2D/3M/5Y',3,2,'CHF3M');
INSERT CurveConfigurationQuotes (Quote,Seq,SeqSegment,CurveId) VALUES ('IR_SWAP/RATE/CHF/2D/3M/7Y',4,2,'CHF3M');
INSERT CurveConfigurationQuotes (Quote,Seq,SeqSegment,CurveId) VALUES ('IR_SWAP/RATE/CHF/2D/3M/10Y',5,2,'CHF3M');
INSERT CurveConfigurationQuotes (Quote,Seq,SeqSegment,CurveId) VALUES ('IR_SWAP/RATE/CHF/2D/3M/12Y',6,2,'CHF3M');
INSERT CurveConfigurationQuotes (Quote,Seq,SeqSegment,CurveId) VALUES ('IR_SWAP/RATE/CHF/2D/3M/15Y',7,2,'CHF3M');
INSERT CurveConfigurationQuotes (Quote,Seq,SeqSegment,CurveId) VALUES ('IR_SWAP/RATE/CHF/2D/3M/20Y',8,2,'CHF3M');
INSERT CurveConfigurationQuotes (Quote,Seq,SeqSegment,CurveId) VALUES ('IR_SWAP/RATE/CHF/2D/3M/25Y',9,2,'CHF3M');
INSERT CurveConfigurationQuotes (Quote,Seq,SeqSegment,CurveId) VALUES ('IR_SWAP/RATE/CHF/2D/3M/30Y',10,2,'CHF3M');
INSERT CurveConfigurationYieldCurves (CurveId,Currency,GroupingId) VALUES ('CHF1M','CHF','ExampleInput');
INSERT CurveConfigurationYieldCurveSegments (Type,Conventions,ProjectionCurve,SegmentsType,CurveId,Seq) VALUES ('Deposit','CHF-Deposit','CHF1M','Simple','CHF1M',0);
INSERT CurveConfigurationQuotes (Quote,Seq,SeqSegment,CurveId) VALUES ('MM/RATE/CHF/0D/1D',0,0,'CHF1M');
INSERT CurveConfigurationQuotes (Quote,Seq,SeqSegment,CurveId) VALUES ('MM/RATE/CHF/1D/1D',1,0,'CHF1M');
INSERT CurveConfigurationQuotes (Quote,Seq,SeqSegment,CurveId) VALUES ('MM/RATE/CHF/2D/1W',2,0,'CHF1M');
INSERT CurveConfigurationQuotes (Quote,Seq,SeqSegment,CurveId) VALUES ('MM/RATE/CHF/2D/1M',3,0,'CHF1M');
INSERT CurveConfigurationYieldCurveSegments (Type,Conventions,ProjectionCurve,SegmentsType,CurveId,Seq) VALUES ('Swap','CHF1M-Swap','CHF1M','Simple','CHF1M',1);
INSERT CurveConfigurationQuotes (Quote,Seq,SeqSegment,CurveId) VALUES ('IR_SWAP/RATE/CHF/2D/1M/2M',0,1,'CHF1M');
INSERT CurveConfigurationQuotes (Quote,Seq,SeqSegment,CurveId) VALUES ('IR_SWAP/RATE/CHF/2D/1M/3M',1,1,'CHF1M');
INSERT CurveConfigurationQuotes (Quote,Seq,SeqSegment,CurveId) VALUES ('IR_SWAP/RATE/CHF/2D/1M/4M',2,1,'CHF1M');
INSERT CurveConfigurationQuotes (Quote,Seq,SeqSegment,CurveId) VALUES ('IR_SWAP/RATE/CHF/2D/1M/5M',3,1,'CHF1M');
INSERT CurveConfigurationQuotes (Quote,Seq,SeqSegment,CurveId) VALUES ('IR_SWAP/RATE/CHF/2D/1M/6M',4,1,'CHF1M');
INSERT CurveConfigurationQuotes (Quote,Seq,SeqSegment,CurveId) VALUES ('IR_SWAP/RATE/CHF/2D/1M/7M',5,1,'CHF1M');
INSERT CurveConfigurationQuotes (Quote,Seq,SeqSegment,CurveId) VALUES ('IR_SWAP/RATE/CHF/2D/1M/8M',6,1,'CHF1M');
INSERT CurveConfigurationQuotes (Quote,Seq,SeqSegment,CurveId) VALUES ('IR_SWAP/RATE/CHF/2D/1M/9M',7,1,'CHF1M');
INSERT CurveConfigurationQuotes (Quote,Seq,SeqSegment,CurveId) VALUES ('IR_SWAP/RATE/CHF/2D/1M/10M',8,1,'CHF1M');
INSERT CurveConfigurationQuotes (Quote,Seq,SeqSegment,CurveId) VALUES ('IR_SWAP/RATE/CHF/2D/1M/11M',9,1,'CHF1M');
INSERT CurveConfigurationQuotes (Quote,Seq,SeqSegment,CurveId) VALUES ('IR_SWAP/RATE/CHF/2D/1M/1Y',10,1,'CHF1M');
INSERT CurveConfigurationQuotes (Quote,Seq,SeqSegment,CurveId) VALUES ('IR_SWAP/RATE/CHF/2D/1M/2Y',11,1,'CHF1M');
INSERT CurveConfigurationQuotes (Quote,Seq,SeqSegment,CurveId) VALUES ('IR_SWAP/RATE/CHF/2D/1M/3Y',12,1,'CHF1M');
INSERT CurveConfigurationQuotes (Quote,Seq,SeqSegment,CurveId) VALUES ('IR_SWAP/RATE/CHF/2D/1M/4Y',13,1,'CHF1M');
INSERT CurveConfigurationQuotes (Quote,Seq,SeqSegment,CurveId) VALUES ('IR_SWAP/RATE/CHF/2D/1M/5Y',14,1,'CHF1M');
INSERT CurveConfigurationQuotes (Quote,Seq,SeqSegment,CurveId) VALUES ('IR_SWAP/RATE/CHF/2D/1M/7Y',15,1,'CHF1M');
INSERT CurveConfigurationQuotes (Quote,Seq,SeqSegment,CurveId) VALUES ('IR_SWAP/RATE/CHF/2D/1M/10Y',16,1,'CHF1M');
INSERT CurveConfigurationQuotes (Quote,Seq,SeqSegment,CurveId) VALUES ('IR_SWAP/RATE/CHF/2D/1M/12Y',17,1,'CHF1M');
INSERT CurveConfigurationQuotes (Quote,Seq,SeqSegment,CurveId) VALUES ('IR_SWAP/RATE/CHF/2D/1M/15Y',18,1,'CHF1M');
INSERT CurveConfigurationQuotes (Quote,Seq,SeqSegment,CurveId) VALUES ('IR_SWAP/RATE/CHF/2D/1M/20Y',19,1,'CHF1M');
INSERT CurveConfigurationQuotes (Quote,Seq,SeqSegment,CurveId) VALUES ('IR_SWAP/RATE/CHF/2D/1M/25Y',20,1,'CHF1M');
INSERT CurveConfigurationQuotes (Quote,Seq,SeqSegment,CurveId) VALUES ('IR_SWAP/RATE/CHF/2D/1M/30Y',21,1,'CHF1M');
INSERT CurveConfigurationYieldCurves (CurveId,CurveDescription,Currency,InterpolationVariable,InterpolationMethod,YieldCurveDayCounter,Tolerance,GroupingId) VALUES ('CHF1D','CHF discount curve bootstrapped from TOIS swap rates','CHF','Discount','LogLinear','A365',0.000000000001,'ExampleInput');
INSERT CurveConfigurationYieldCurveSegments (Type,Conventions,SegmentsType,CurveId,Seq) VALUES ('Deposit','CHF-TOIS-CONVENTIONS','Simple','CHF1D',0);
INSERT CurveConfigurationQuotes (Quote,Seq,SeqSegment,CurveId) VALUES ('MM/RATE/CHF/0D/1D',0,0,'CHF1D');
INSERT CurveConfigurationYieldCurveSegments (Type,Conventions,SegmentsType,CurveId,Seq) VALUES ('OIS','CHF-OIS-CONVENTIONS','Simple','CHF1D',1);
INSERT CurveConfigurationQuotes (Quote,Seq,SeqSegment,CurveId) VALUES ('IR_SWAP/RATE/CHF/2D/1D/1M',0,1,'CHF1D');
INSERT CurveConfigurationQuotes (Quote,Seq,SeqSegment,CurveId) VALUES ('IR_SWAP/RATE/CHF/2D/1D/2M',1,1,'CHF1D');
INSERT CurveConfigurationQuotes (Quote,Seq,SeqSegment,CurveId) VALUES ('IR_SWAP/RATE/CHF/2D/1D/3M',2,1,'CHF1D');
INSERT CurveConfigurationQuotes (Quote,Seq,SeqSegment,CurveId) VALUES ('IR_SWAP/RATE/CHF/2D/1D/4M',3,1,'CHF1D');
INSERT CurveConfigurationQuotes (Quote,Seq,SeqSegment,CurveId) VALUES ('IR_SWAP/RATE/CHF/2D/1D/5M',4,1,'CHF1D');
INSERT CurveConfigurationQuotes (Quote,Seq,SeqSegment,CurveId) VALUES ('IR_SWAP/RATE/CHF/2D/1D/6M',5,1,'CHF1D');
INSERT CurveConfigurationQuotes (Quote,Seq,SeqSegment,CurveId) VALUES ('IR_SWAP/RATE/CHF/2D/1D/7M',6,1,'CHF1D');
INSERT CurveConfigurationQuotes (Quote,Seq,SeqSegment,CurveId) VALUES ('IR_SWAP/RATE/CHF/2D/1D/8M',7,1,'CHF1D');
INSERT CurveConfigurationQuotes (Quote,Seq,SeqSegment,CurveId) VALUES ('IR_SWAP/RATE/CHF/2D/1D/9M',8,1,'CHF1D');
INSERT CurveConfigurationQuotes (Quote,Seq,SeqSegment,CurveId) VALUES ('IR_SWAP/RATE/CHF/2D/1D/10M',9,1,'CHF1D');
INSERT CurveConfigurationQuotes (Quote,Seq,SeqSegment,CurveId) VALUES ('IR_SWAP/RATE/CHF/2D/1D/11M',10,1,'CHF1D');
INSERT CurveConfigurationQuotes (Quote,Seq,SeqSegment,CurveId) VALUES ('IR_SWAP/RATE/CHF/2D/1D/1Y',11,1,'CHF1D');
INSERT CurveConfigurationQuotes (Quote,Seq,SeqSegment,CurveId) VALUES ('IR_SWAP/RATE/CHF/2D/1D/1Y3M',12,1,'CHF1D');
INSERT CurveConfigurationQuotes (Quote,Seq,SeqSegment,CurveId) VALUES ('IR_SWAP/RATE/CHF/2D/1D/1Y6M',13,1,'CHF1D');
INSERT CurveConfigurationQuotes (Quote,Seq,SeqSegment,CurveId) VALUES ('IR_SWAP/RATE/CHF/2D/1D/1Y9M',14,1,'CHF1D');
INSERT CurveConfigurationQuotes (Quote,Seq,SeqSegment,CurveId) VALUES ('IR_SWAP/RATE/CHF/2D/1D/2Y',15,1,'CHF1D');
INSERT CurveConfigurationQuotes (Quote,Seq,SeqSegment,CurveId) VALUES ('IR_SWAP/RATE/CHF/2D/1D/3Y',16,1,'CHF1D');
INSERT CurveConfigurationQuotes (Quote,Seq,SeqSegment,CurveId) VALUES ('IR_SWAP/RATE/CHF/2D/1D/4Y',17,1,'CHF1D');
INSERT CurveConfigurationQuotes (Quote,Seq,SeqSegment,CurveId) VALUES ('IR_SWAP/RATE/CHF/2D/1D/5Y',18,1,'CHF1D');
INSERT CurveConfigurationQuotes (Quote,Seq,SeqSegment,CurveId) VALUES ('IR_SWAP/RATE/CHF/2D/1D/6Y',19,1,'CHF1D');
INSERT CurveConfigurationQuotes (Quote,Seq,SeqSegment,CurveId) VALUES ('IR_SWAP/RATE/CHF/2D/1D/7Y',20,1,'CHF1D');
INSERT CurveConfigurationQuotes (Quote,Seq,SeqSegment,CurveId) VALUES ('IR_SWAP/RATE/CHF/2D/1D/8Y',21,1,'CHF1D');
INSERT CurveConfigurationQuotes (Quote,Seq,SeqSegment,CurveId) VALUES ('IR_SWAP/RATE/CHF/2D/1D/10Y',22,1,'CHF1D');
INSERT CurveConfigurationQuotes (Quote,Seq,SeqSegment,CurveId) VALUES ('IR_SWAP/RATE/CHF/2D/1D/12Y',23,1,'CHF1D');
INSERT CurveConfigurationQuotes (Quote,Seq,SeqSegment,CurveId) VALUES ('IR_SWAP/RATE/CHF/2D/1D/15Y',24,1,'CHF1D');
INSERT CurveConfigurationQuotes (Quote,Seq,SeqSegment,CurveId) VALUES ('IR_SWAP/RATE/CHF/2D/1D/20Y',25,1,'CHF1D');
INSERT CurveConfigurationQuotes (Quote,Seq,SeqSegment,CurveId) VALUES ('IR_SWAP/RATE/CHF/2D/1D/25Y',26,1,'CHF1D');
INSERT CurveConfigurationQuotes (Quote,Seq,SeqSegment,CurveId) VALUES ('IR_SWAP/RATE/CHF/2D/1D/30Y',27,1,'CHF1D');
INSERT CurveConfigurationYieldCurves (CurveId,CurveDescription,Currency,InterpolationVariable,InterpolationMethod,YieldCurveDayCounter,Tolerance,GroupingId) VALUES ('EUR1D','EUR discount curve bootstrapped from EONIA swap rates','EUR','Discount','LogLinear','A365',0.000000000001,'ExampleInput');
INSERT CurveConfigurationYieldCurveSegments (Type,Conventions,SegmentsType,CurveId,Seq) VALUES ('Deposit','EUR-EONIA-CONVENTIONS','Simple','EUR1D',0);
INSERT CurveConfigurationQuotes (Quote,Seq,SeqSegment,CurveId) VALUES ('MM/RATE/EUR/0D/1D',0,0,'EUR1D');
INSERT CurveConfigurationYieldCurveSegments (Type,Conventions,SegmentsType,CurveId,Seq) VALUES ('OIS','EUR-OIS-CONVENTIONS','Simple','EUR1D',1);
INSERT CurveConfigurationQuotes (Quote,Seq,SeqSegment,CurveId) VALUES ('IR_SWAP/RATE/EUR/2D/1D/1W',0,1,'EUR1D');
INSERT CurveConfigurationQuotes (Quote,Seq,SeqSegment,CurveId) VALUES ('IR_SWAP/RATE/EUR/2D/1D/2W',1,1,'EUR1D');
INSERT CurveConfigurationQuotes (Quote,Seq,SeqSegment,CurveId) VALUES ('IR_SWAP/RATE/EUR/2D/1D/1M',2,1,'EUR1D');
INSERT CurveConfigurationQuotes (Quote,Seq,SeqSegment,CurveId) VALUES ('IR_SWAP/RATE/EUR/2D/1D/2M',3,1,'EUR1D');
INSERT CurveConfigurationQuotes (Quote,Seq,SeqSegment,CurveId) VALUES ('IR_SWAP/RATE/EUR/2D/1D/3M',4,1,'EUR1D');
INSERT CurveConfigurationQuotes (Quote,Seq,SeqSegment,CurveId) VALUES ('IR_SWAP/RATE/EUR/2D/1D/4M',5,1,'EUR1D');
INSERT CurveConfigurationQuotes (Quote,Seq,SeqSegment,CurveId) VALUES ('IR_SWAP/RATE/EUR/2D/1D/5M',6,1,'EUR1D');
INSERT CurveConfigurationQuotes (Quote,Seq,SeqSegment,CurveId) VALUES ('IR_SWAP/RATE/EUR/2D/1D/6M',7,1,'EUR1D');
INSERT CurveConfigurationQuotes (Quote,Seq,SeqSegment,CurveId) VALUES ('IR_SWAP/RATE/EUR/2D/1D/7M',8,1,'EUR1D');
INSERT CurveConfigurationQuotes (Quote,Seq,SeqSegment,CurveId) VALUES ('IR_SWAP/RATE/EUR/2D/1D/8M',9,1,'EUR1D');
INSERT CurveConfigurationQuotes (Quote,Seq,SeqSegment,CurveId) VALUES ('IR_SWAP/RATE/EUR/2D/1D/9M',10,1,'EUR1D');
INSERT CurveConfigurationQuotes (Quote,Seq,SeqSegment,CurveId) VALUES ('IR_SWAP/RATE/EUR/2D/1D/10M',11,1,'EUR1D');
INSERT CurveConfigurationQuotes (Quote,Seq,SeqSegment,CurveId) VALUES ('IR_SWAP/RATE/EUR/2D/1D/11M',12,1,'EUR1D');
INSERT CurveConfigurationQuotes (Quote,Seq,SeqSegment,CurveId) VALUES ('IR_SWAP/RATE/EUR/2D/1D/1Y',13,1,'EUR1D');
INSERT CurveConfigurationQuotes (Quote,Seq,SeqSegment,CurveId) VALUES ('IR_SWAP/RATE/EUR/2D/1D/1Y3M',14,1,'EUR1D');
INSERT CurveConfigurationQuotes (Quote,Seq,SeqSegment,CurveId) VALUES ('IR_SWAP/RATE/EUR/2D/1D/1Y6M',15,1,'EUR1D');
INSERT CurveConfigurationQuotes (Quote,Seq,SeqSegment,CurveId) VALUES ('IR_SWAP/RATE/EUR/2D/1D/1Y9M',16,1,'EUR1D');
INSERT CurveConfigurationQuotes (Quote,Seq,SeqSegment,CurveId) VALUES ('IR_SWAP/RATE/EUR/2D/1D/2Y',17,1,'EUR1D');
INSERT CurveConfigurationQuotes (Quote,Seq,SeqSegment,CurveId) VALUES ('IR_SWAP/RATE/EUR/2D/1D/3Y',18,1,'EUR1D');
INSERT CurveConfigurationQuotes (Quote,Seq,SeqSegment,CurveId) VALUES ('IR_SWAP/RATE/EUR/2D/1D/4Y',19,1,'EUR1D');
INSERT CurveConfigurationQuotes (Quote,Seq,SeqSegment,CurveId) VALUES ('IR_SWAP/RATE/EUR/2D/1D/5Y',20,1,'EUR1D');
INSERT CurveConfigurationQuotes (Quote,Seq,SeqSegment,CurveId) VALUES ('IR_SWAP/RATE/EUR/2D/1D/6Y',21,1,'EUR1D');
INSERT CurveConfigurationQuotes (Quote,Seq,SeqSegment,CurveId) VALUES ('IR_SWAP/RATE/EUR/2D/1D/7Y',22,1,'EUR1D');
INSERT CurveConfigurationQuotes (Quote,Seq,SeqSegment,CurveId) VALUES ('IR_SWAP/RATE/EUR/2D/1D/8Y',23,1,'EUR1D');
INSERT CurveConfigurationQuotes (Quote,Seq,SeqSegment,CurveId) VALUES ('IR_SWAP/RATE/EUR/2D/1D/9Y',24,1,'EUR1D');
INSERT CurveConfigurationQuotes (Quote,Seq,SeqSegment,CurveId) VALUES ('IR_SWAP/RATE/EUR/2D/1D/10Y',25,1,'EUR1D');
INSERT CurveConfigurationQuotes (Quote,Seq,SeqSegment,CurveId) VALUES ('IR_SWAP/RATE/EUR/2D/1D/12Y',26,1,'EUR1D');
INSERT CurveConfigurationQuotes (Quote,Seq,SeqSegment,CurveId) VALUES ('IR_SWAP/RATE/EUR/2D/1D/15Y',27,1,'EUR1D');
INSERT CurveConfigurationQuotes (Quote,Seq,SeqSegment,CurveId) VALUES ('IR_SWAP/RATE/EUR/2D/1D/20Y',28,1,'EUR1D');
INSERT CurveConfigurationQuotes (Quote,Seq,SeqSegment,CurveId) VALUES ('IR_SWAP/RATE/EUR/2D/1D/25Y',29,1,'EUR1D');
INSERT CurveConfigurationQuotes (Quote,Seq,SeqSegment,CurveId) VALUES ('IR_SWAP/RATE/EUR/2D/1D/30Y',30,1,'EUR1D');
INSERT CurveConfigurationYieldCurves (CurveId,Currency,GroupingId) VALUES ('EUR6M','EUR','ExampleInput');
INSERT CurveConfigurationYieldCurveSegments (Type,Conventions,ProjectionCurve,SegmentsType,CurveId,Seq) VALUES ('Deposit','EUR-EURIBOR-CONVENTIONS','EUR6M','Simple','EUR6M',0);
INSERT CurveConfigurationQuotes (Quote,Seq,SeqSegment,CurveId) VALUES ('MM/RATE/EUR/2D/6M',0,0,'EUR6M');
INSERT CurveConfigurationYieldCurveSegments (Type,Conventions,ProjectionCurve,SegmentsType,CurveId,Seq) VALUES ('FRA','EUR-6M-FRA-CONVENTIONS','EUR6M','Simple','EUR6M',1);
INSERT CurveConfigurationYieldCurveSegments (Type,Conventions,ProjectionCurve,SegmentsType,CurveId,Seq) VALUES ('Swap','EUR-6M-SWAP-CONVENTIONS','EUR6M','Simple','EUR6M',2);
INSERT CurveConfigurationQuotes (Quote,Seq,SeqSegment,CurveId) VALUES ('IR_SWAP/RATE/EUR/2D/6M/2Y',0,2,'EUR6M');
INSERT CurveConfigurationQuotes (Quote,Seq,SeqSegment,CurveId) VALUES ('IR_SWAP/RATE/EUR/2D/6M/3Y',1,2,'EUR6M');
INSERT CurveConfigurationQuotes (Quote,Seq,SeqSegment,CurveId) VALUES ('IR_SWAP/RATE/EUR/2D/6M/4Y',2,2,'EUR6M');
INSERT CurveConfigurationQuotes (Quote,Seq,SeqSegment,CurveId) VALUES ('IR_SWAP/RATE/EUR/2D/6M/5Y',3,2,'EUR6M');
INSERT CurveConfigurationQuotes (Quote,Seq,SeqSegment,CurveId) VALUES ('IR_SWAP/RATE/EUR/2D/6M/7Y',4,2,'EUR6M');
INSERT CurveConfigurationQuotes (Quote,Seq,SeqSegment,CurveId) VALUES ('IR_SWAP/RATE/EUR/2D/6M/10Y',5,2,'EUR6M');
INSERT CurveConfigurationQuotes (Quote,Seq,SeqSegment,CurveId) VALUES ('IR_SWAP/RATE/EUR/2D/6M/12Y',6,2,'EUR6M');
INSERT CurveConfigurationQuotes (Quote,Seq,SeqSegment,CurveId) VALUES ('IR_SWAP/RATE/EUR/2D/6M/15Y',7,2,'EUR6M');
INSERT CurveConfigurationQuotes (Quote,Seq,SeqSegment,CurveId) VALUES ('IR_SWAP/RATE/EUR/2D/6M/20Y',8,2,'EUR6M');
INSERT CurveConfigurationQuotes (Quote,Seq,SeqSegment,CurveId) VALUES ('IR_SWAP/RATE/EUR/2D/6M/25Y',9,2,'EUR6M');
INSERT CurveConfigurationQuotes (Quote,Seq,SeqSegment,CurveId) VALUES ('IR_SWAP/RATE/EUR/2D/6M/30Y',10,2,'EUR6M');
INSERT CurveConfigurationQuotes (Quote,Seq,SeqSegment,CurveId) VALUES ('IR_SWAP/RATE/EUR/2D/6M/40Y',11,2,'EUR6M');
INSERT CurveConfigurationQuotes (Quote,Seq,SeqSegment,CurveId) VALUES ('IR_SWAP/RATE/EUR/2D/6M/50Y',12,2,'EUR6M');
INSERT CurveConfigurationYieldCurves (CurveId,Currency,GroupingId) VALUES ('EUR12M','EUR','ExampleInput');
INSERT CurveConfigurationYieldCurveSegments (Type,Conventions,ProjectionCurve,SegmentsType,CurveId,Seq) VALUES ('Deposit','EUR-DEPOSIT','EUR12M','Simple','EUR12M',0);
INSERT CurveConfigurationQuotes (Quote,Seq,SeqSegment,CurveId) VALUES ('MM/RATE/EUR/0D/1D',0,0,'EUR12M');
INSERT CurveConfigurationQuotes (Quote,Seq,SeqSegment,CurveId) VALUES ('MM/RATE/EUR/2D/1W',1,0,'EUR12M');
INSERT CurveConfigurationQuotes (Quote,Seq,SeqSegment,CurveId) VALUES ('MM/RATE/EUR/2D/1M',2,0,'EUR12M');
INSERT CurveConfigurationQuotes (Quote,Seq,SeqSegment,CurveId) VALUES ('MM/RATE/EUR/2D/2M',3,0,'EUR12M');
INSERT CurveConfigurationQuotes (Quote,Seq,SeqSegment,CurveId) VALUES ('MM/RATE/EUR/2D/3M',4,0,'EUR12M');
INSERT CurveConfigurationQuotes (Quote,Seq,SeqSegment,CurveId) VALUES ('MM/RATE/EUR/2D/4M',5,0,'EUR12M');
INSERT CurveConfigurationQuotes (Quote,Seq,SeqSegment,CurveId) VALUES ('MM/RATE/EUR/2D/5M',6,0,'EUR12M');
INSERT CurveConfigurationQuotes (Quote,Seq,SeqSegment,CurveId) VALUES ('MM/RATE/EUR/2D/6M',7,0,'EUR12M');
INSERT CurveConfigurationQuotes (Quote,Seq,SeqSegment,CurveId) VALUES ('MM/RATE/EUR/2D/7M',8,0,'EUR12M');
INSERT CurveConfigurationQuotes (Quote,Seq,SeqSegment,CurveId) VALUES ('MM/RATE/EUR/2D/8M',9,0,'EUR12M');
INSERT CurveConfigurationQuotes (Quote,Seq,SeqSegment,CurveId) VALUES ('MM/RATE/EUR/2D/9M',10,0,'EUR12M');
INSERT CurveConfigurationQuotes (Quote,Seq,SeqSegment,CurveId) VALUES ('MM/RATE/EUR/2D/10M',11,0,'EUR12M');
INSERT CurveConfigurationQuotes (Quote,Seq,SeqSegment,CurveId) VALUES ('MM/RATE/EUR/2D/11M',12,0,'EUR12M');
INSERT CurveConfigurationQuotes (Quote,Seq,SeqSegment,CurveId) VALUES ('MM/RATE/EUR/2D/1Y',13,0,'EUR12M');
INSERT CurveConfigurationYieldCurveSegments (Type,Conventions,ProjectionCurveLong,ProjectionCurveShort,SegmentsType,CurveId,Seq) VALUES ('Tenor Basis Two Swaps','EUR-EURIBOR-6M-12M-BASIS-CONVENTIONS','EUR12M','EUR6M','TenorBasis','EUR12M',1);
INSERT CurveConfigurationQuotes (Quote,Seq,SeqSegment,CurveId) VALUES ('BASIS_SWAP/BASIS_SPREAD/6M/12M/EUR/2Y',0,1,'EUR12M');
INSERT CurveConfigurationQuotes (Quote,Seq,SeqSegment,CurveId) VALUES ('BASIS_SWAP/BASIS_SPREAD/6M/12M/EUR/3Y',1,1,'EUR12M');
INSERT CurveConfigurationQuotes (Quote,Seq,SeqSegment,CurveId) VALUES ('BASIS_SWAP/BASIS_SPREAD/6M/12M/EUR/4Y',2,1,'EUR12M');
INSERT CurveConfigurationQuotes (Quote,Seq,SeqSegment,CurveId) VALUES ('BASIS_SWAP/BASIS_SPREAD/6M/12M/EUR/5Y',3,1,'EUR12M');
INSERT CurveConfigurationQuotes (Quote,Seq,SeqSegment,CurveId) VALUES ('BASIS_SWAP/BASIS_SPREAD/6M/12M/EUR/6Y',4,1,'EUR12M');
INSERT CurveConfigurationQuotes (Quote,Seq,SeqSegment,CurveId) VALUES ('BASIS_SWAP/BASIS_SPREAD/6M/12M/EUR/8Y',5,1,'EUR12M');
INSERT CurveConfigurationQuotes (Quote,Seq,SeqSegment,CurveId) VALUES ('BASIS_SWAP/BASIS_SPREAD/6M/12M/EUR/9Y',6,1,'EUR12M');
INSERT CurveConfigurationQuotes (Quote,Seq,SeqSegment,CurveId) VALUES ('BASIS_SWAP/BASIS_SPREAD/6M/12M/EUR/10Y',7,1,'EUR12M');
INSERT CurveConfigurationQuotes (Quote,Seq,SeqSegment,CurveId) VALUES ('BASIS_SWAP/BASIS_SPREAD/6M/12M/EUR/11Y',8,1,'EUR12M');
INSERT CurveConfigurationQuotes (Quote,Seq,SeqSegment,CurveId) VALUES ('BASIS_SWAP/BASIS_SPREAD/6M/12M/EUR/12Y',9,1,'EUR12M');
INSERT CurveConfigurationQuotes (Quote,Seq,SeqSegment,CurveId) VALUES ('BASIS_SWAP/BASIS_SPREAD/6M/12M/EUR/15Y',10,1,'EUR12M');
INSERT CurveConfigurationQuotes (Quote,Seq,SeqSegment,CurveId) VALUES ('BASIS_SWAP/BASIS_SPREAD/6M/12M/EUR/20Y',11,1,'EUR12M');
INSERT CurveConfigurationQuotes (Quote,Seq,SeqSegment,CurveId) VALUES ('BASIS_SWAP/BASIS_SPREAD/6M/12M/EUR/25Y',12,1,'EUR12M');
INSERT CurveConfigurationQuotes (Quote,Seq,SeqSegment,CurveId) VALUES ('BASIS_SWAP/BASIS_SPREAD/6M/12M/EUR/30Y',13,1,'EUR12M');
INSERT CurveConfigurationYieldCurves (CurveId,Currency,GroupingId) VALUES ('EUR3M','EUR','ExampleInput');
INSERT CurveConfigurationYieldCurveSegments (Type,Conventions,ProjectionCurve,SegmentsType,CurveId,Seq) VALUES ('Deposit','EUR-EURIBOR-CONVENTIONS','EUR3M','Simple','EUR3M',0);
INSERT CurveConfigurationQuotes (Quote,Seq,SeqSegment,CurveId) VALUES ('MM/RATE/EUR/0D/1D',0,0,'EUR3M');
INSERT CurveConfigurationQuotes (Quote,Seq,SeqSegment,CurveId) VALUES ('MM/RATE/EUR/2D/1W',1,0,'EUR3M');
INSERT CurveConfigurationQuotes (Quote,Seq,SeqSegment,CurveId) VALUES ('MM/RATE/EUR/2D/1M',2,0,'EUR3M');
INSERT CurveConfigurationQuotes (Quote,Seq,SeqSegment,CurveId) VALUES ('MM/RATE/EUR/2D/2M',3,0,'EUR3M');
INSERT CurveConfigurationQuotes (Quote,Seq,SeqSegment,CurveId) VALUES ('MM/RATE/EUR/2D/3M',4,0,'EUR3M');
INSERT CurveConfigurationYieldCurveSegments (Type,Conventions,ProjectionCurve,SegmentsType,CurveId,Seq) VALUES ('FRA','EUR-3M-FRA-CONVENTIONS','EUR3M','Simple','EUR3M',1);
INSERT CurveConfigurationQuotes (Quote,Seq,SeqSegment,CurveId) VALUES ('FRA/RATE/EUR/1M/3M',0,1,'EUR3M');
INSERT CurveConfigurationQuotes (Quote,Seq,SeqSegment,CurveId) VALUES ('FRA/RATE/EUR/2M/3M',1,1,'EUR3M');
INSERT CurveConfigurationQuotes (Quote,Seq,SeqSegment,CurveId) VALUES ('FRA/RATE/EUR/3M/3M',2,1,'EUR3M');
INSERT CurveConfigurationQuotes (Quote,Seq,SeqSegment,CurveId) VALUES ('FRA/RATE/EUR/4M/3M',3,1,'EUR3M');
INSERT CurveConfigurationQuotes (Quote,Seq,SeqSegment,CurveId) VALUES ('FRA/RATE/EUR/5M/3M',4,1,'EUR3M');
INSERT CurveConfigurationQuotes (Quote,Seq,SeqSegment,CurveId) VALUES ('FRA/RATE/EUR/6M/3M',5,1,'EUR3M');
INSERT CurveConfigurationQuotes (Quote,Seq,SeqSegment,CurveId) VALUES ('FRA/RATE/EUR/9M/3M',6,1,'EUR3M');
INSERT CurveConfigurationQuotes (Quote,Seq,SeqSegment,CurveId) VALUES ('FRA/RATE/EUR/1Y/3M',7,1,'EUR3M');
INSERT CurveConfigurationYieldCurveSegments (Type,Conventions,ProjectionCurve,SegmentsType,CurveId,Seq) VALUES ('Swap','EUR-3M-SWAP-CONVENTIONS','EUR3M','Simple','EUR3M',2);
INSERT CurveConfigurationQuotes (Quote,Seq,SeqSegment,CurveId) VALUES ('IR_SWAP/RATE/EUR/2D/3M/2Y',0,2,'EUR3M');
INSERT CurveConfigurationQuotes (Quote,Seq,SeqSegment,CurveId) VALUES ('IR_SWAP/RATE/EUR/2D/3M/3Y',1,2,'EUR3M');
INSERT CurveConfigurationQuotes (Quote,Seq,SeqSegment,CurveId) VALUES ('IR_SWAP/RATE/EUR/2D/3M/4Y',2,2,'EUR3M');
INSERT CurveConfigurationQuotes (Quote,Seq,SeqSegment,CurveId) VALUES ('IR_SWAP/RATE/EUR/2D/3M/5Y',3,2,'EUR3M');
INSERT CurveConfigurationQuotes (Quote,Seq,SeqSegment,CurveId) VALUES ('IR_SWAP/RATE/EUR/2D/3M/6Y',4,2,'EUR3M');
INSERT CurveConfigurationQuotes (Quote,Seq,SeqSegment,CurveId) VALUES ('IR_SWAP/RATE/EUR/2D/3M/7Y',5,2,'EUR3M');
INSERT CurveConfigurationQuotes (Quote,Seq,SeqSegment,CurveId) VALUES ('IR_SWAP/RATE/EUR/2D/3M/8Y',6,2,'EUR3M');
INSERT CurveConfigurationQuotes (Quote,Seq,SeqSegment,CurveId) VALUES ('IR_SWAP/RATE/EUR/2D/3M/9Y',7,2,'EUR3M');
INSERT CurveConfigurationQuotes (Quote,Seq,SeqSegment,CurveId) VALUES ('IR_SWAP/RATE/EUR/2D/3M/10Y',8,2,'EUR3M');
INSERT CurveConfigurationQuotes (Quote,Seq,SeqSegment,CurveId) VALUES ('IR_SWAP/RATE/EUR/2D/3M/12Y',9,2,'EUR3M');
INSERT CurveConfigurationQuotes (Quote,Seq,SeqSegment,CurveId) VALUES ('IR_SWAP/RATE/EUR/2D/3M/15Y',10,2,'EUR3M');
INSERT CurveConfigurationQuotes (Quote,Seq,SeqSegment,CurveId) VALUES ('IR_SWAP/RATE/EUR/2D/3M/20Y',11,2,'EUR3M');
INSERT CurveConfigurationQuotes (Quote,Seq,SeqSegment,CurveId) VALUES ('IR_SWAP/RATE/EUR/2D/3M/25Y',12,2,'EUR3M');
INSERT CurveConfigurationQuotes (Quote,Seq,SeqSegment,CurveId) VALUES ('IR_SWAP/RATE/EUR/2D/3M/40Y',13,2,'EUR3M');
INSERT CurveConfigurationQuotes (Quote,Seq,SeqSegment,CurveId) VALUES ('IR_SWAP/RATE/EUR/2D/3M/50Y',14,2,'EUR3M');
INSERT CurveConfigurationYieldCurves (CurveId,Currency,GroupingId) VALUES ('EUR1M','EUR','ExampleInput');
INSERT CurveConfigurationYieldCurveSegments (Type,Conventions,ProjectionCurve,SegmentsType,CurveId,Seq) VALUES ('Deposit','EUR-DEPOSIT','EUR1M','Simple','EUR1M',0);
INSERT CurveConfigurationQuotes (Quote,Seq,SeqSegment,CurveId) VALUES ('MM/RATE/EUR/0D/1D',0,0,'EUR1M');
INSERT CurveConfigurationQuotes (Quote,Seq,SeqSegment,CurveId) VALUES ('MM/RATE/EUR/2D/1W',1,0,'EUR1M');
INSERT CurveConfigurationQuotes (Quote,Seq,SeqSegment,CurveId) VALUES ('MM/RATE/EUR/2D/1M',2,0,'EUR1M');
INSERT CurveConfigurationYieldCurveSegments (Type,Conventions,ProjectionCurve,SegmentsType,CurveId,Seq) VALUES ('Swap','EUR-1M-SWAP-CONVENTIONS','EUR1M','Simple','EUR1M',1);
INSERT CurveConfigurationQuotes (Quote,Seq,SeqSegment,CurveId) VALUES ('IR_SWAP/RATE/EUR/2D/1M/2M',0,1,'EUR1M');
INSERT CurveConfigurationQuotes (Quote,Seq,SeqSegment,CurveId) VALUES ('IR_SWAP/RATE/EUR/2D/1M/3M',1,1,'EUR1M');
INSERT CurveConfigurationQuotes (Quote,Seq,SeqSegment,CurveId) VALUES ('IR_SWAP/RATE/EUR/2D/1M/4M',2,1,'EUR1M');
INSERT CurveConfigurationQuotes (Quote,Seq,SeqSegment,CurveId) VALUES ('IR_SWAP/RATE/EUR/2D/1M/5M',3,1,'EUR1M');
INSERT CurveConfigurationQuotes (Quote,Seq,SeqSegment,CurveId) VALUES ('IR_SWAP/RATE/EUR/2D/1M/6M',4,1,'EUR1M');
INSERT CurveConfigurationQuotes (Quote,Seq,SeqSegment,CurveId) VALUES ('IR_SWAP/RATE/EUR/2D/1M/7M',5,1,'EUR1M');
INSERT CurveConfigurationQuotes (Quote,Seq,SeqSegment,CurveId) VALUES ('IR_SWAP/RATE/EUR/2D/1M/8M',6,1,'EUR1M');
INSERT CurveConfigurationQuotes (Quote,Seq,SeqSegment,CurveId) VALUES ('IR_SWAP/RATE/EUR/2D/1M/9M',7,1,'EUR1M');
INSERT CurveConfigurationQuotes (Quote,Seq,SeqSegment,CurveId) VALUES ('IR_SWAP/RATE/EUR/2D/1M/10M',8,1,'EUR1M');
INSERT CurveConfigurationQuotes (Quote,Seq,SeqSegment,CurveId) VALUES ('IR_SWAP/RATE/EUR/2D/1M/11M',9,1,'EUR1M');
INSERT CurveConfigurationQuotes (Quote,Seq,SeqSegment,CurveId) VALUES ('IR_SWAP/RATE/EUR/2D/1M/1Y',10,1,'EUR1M');
INSERT CurveConfigurationQuotes (Quote,Seq,SeqSegment,CurveId) VALUES ('IR_SWAP/RATE/EUR/2D/1M/2Y',11,1,'EUR1M');
INSERT CurveConfigurationQuotes (Quote,Seq,SeqSegment,CurveId) VALUES ('IR_SWAP/RATE/EUR/2D/1M/3Y',12,1,'EUR1M');
INSERT CurveConfigurationQuotes (Quote,Seq,SeqSegment,CurveId) VALUES ('IR_SWAP/RATE/EUR/2D/1M/4Y',13,1,'EUR1M');
INSERT CurveConfigurationQuotes (Quote,Seq,SeqSegment,CurveId) VALUES ('IR_SWAP/RATE/EUR/2D/1M/5Y',14,1,'EUR1M');
INSERT CurveConfigurationQuotes (Quote,Seq,SeqSegment,CurveId) VALUES ('IR_SWAP/RATE/EUR/2D/1M/6Y',15,1,'EUR1M');
INSERT CurveConfigurationQuotes (Quote,Seq,SeqSegment,CurveId) VALUES ('IR_SWAP/RATE/EUR/2D/1M/7Y',16,1,'EUR1M');
INSERT CurveConfigurationQuotes (Quote,Seq,SeqSegment,CurveId) VALUES ('IR_SWAP/RATE/EUR/2D/1M/8Y',17,1,'EUR1M');
INSERT CurveConfigurationQuotes (Quote,Seq,SeqSegment,CurveId) VALUES ('IR_SWAP/RATE/EUR/2D/1M/9Y',18,1,'EUR1M');
INSERT CurveConfigurationQuotes (Quote,Seq,SeqSegment,CurveId) VALUES ('IR_SWAP/RATE/EUR/2D/1M/10Y',19,1,'EUR1M');
INSERT CurveConfigurationQuotes (Quote,Seq,SeqSegment,CurveId) VALUES ('IR_SWAP/RATE/EUR/2D/1M/12Y',20,1,'EUR1M');
INSERT CurveConfigurationQuotes (Quote,Seq,SeqSegment,CurveId) VALUES ('IR_SWAP/RATE/EUR/2D/1M/15Y',21,1,'EUR1M');
INSERT CurveConfigurationQuotes (Quote,Seq,SeqSegment,CurveId) VALUES ('IR_SWAP/RATE/EUR/2D/1M/20Y',22,1,'EUR1M');
INSERT CurveConfigurationQuotes (Quote,Seq,SeqSegment,CurveId) VALUES ('IR_SWAP/RATE/EUR/2D/1M/25Y',23,1,'EUR1M');
INSERT CurveConfigurationQuotes (Quote,Seq,SeqSegment,CurveId) VALUES ('IR_SWAP/RATE/EUR/2D/1M/30Y',24,1,'EUR1M');
INSERT CurveConfigurationYieldCurves (CurveId,CurveDescription,Currency,InterpolationVariable,InterpolationMethod,YieldCurveDayCounter,Tolerance,GroupingId) VALUES ('USD1D','USD discount curve bootstrapped from FED FUNDS swap rates','USD','Discount','LogLinear','A365',0.000000000001,'ExampleInput');
INSERT CurveConfigurationYieldCurveSegments (Type,Conventions,SegmentsType,CurveId,Seq) VALUES ('Deposit','USD-FED-FUNDS-CONVENTIONS','Simple','USD1D',0);
INSERT CurveConfigurationQuotes (Quote,Seq,SeqSegment,CurveId) VALUES ('MM/RATE/USD/0D/1D',0,0,'USD1D');
INSERT CurveConfigurationYieldCurveSegments (Type,Conventions,SegmentsType,CurveId,Seq) VALUES ('OIS','USD-OIS-CONVENTIONS','Simple','USD1D',1);
INSERT CurveConfigurationQuotes (Quote,Seq,SeqSegment,CurveId) VALUES ('IR_SWAP/RATE/USD/2D/1D/1M',0,1,'USD1D');
INSERT CurveConfigurationQuotes (Quote,Seq,SeqSegment,CurveId) VALUES ('IR_SWAP/RATE/USD/2D/1D/3M',1,1,'USD1D');
INSERT CurveConfigurationQuotes (Quote,Seq,SeqSegment,CurveId) VALUES ('IR_SWAP/RATE/USD/2D/1D/6M',2,1,'USD1D');
INSERT CurveConfigurationQuotes (Quote,Seq,SeqSegment,CurveId) VALUES ('IR_SWAP/RATE/USD/2D/1D/9M',3,1,'USD1D');
INSERT CurveConfigurationQuotes (Quote,Seq,SeqSegment,CurveId) VALUES ('IR_SWAP/RATE/USD/2D/1D/1Y',4,1,'USD1D');
INSERT CurveConfigurationQuotes (Quote,Seq,SeqSegment,CurveId) VALUES ('IR_SWAP/RATE/USD/2D/1D/1Y3M',5,1,'USD1D');
INSERT CurveConfigurationQuotes (Quote,Seq,SeqSegment,CurveId) VALUES ('IR_SWAP/RATE/USD/2D/1D/1Y6M',6,1,'USD1D');
INSERT CurveConfigurationQuotes (Quote,Seq,SeqSegment,CurveId) VALUES ('IR_SWAP/RATE/USD/2D/1D/1Y9M',7,1,'USD1D');
INSERT CurveConfigurationQuotes (Quote,Seq,SeqSegment,CurveId) VALUES ('IR_SWAP/RATE/USD/2D/1D/2Y',8,1,'USD1D');
INSERT CurveConfigurationQuotes (Quote,Seq,SeqSegment,CurveId) VALUES ('IR_SWAP/RATE/USD/2D/1D/3Y',9,1,'USD1D');
INSERT CurveConfigurationQuotes (Quote,Seq,SeqSegment,CurveId) VALUES ('IR_SWAP/RATE/USD/2D/1D/4Y',10,1,'USD1D');
INSERT CurveConfigurationQuotes (Quote,Seq,SeqSegment,CurveId) VALUES ('IR_SWAP/RATE/USD/2D/1D/5Y',11,1,'USD1D');
INSERT CurveConfigurationQuotes (Quote,Seq,SeqSegment,CurveId) VALUES ('IR_SWAP/RATE/USD/2D/1D/7Y',12,1,'USD1D');
INSERT CurveConfigurationQuotes (Quote,Seq,SeqSegment,CurveId) VALUES ('IR_SWAP/RATE/USD/2D/1D/10Y',13,1,'USD1D');
INSERT CurveConfigurationQuotes (Quote,Seq,SeqSegment,CurveId) VALUES ('IR_SWAP/RATE/USD/2D/1D/12Y',14,1,'USD1D');
INSERT CurveConfigurationQuotes (Quote,Seq,SeqSegment,CurveId) VALUES ('IR_SWAP/RATE/USD/2D/1D/15Y',15,1,'USD1D');
INSERT CurveConfigurationQuotes (Quote,Seq,SeqSegment,CurveId) VALUES ('IR_SWAP/RATE/USD/2D/1D/20Y',16,1,'USD1D');
INSERT CurveConfigurationQuotes (Quote,Seq,SeqSegment,CurveId) VALUES ('IR_SWAP/RATE/USD/2D/1D/25Y',17,1,'USD1D');
INSERT CurveConfigurationQuotes (Quote,Seq,SeqSegment,CurveId) VALUES ('IR_SWAP/RATE/USD/2D/1D/30Y',18,1,'USD1D');
INSERT CurveConfigurationYieldCurves (CurveId,Currency,GroupingId) VALUES ('USD3M','USD','ExampleInput');
INSERT CurveConfigurationYieldCurveSegments (Type,Conventions,ProjectionCurve,SegmentsType,CurveId,Seq) VALUES ('Deposit','USD-LIBOR-CONVENTIONS','USD3M','Simple','USD3M',0);
INSERT CurveConfigurationQuotes (Quote,Seq,SeqSegment,CurveId) VALUES ('MM/RATE/USD/0D/1D',0,0,'USD3M');
INSERT CurveConfigurationQuotes (Quote,Seq,SeqSegment,CurveId) VALUES ('MM/RATE/USD/2D/1W',1,0,'USD3M');
INSERT CurveConfigurationQuotes (Quote,Seq,SeqSegment,CurveId) VALUES ('MM/RATE/USD/2D/1M',2,0,'USD3M');
INSERT CurveConfigurationQuotes (Quote,Seq,SeqSegment,CurveId) VALUES ('MM/RATE/USD/2D/2M',3,0,'USD3M');
INSERT CurveConfigurationQuotes (Quote,Seq,SeqSegment,CurveId) VALUES ('MM/RATE/USD/2D/3M',4,0,'USD3M');
INSERT CurveConfigurationYieldCurveSegments (Type,Conventions,ProjectionCurve,SegmentsType,CurveId,Seq) VALUES ('FRA','USD-3M-FRA-CONVENTIONS','USD3M','Simple','USD3M',1);
INSERT CurveConfigurationQuotes (Quote,Seq,SeqSegment,CurveId) VALUES ('FRA/RATE/USD/3M/3M',0,1,'USD3M');
INSERT CurveConfigurationQuotes (Quote,Seq,SeqSegment,CurveId) VALUES ('FRA/RATE/USD/6M/3M',1,1,'USD3M');
INSERT CurveConfigurationQuotes (Quote,Seq,SeqSegment,CurveId) VALUES ('FRA/RATE/USD/9M/3M',2,1,'USD3M');
INSERT CurveConfigurationQuotes (Quote,Seq,SeqSegment,CurveId) VALUES ('FRA/RATE/USD/1Y/3M',3,1,'USD3M');
INSERT CurveConfigurationYieldCurveSegments (Type,Conventions,ProjectionCurve,SegmentsType,CurveId,Seq) VALUES ('Swap','USD-3M-SWAP-CONVENTIONS','USD3M','Simple','USD3M',2);
INSERT CurveConfigurationQuotes (Quote,Seq,SeqSegment,CurveId) VALUES ('IR_SWAP/RATE/USD/2D/3M/2Y',0,2,'USD3M');
INSERT CurveConfigurationQuotes (Quote,Seq,SeqSegment,CurveId) VALUES ('IR_SWAP/RATE/USD/2D/3M/3Y',1,2,'USD3M');
INSERT CurveConfigurationQuotes (Quote,Seq,SeqSegment,CurveId) VALUES ('IR_SWAP/RATE/USD/2D/3M/4Y',2,2,'USD3M');
INSERT CurveConfigurationQuotes (Quote,Seq,SeqSegment,CurveId) VALUES ('IR_SWAP/RATE/USD/2D/3M/5Y',3,2,'USD3M');
INSERT CurveConfigurationQuotes (Quote,Seq,SeqSegment,CurveId) VALUES ('IR_SWAP/RATE/USD/2D/3M/6Y',4,2,'USD3M');
INSERT CurveConfigurationQuotes (Quote,Seq,SeqSegment,CurveId) VALUES ('IR_SWAP/RATE/USD/2D/3M/7Y',5,2,'USD3M');
INSERT CurveConfigurationQuotes (Quote,Seq,SeqSegment,CurveId) VALUES ('IR_SWAP/RATE/USD/2D/3M/8Y',6,2,'USD3M');
INSERT CurveConfigurationQuotes (Quote,Seq,SeqSegment,CurveId) VALUES ('IR_SWAP/RATE/USD/2D/3M/9Y',7,2,'USD3M');
INSERT CurveConfigurationQuotes (Quote,Seq,SeqSegment,CurveId) VALUES ('IR_SWAP/RATE/USD/2D/3M/10Y',8,2,'USD3M');
INSERT CurveConfigurationQuotes (Quote,Seq,SeqSegment,CurveId) VALUES ('IR_SWAP/RATE/USD/2D/3M/12Y',9,2,'USD3M');
INSERT CurveConfigurationQuotes (Quote,Seq,SeqSegment,CurveId) VALUES ('IR_SWAP/RATE/USD/2D/3M/15Y',10,2,'USD3M');
INSERT CurveConfigurationQuotes (Quote,Seq,SeqSegment,CurveId) VALUES ('IR_SWAP/RATE/USD/2D/3M/20Y',11,2,'USD3M');
INSERT CurveConfigurationQuotes (Quote,Seq,SeqSegment,CurveId) VALUES ('IR_SWAP/RATE/USD/2D/3M/25Y',12,2,'USD3M');
INSERT CurveConfigurationQuotes (Quote,Seq,SeqSegment,CurveId) VALUES ('IR_SWAP/RATE/USD/2D/3M/30Y',13,2,'USD3M');
INSERT CurveConfigurationYieldCurves (CurveId,Currency,GroupingId) VALUES ('USD6M','USD','ExampleInput');
INSERT CurveConfigurationYieldCurveSegments (Type,Conventions,ProjectionCurve,SegmentsType,CurveId,Seq) VALUES ('Deposit','USD-LIBOR-CONVENTIONS','USD6M','Simple','USD6M',0);
INSERT CurveConfigurationQuotes (Quote,Seq,SeqSegment,CurveId) VALUES ('MM/RATE/USD/0D/1D',0,0,'USD6M');
INSERT CurveConfigurationQuotes (Quote,Seq,SeqSegment,CurveId) VALUES ('MM/RATE/USD/2D/1W',1,0,'USD6M');
INSERT CurveConfigurationQuotes (Quote,Seq,SeqSegment,CurveId) VALUES ('MM/RATE/USD/2D/1M',2,0,'USD6M');
INSERT CurveConfigurationQuotes (Quote,Seq,SeqSegment,CurveId) VALUES ('MM/RATE/USD/2D/2M',3,0,'USD6M');
INSERT CurveConfigurationQuotes (Quote,Seq,SeqSegment,CurveId) VALUES ('MM/RATE/USD/2D/3M',4,0,'USD6M');
INSERT CurveConfigurationQuotes (Quote,Seq,SeqSegment,CurveId) VALUES ('MM/RATE/USD/2D/6M',5,0,'USD6M');
INSERT CurveConfigurationYieldCurveSegments (Type,Conventions,ProjectionCurve,SegmentsType,CurveId,Seq) VALUES ('FRA','USD-6M-FRA-CONVENTIONS','USD6M','Simple','USD6M',1);
INSERT CurveConfigurationQuotes (Quote,Seq,SeqSegment,CurveId) VALUES ('FRA/RATE/USD/6M/6M',0,1,'USD6M');
INSERT CurveConfigurationQuotes (Quote,Seq,SeqSegment,CurveId) VALUES ('FRA/RATE/USD/1Y/6M',1,1,'USD6M');
INSERT CurveConfigurationYieldCurveSegments (Type,Conventions,ProjectionCurveLong,ProjectionCurveShort,SegmentsType,CurveId,Seq) VALUES ('Tenor Basis Swap','USD-LIBOR-3M-6M-BASIS-CONVENTIONS','USD6M','USD3M','TenorBasis','USD6M',2);
INSERT CurveConfigurationQuotes (Quote,Seq,SeqSegment,CurveId) VALUES ('BASIS_SWAP/BASIS_SPREAD/3M/6M/USD/2Y',0,2,'USD6M');
INSERT CurveConfigurationQuotes (Quote,Seq,SeqSegment,CurveId) VALUES ('BASIS_SWAP/BASIS_SPREAD/3M/6M/USD/3Y',1,2,'USD6M');
INSERT CurveConfigurationQuotes (Quote,Seq,SeqSegment,CurveId) VALUES ('BASIS_SWAP/BASIS_SPREAD/3M/6M/USD/4Y',2,2,'USD6M');
INSERT CurveConfigurationQuotes (Quote,Seq,SeqSegment,CurveId) VALUES ('BASIS_SWAP/BASIS_SPREAD/3M/6M/USD/5Y',3,2,'USD6M');
INSERT CurveConfigurationQuotes (Quote,Seq,SeqSegment,CurveId) VALUES ('BASIS_SWAP/BASIS_SPREAD/3M/6M/USD/6Y',4,2,'USD6M');
INSERT CurveConfigurationQuotes (Quote,Seq,SeqSegment,CurveId) VALUES ('BASIS_SWAP/BASIS_SPREAD/3M/6M/USD/7Y',5,2,'USD6M');
INSERT CurveConfigurationQuotes (Quote,Seq,SeqSegment,CurveId) VALUES ('BASIS_SWAP/BASIS_SPREAD/3M/6M/USD/8Y',6,2,'USD6M');
INSERT CurveConfigurationQuotes (Quote,Seq,SeqSegment,CurveId) VALUES ('BASIS_SWAP/BASIS_SPREAD/3M/6M/USD/9Y',7,2,'USD6M');
INSERT CurveConfigurationQuotes (Quote,Seq,SeqSegment,CurveId) VALUES ('BASIS_SWAP/BASIS_SPREAD/3M/6M/USD/10Y',8,2,'USD6M');
INSERT CurveConfigurationQuotes (Quote,Seq,SeqSegment,CurveId) VALUES ('BASIS_SWAP/BASIS_SPREAD/3M/6M/USD/12Y',9,2,'USD6M');
INSERT CurveConfigurationQuotes (Quote,Seq,SeqSegment,CurveId) VALUES ('BASIS_SWAP/BASIS_SPREAD/3M/6M/USD/15Y',10,2,'USD6M');
INSERT CurveConfigurationQuotes (Quote,Seq,SeqSegment,CurveId) VALUES ('BASIS_SWAP/BASIS_SPREAD/3M/6M/USD/20Y',11,2,'USD6M');
INSERT CurveConfigurationQuotes (Quote,Seq,SeqSegment,CurveId) VALUES ('BASIS_SWAP/BASIS_SPREAD/3M/6M/USD/25Y',12,2,'USD6M');
INSERT CurveConfigurationQuotes (Quote,Seq,SeqSegment,CurveId) VALUES ('BASIS_SWAP/BASIS_SPREAD/3M/6M/USD/30Y',13,2,'USD6M');
INSERT CurveConfigurationYieldCurves (CurveId,Currency,GroupingId) VALUES ('GBP1D','GBP','ExampleInput');
INSERT CurveConfigurationYieldCurveSegments (Type,Conventions,ProjectionCurve,SegmentsType,CurveId,Seq) VALUES ('OIS','GBP-OIS-CONVENTIONS','GBP1D','Simple','GBP1D',0);
INSERT CurveConfigurationQuotes (Quote,Seq,SeqSegment,CurveId) VALUES ('IR_SWAP/RATE/GBP/0D/1D/1W',0,0,'GBP1D');
INSERT CurveConfigurationQuotes (Quote,Seq,SeqSegment,CurveId) VALUES ('IR_SWAP/RATE/GBP/0D/1D/2W',1,0,'GBP1D');
INSERT CurveConfigurationQuotes (Quote,Seq,SeqSegment,CurveId) VALUES ('IR_SWAP/RATE/GBP/0D/1D/1M',2,0,'GBP1D');
INSERT CurveConfigurationQuotes (Quote,Seq,SeqSegment,CurveId) VALUES ('IR_SWAP/RATE/GBP/0D/1D/2M',3,0,'GBP1D');
INSERT CurveConfigurationQuotes (Quote,Seq,SeqSegment,CurveId) VALUES ('IR_SWAP/RATE/GBP/0D/1D/3M',4,0,'GBP1D');
INSERT CurveConfigurationQuotes (Quote,Seq,SeqSegment,CurveId) VALUES ('IR_SWAP/RATE/GBP/0D/1D/4M',5,0,'GBP1D');
INSERT CurveConfigurationQuotes (Quote,Seq,SeqSegment,CurveId) VALUES ('IR_SWAP/RATE/GBP/0D/1D/5M',6,0,'GBP1D');
INSERT CurveConfigurationQuotes (Quote,Seq,SeqSegment,CurveId) VALUES ('IR_SWAP/RATE/GBP/0D/1D/6M',7,0,'GBP1D');
INSERT CurveConfigurationQuotes (Quote,Seq,SeqSegment,CurveId) VALUES ('IR_SWAP/RATE/GBP/0D/1D/7M',8,0,'GBP1D');
INSERT CurveConfigurationQuotes (Quote,Seq,SeqSegment,CurveId) VALUES ('IR_SWAP/RATE/GBP/0D/1D/8M',9,0,'GBP1D');
INSERT CurveConfigurationQuotes (Quote,Seq,SeqSegment,CurveId) VALUES ('IR_SWAP/RATE/GBP/0D/1D/9M',10,0,'GBP1D');
INSERT CurveConfigurationQuotes (Quote,Seq,SeqSegment,CurveId) VALUES ('IR_SWAP/RATE/GBP/0D/1D/10M',11,0,'GBP1D');
INSERT CurveConfigurationQuotes (Quote,Seq,SeqSegment,CurveId) VALUES ('IR_SWAP/RATE/GBP/0D/1D/11M',12,0,'GBP1D');
INSERT CurveConfigurationQuotes (Quote,Seq,SeqSegment,CurveId) VALUES ('IR_SWAP/RATE/GBP/0D/1D/12M',13,0,'GBP1D');
INSERT CurveConfigurationQuotes (Quote,Seq,SeqSegment,CurveId) VALUES ('IR_SWAP/RATE/GBP/0D/1D/2Y',14,0,'GBP1D');
INSERT CurveConfigurationQuotes (Quote,Seq,SeqSegment,CurveId) VALUES ('IR_SWAP/RATE/GBP/0D/1D/3Y',15,0,'GBP1D');
INSERT CurveConfigurationQuotes (Quote,Seq,SeqSegment,CurveId) VALUES ('IR_SWAP/RATE/GBP/0D/1D/4Y',16,0,'GBP1D');
INSERT CurveConfigurationQuotes (Quote,Seq,SeqSegment,CurveId) VALUES ('IR_SWAP/RATE/GBP/0D/1D/5Y',17,0,'GBP1D');
INSERT CurveConfigurationQuotes (Quote,Seq,SeqSegment,CurveId) VALUES ('IR_SWAP/RATE/GBP/0D/1D/6Y',18,0,'GBP1D');
INSERT CurveConfigurationQuotes (Quote,Seq,SeqSegment,CurveId) VALUES ('IR_SWAP/RATE/GBP/0D/1D/7Y',19,0,'GBP1D');
INSERT CurveConfigurationQuotes (Quote,Seq,SeqSegment,CurveId) VALUES ('IR_SWAP/RATE/GBP/0D/1D/8Y',20,0,'GBP1D');
INSERT CurveConfigurationQuotes (Quote,Seq,SeqSegment,CurveId) VALUES ('IR_SWAP/RATE/GBP/0D/1D/9Y',21,0,'GBP1D');
INSERT CurveConfigurationQuotes (Quote,Seq,SeqSegment,CurveId) VALUES ('IR_SWAP/RATE/GBP/0D/1D/10Y',22,0,'GBP1D');
INSERT CurveConfigurationQuotes (Quote,Seq,SeqSegment,CurveId) VALUES ('IR_SWAP/RATE/GBP/0D/1D/15Y',23,0,'GBP1D');
INSERT CurveConfigurationQuotes (Quote,Seq,SeqSegment,CurveId) VALUES ('IR_SWAP/RATE/GBP/0D/1D/20Y',24,0,'GBP1D');
INSERT CurveConfigurationQuotes (Quote,Seq,SeqSegment,CurveId) VALUES ('IR_SWAP/RATE/GBP/0D/1D/25Y',25,0,'GBP1D');
INSERT CurveConfigurationQuotes (Quote,Seq,SeqSegment,CurveId) VALUES ('IR_SWAP/RATE/GBP/0D/1D/30Y',26,0,'GBP1D');
INSERT CurveConfigurationQuotes (Quote,Seq,SeqSegment,CurveId) VALUES ('IR_SWAP/RATE/GBP/0D/1D/40Y',27,0,'GBP1D');
INSERT CurveConfigurationQuotes (Quote,Seq,SeqSegment,CurveId) VALUES ('IR_SWAP/RATE/GBP/0D/1D/50Y',28,0,'GBP1D');
INSERT CurveConfigurationYieldCurves (CurveId,Currency,GroupingId) VALUES ('GBP6M','GBP','ExampleInput');
INSERT CurveConfigurationYieldCurveSegments (Type,Conventions,ProjectionCurve,SegmentsType,CurveId,Seq) VALUES ('Deposit','GBP-DEPOSIT','GBP6M','Simple','GBP6M',0);
INSERT CurveConfigurationQuotes (Quote,Seq,SeqSegment,CurveId) VALUES ('MM/RATE/GBP/0D/1W',0,0,'GBP6M');
INSERT CurveConfigurationQuotes (Quote,Seq,SeqSegment,CurveId) VALUES ('MM/RATE/GBP/0D/1M',1,0,'GBP6M');
INSERT CurveConfigurationQuotes (Quote,Seq,SeqSegment,CurveId) VALUES ('MM/RATE/GBP/0D/2M',2,0,'GBP6M');
INSERT CurveConfigurationQuotes (Quote,Seq,SeqSegment,CurveId) VALUES ('MM/RATE/GBP/0D/3M',3,0,'GBP6M');
INSERT CurveConfigurationQuotes (Quote,Seq,SeqSegment,CurveId) VALUES ('MM/RATE/GBP/0D/6M',4,0,'GBP6M');
INSERT CurveConfigurationYieldCurveSegments (Type,Conventions,ProjectionCurve,SegmentsType,CurveId,Seq) VALUES ('FRA','GBP-6M-FRA','GBP6M','Simple','GBP6M',1);
INSERT CurveConfigurationQuotes (Quote,Seq,SeqSegment,CurveId) VALUES ('FRA/RATE/GBP/1M/6M',0,1,'GBP6M');
INSERT CurveConfigurationQuotes (Quote,Seq,SeqSegment,CurveId) VALUES ('FRA/RATE/GBP/2M/6M',1,1,'GBP6M');
INSERT CurveConfigurationQuotes (Quote,Seq,SeqSegment,CurveId) VALUES ('FRA/RATE/GBP/3M/6M',2,1,'GBP6M');
INSERT CurveConfigurationQuotes (Quote,Seq,SeqSegment,CurveId) VALUES ('FRA/RATE/GBP/4M/6M',3,1,'GBP6M');
INSERT CurveConfigurationQuotes (Quote,Seq,SeqSegment,CurveId) VALUES ('FRA/RATE/GBP/5M/6M',4,1,'GBP6M');
INSERT CurveConfigurationQuotes (Quote,Seq,SeqSegment,CurveId) VALUES ('FRA/RATE/GBP/6M/6M',5,1,'GBP6M');
INSERT CurveConfigurationQuotes (Quote,Seq,SeqSegment,CurveId) VALUES ('FRA/RATE/GBP/1Y/6M',6,1,'GBP6M');
INSERT CurveConfigurationYieldCurveSegments (Type,Conventions,ProjectionCurve,SegmentsType,CurveId,Seq) VALUES ('Swap','GBP-6M-SWAP-CONVENTIONS','GBP6M','Simple','GBP6M',2);
INSERT CurveConfigurationQuotes (Quote,Seq,SeqSegment,CurveId) VALUES ('IR_SWAP/RATE/GBP/0D/6M/2Y',0,2,'GBP6M');
INSERT CurveConfigurationQuotes (Quote,Seq,SeqSegment,CurveId) VALUES ('IR_SWAP/RATE/GBP/0D/6M/3Y',1,2,'GBP6M');
INSERT CurveConfigurationQuotes (Quote,Seq,SeqSegment,CurveId) VALUES ('IR_SWAP/RATE/GBP/0D/6M/4Y',2,2,'GBP6M');
INSERT CurveConfigurationQuotes (Quote,Seq,SeqSegment,CurveId) VALUES ('IR_SWAP/RATE/GBP/0D/6M/5Y',3,2,'GBP6M');
INSERT CurveConfigurationQuotes (Quote,Seq,SeqSegment,CurveId) VALUES ('IR_SWAP/RATE/GBP/0D/6M/6Y',4,2,'GBP6M');
INSERT CurveConfigurationQuotes (Quote,Seq,SeqSegment,CurveId) VALUES ('IR_SWAP/RATE/GBP/0D/6M/7Y',5,2,'GBP6M');
INSERT CurveConfigurationQuotes (Quote,Seq,SeqSegment,CurveId) VALUES ('IR_SWAP/RATE/GBP/0D/6M/8Y',6,2,'GBP6M');
INSERT CurveConfigurationQuotes (Quote,Seq,SeqSegment,CurveId) VALUES ('IR_SWAP/RATE/GBP/0D/6M/9Y',7,2,'GBP6M');
INSERT CurveConfigurationQuotes (Quote,Seq,SeqSegment,CurveId) VALUES ('IR_SWAP/RATE/GBP/0D/6M/10Y',8,2,'GBP6M');
INSERT CurveConfigurationQuotes (Quote,Seq,SeqSegment,CurveId) VALUES ('IR_SWAP/RATE/GBP/0D/6M/12Y',9,2,'GBP6M');
INSERT CurveConfigurationQuotes (Quote,Seq,SeqSegment,CurveId) VALUES ('IR_SWAP/RATE/GBP/0D/6M/15Y',10,2,'GBP6M');
INSERT CurveConfigurationQuotes (Quote,Seq,SeqSegment,CurveId) VALUES ('IR_SWAP/RATE/GBP/0D/6M/20Y',11,2,'GBP6M');
INSERT CurveConfigurationQuotes (Quote,Seq,SeqSegment,CurveId) VALUES ('IR_SWAP/RATE/GBP/0D/6M/25Y',12,2,'GBP6M');
INSERT CurveConfigurationQuotes (Quote,Seq,SeqSegment,CurveId) VALUES ('IR_SWAP/RATE/GBP/0D/6M/30Y',13,2,'GBP6M');
INSERT CurveConfigurationYieldCurves (CurveId,Currency,GroupingId) VALUES ('GBP3M','GBP','ExampleInput');
INSERT CurveConfigurationYieldCurveSegments (Type,Conventions,ProjectionCurve,SegmentsType,CurveId,Seq) VALUES ('Deposit','GBP-DEPOSIT','GBP3M','Simple','GBP3M',0);
INSERT CurveConfigurationQuotes (Quote,Seq,SeqSegment,CurveId) VALUES ('MM/RATE/GBP/0D/1W',0,0,'GBP3M');
INSERT CurveConfigurationQuotes (Quote,Seq,SeqSegment,CurveId) VALUES ('MM/RATE/GBP/0D/1M',1,0,'GBP3M');
INSERT CurveConfigurationQuotes (Quote,Seq,SeqSegment,CurveId) VALUES ('MM/RATE/GBP/0D/2M',2,0,'GBP3M');
INSERT CurveConfigurationQuotes (Quote,Seq,SeqSegment,CurveId) VALUES ('MM/RATE/GBP/0D/3M',3,0,'GBP3M');
INSERT CurveConfigurationYieldCurveSegments (Type,Conventions,ProjectionCurveLong,SegmentsType,CurveId,Seq) VALUES ('Tenor Basis Swap','GBP-LIBOR-3M-6M-BASIS-CONVENTIONS','GBP6M','TenorBasis','GBP3M',1);
INSERT CurveConfigurationQuotes (Quote,Seq,SeqSegment,CurveId) VALUES ('BASIS_SWAP/BASIS_SPREAD/6M/3M/GBP/1Y',0,1,'GBP3M');
INSERT CurveConfigurationQuotes (Quote,Seq,SeqSegment,CurveId) VALUES ('BASIS_SWAP/BASIS_SPREAD/6M/3M/GBP/2Y',1,1,'GBP3M');
INSERT CurveConfigurationQuotes (Quote,Seq,SeqSegment,CurveId) VALUES ('BASIS_SWAP/BASIS_SPREAD/6M/3M/GBP/3Y',2,1,'GBP3M');
INSERT CurveConfigurationQuotes (Quote,Seq,SeqSegment,CurveId) VALUES ('BASIS_SWAP/BASIS_SPREAD/6M/3M/GBP/4Y',3,1,'GBP3M');
INSERT CurveConfigurationQuotes (Quote,Seq,SeqSegment,CurveId) VALUES ('BASIS_SWAP/BASIS_SPREAD/6M/3M/GBP/5Y',4,1,'GBP3M');
INSERT CurveConfigurationQuotes (Quote,Seq,SeqSegment,CurveId) VALUES ('BASIS_SWAP/BASIS_SPREAD/6M/3M/GBP/7Y',5,1,'GBP3M');
INSERT CurveConfigurationQuotes (Quote,Seq,SeqSegment,CurveId) VALUES ('BASIS_SWAP/BASIS_SPREAD/6M/3M/GBP/10Y',6,1,'GBP3M');
INSERT CurveConfigurationQuotes (Quote,Seq,SeqSegment,CurveId) VALUES ('BASIS_SWAP/BASIS_SPREAD/6M/3M/GBP/12Y',7,1,'GBP3M');
INSERT CurveConfigurationQuotes (Quote,Seq,SeqSegment,CurveId) VALUES ('BASIS_SWAP/BASIS_SPREAD/6M/3M/GBP/15Y',8,1,'GBP3M');
INSERT CurveConfigurationQuotes (Quote,Seq,SeqSegment,CurveId) VALUES ('BASIS_SWAP/BASIS_SPREAD/6M/3M/GBP/20Y',9,1,'GBP3M');
INSERT CurveConfigurationQuotes (Quote,Seq,SeqSegment,CurveId) VALUES ('BASIS_SWAP/BASIS_SPREAD/6M/3M/GBP/30Y',10,1,'GBP3M');
INSERT CurveConfigurationQuotes (Quote,Seq,SeqSegment,CurveId) VALUES ('BASIS_SWAP/BASIS_SPREAD/6M/3M/GBP/40Y',11,1,'GBP3M');
INSERT CurveConfigurationQuotes (Quote,Seq,SeqSegment,CurveId) VALUES ('BASIS_SWAP/BASIS_SPREAD/6M/3M/GBP/50Y',12,1,'GBP3M');
INSERT CurveConfigurationQuotes (Quote,Seq,SeqSegment,CurveId) VALUES ('BASIS_SWAP/BASIS_SPREAD/6M/3M/GBP/60Y',13,1,'GBP3M');
INSERT CurveConfigurationQuotes (Quote,Seq,SeqSegment,CurveId) VALUES ('BASIS_SWAP/BASIS_SPREAD/6M/3M/GBP/70Y',14,1,'GBP3M');
INSERT CurveConfigurationYieldCurves (CurveId,Currency,GroupingId) VALUES ('SEK6M','SEK','ExampleInput');
INSERT CurveConfigurationYieldCurveSegments (Type,Conventions,ProjectionCurve,SegmentsType,CurveId,Seq) VALUES ('Deposit','SEK-STIBOR-CONVENTIONS','SEK6M','Simple','SEK6M',0);
INSERT CurveConfigurationQuotes (Quote,Seq,SeqSegment,CurveId) VALUES ('MM/RATE/SEK/0D/1D',0,0,'SEK6M');
INSERT CurveConfigurationQuotes (Quote,Seq,SeqSegment,CurveId) VALUES ('MM/RATE/SEK/0D/2D',1,0,'SEK6M');
INSERT CurveConfigurationQuotes (Quote,Seq,SeqSegment,CurveId) VALUES ('MM/RATE/SEK/2D/1W',2,0,'SEK6M');
INSERT CurveConfigurationQuotes (Quote,Seq,SeqSegment,CurveId) VALUES ('MM/RATE/SEK/2D/1M',3,0,'SEK6M');
INSERT CurveConfigurationQuotes (Quote,Seq,SeqSegment,CurveId) VALUES ('MM/RATE/SEK/2D/2M',4,0,'SEK6M');
INSERT CurveConfigurationQuotes (Quote,Seq,SeqSegment,CurveId) VALUES ('MM/RATE/SEK/2D/3M',5,0,'SEK6M');
INSERT CurveConfigurationQuotes (Quote,Seq,SeqSegment,CurveId) VALUES ('MM/RATE/SEK/2D/6M',6,0,'SEK6M');
INSERT CurveConfigurationYieldCurveSegments (Type,Conventions,ProjectionCurve,SegmentsType,CurveId,Seq) VALUES ('Swap','SEK-6M-SWAP-CONVENTIONS','SEK6M','Simple','SEK6M',1);
INSERT CurveConfigurationQuotes (Quote,Seq,SeqSegment,CurveId) VALUES ('IR_SWAP/RATE/SEK/2D/6M/2Y',0,1,'SEK6M');
INSERT CurveConfigurationQuotes (Quote,Seq,SeqSegment,CurveId) VALUES ('IR_SWAP/RATE/SEK/2D/6M/3Y',1,1,'SEK6M');
INSERT CurveConfigurationQuotes (Quote,Seq,SeqSegment,CurveId) VALUES ('IR_SWAP/RATE/SEK/2D/6M/4Y',2,1,'SEK6M');
INSERT CurveConfigurationQuotes (Quote,Seq,SeqSegment,CurveId) VALUES ('IR_SWAP/RATE/SEK/2D/6M/5Y',3,1,'SEK6M');
INSERT CurveConfigurationQuotes (Quote,Seq,SeqSegment,CurveId) VALUES ('IR_SWAP/RATE/SEK/2D/6M/6Y',4,1,'SEK6M');
INSERT CurveConfigurationQuotes (Quote,Seq,SeqSegment,CurveId) VALUES ('IR_SWAP/RATE/SEK/2D/6M/7Y',5,1,'SEK6M');
INSERT CurveConfigurationQuotes (Quote,Seq,SeqSegment,CurveId) VALUES ('IR_SWAP/RATE/SEK/2D/6M/8Y',6,1,'SEK6M');
INSERT CurveConfigurationQuotes (Quote,Seq,SeqSegment,CurveId) VALUES ('IR_SWAP/RATE/SEK/2D/6M/9Y',7,1,'SEK6M');
INSERT CurveConfigurationQuotes (Quote,Seq,SeqSegment,CurveId) VALUES ('IR_SWAP/RATE/SEK/2D/6M/10Y',8,1,'SEK6M');
INSERT CurveConfigurationQuotes (Quote,Seq,SeqSegment,CurveId) VALUES ('IR_SWAP/RATE/SEK/2D/6M/12Y',9,1,'SEK6M');
INSERT CurveConfigurationQuotes (Quote,Seq,SeqSegment,CurveId) VALUES ('IR_SWAP/RATE/SEK/2D/6M/15Y',10,1,'SEK6M');
INSERT CurveConfigurationQuotes (Quote,Seq,SeqSegment,CurveId) VALUES ('IR_SWAP/RATE/SEK/2D/6M/20Y',11,1,'SEK6M');
INSERT CurveConfigurationQuotes (Quote,Seq,SeqSegment,CurveId) VALUES ('IR_SWAP/RATE/SEK/2D/6M/25Y',12,1,'SEK6M');
INSERT CurveConfigurationQuotes (Quote,Seq,SeqSegment,CurveId) VALUES ('IR_SWAP/RATE/SEK/2D/6M/30Y',13,1,'SEK6M');
INSERT CurveConfigurationYieldCurves (CurveId,CurveDescription,Currency,InterpolationVariable,InterpolationMethod,YieldCurveDayCounter,Tolerance,GroupingId) VALUES ('JPY1D','JPY discount curve bootstrapped from MUTAN swap rates','JPY','Discount','LogLinear','A365',0.000000000001,'ExampleInput');
INSERT CurveConfigurationYieldCurveSegments (Type,Conventions,SegmentsType,CurveId,Seq) VALUES ('Deposit','JPY-LIBOR-CONVENTIONS','Simple','JPY1D',0);
INSERT CurveConfigurationQuotes (Quote,Seq,SeqSegment,CurveId) VALUES ('MM/RATE/JPY/0D/2D',0,0,'JPY1D');
INSERT CurveConfigurationYieldCurveSegments (Type,Conventions,SegmentsType,CurveId,Seq) VALUES ('OIS','JPY-OIS-CONVENTIONS','Simple','JPY1D',1);
INSERT CurveConfigurationQuotes (Quote,Seq,SeqSegment,CurveId) VALUES ('IR_SWAP/RATE/JPY/2D/1D/1M',0,1,'JPY1D');
INSERT CurveConfigurationQuotes (Quote,Seq,SeqSegment,CurveId) VALUES ('IR_SWAP/RATE/JPY/2D/1D/2M',1,1,'JPY1D');
INSERT CurveConfigurationQuotes (Quote,Seq,SeqSegment,CurveId) VALUES ('IR_SWAP/RATE/JPY/2D/1D/3M',2,1,'JPY1D');
INSERT CurveConfigurationQuotes (Quote,Seq,SeqSegment,CurveId) VALUES ('IR_SWAP/RATE/JPY/2D/1D/4M',3,1,'JPY1D');
INSERT CurveConfigurationQuotes (Quote,Seq,SeqSegment,CurveId) VALUES ('IR_SWAP/RATE/JPY/2D/1D/5M',4,1,'JPY1D');
INSERT CurveConfigurationQuotes (Quote,Seq,SeqSegment,CurveId) VALUES ('IR_SWAP/RATE/JPY/2D/1D/6M',5,1,'JPY1D');
INSERT CurveConfigurationQuotes (Quote,Seq,SeqSegment,CurveId) VALUES ('IR_SWAP/RATE/JPY/2D/1D/9M',6,1,'JPY1D');
INSERT CurveConfigurationQuotes (Quote,Seq,SeqSegment,CurveId) VALUES ('IR_SWAP/RATE/JPY/2D/1D/1Y',7,1,'JPY1D');
INSERT CurveConfigurationQuotes (Quote,Seq,SeqSegment,CurveId) VALUES ('IR_SWAP/RATE/JPY/2D/1D/1Y6M',8,1,'JPY1D');
INSERT CurveConfigurationQuotes (Quote,Seq,SeqSegment,CurveId) VALUES ('IR_SWAP/RATE/JPY/2D/1D/2Y',9,1,'JPY1D');
INSERT CurveConfigurationQuotes (Quote,Seq,SeqSegment,CurveId) VALUES ('IR_SWAP/RATE/JPY/2D/1D/3Y',10,1,'JPY1D');
INSERT CurveConfigurationQuotes (Quote,Seq,SeqSegment,CurveId) VALUES ('IR_SWAP/RATE/JPY/2D/1D/4Y',11,1,'JPY1D');
INSERT CurveConfigurationQuotes (Quote,Seq,SeqSegment,CurveId) VALUES ('IR_SWAP/RATE/JPY/2D/1D/5Y',12,1,'JPY1D');
INSERT CurveConfigurationQuotes (Quote,Seq,SeqSegment,CurveId) VALUES ('IR_SWAP/RATE/JPY/2D/1D/7Y',13,1,'JPY1D');
INSERT CurveConfigurationQuotes (Quote,Seq,SeqSegment,CurveId) VALUES ('IR_SWAP/RATE/JPY/2D/1D/10Y',14,1,'JPY1D');
INSERT CurveConfigurationQuotes (Quote,Seq,SeqSegment,CurveId) VALUES ('IR_SWAP/RATE/JPY/2D/1D/12Y',15,1,'JPY1D');
INSERT CurveConfigurationQuotes (Quote,Seq,SeqSegment,CurveId) VALUES ('IR_SWAP/RATE/JPY/2D/1D/15Y',16,1,'JPY1D');
INSERT CurveConfigurationQuotes (Quote,Seq,SeqSegment,CurveId) VALUES ('IR_SWAP/RATE/JPY/2D/1D/20Y',17,1,'JPY1D');
INSERT CurveConfigurationQuotes (Quote,Seq,SeqSegment,CurveId) VALUES ('IR_SWAP/RATE/JPY/2D/1D/25Y',18,1,'JPY1D');
INSERT CurveConfigurationQuotes (Quote,Seq,SeqSegment,CurveId) VALUES ('IR_SWAP/RATE/JPY/2D/1D/30Y',19,1,'JPY1D');
INSERT CurveConfigurationYieldCurves (CurveId,Currency,GroupingId) VALUES ('JPY6M','JPY','ExampleInput');
INSERT CurveConfigurationYieldCurveSegments (Type,Conventions,ProjectionCurve,SegmentsType,CurveId,Seq) VALUES ('Deposit','JPY-LIBOR-CONVENTIONS','JPY6M','Simple','JPY6M',0);
INSERT CurveConfigurationQuotes (Quote,Seq,SeqSegment,CurveId) VALUES ('MM/RATE/JPY/2D/1W',0,0,'JPY6M');
INSERT CurveConfigurationQuotes (Quote,Seq,SeqSegment,CurveId) VALUES ('MM/RATE/JPY/2D/1M',1,0,'JPY6M');
INSERT CurveConfigurationQuotes (Quote,Seq,SeqSegment,CurveId) VALUES ('MM/RATE/JPY/2D/2M',2,0,'JPY6M');
INSERT CurveConfigurationQuotes (Quote,Seq,SeqSegment,CurveId) VALUES ('MM/RATE/JPY/2D/3M',3,0,'JPY6M');
INSERT CurveConfigurationYieldCurveSegments (Type,Conventions,ProjectionCurve,SegmentsType,CurveId,Seq) VALUES ('Swap','JPY-LIBOR-6M-SWAP-CONVENTIONS','JPY6M','Simple','JPY6M',1);
INSERT CurveConfigurationQuotes (Quote,Seq,SeqSegment,CurveId) VALUES ('IR_SWAP/RATE/JPY/2D/6M/2Y',0,1,'JPY6M');
INSERT CurveConfigurationQuotes (Quote,Seq,SeqSegment,CurveId) VALUES ('IR_SWAP/RATE/JPY/2D/6M/3Y',1,1,'JPY6M');
INSERT CurveConfigurationQuotes (Quote,Seq,SeqSegment,CurveId) VALUES ('IR_SWAP/RATE/JPY/2D/6M/4Y',2,1,'JPY6M');
INSERT CurveConfigurationQuotes (Quote,Seq,SeqSegment,CurveId) VALUES ('IR_SWAP/RATE/JPY/2D/6M/5Y',3,1,'JPY6M');
INSERT CurveConfigurationQuotes (Quote,Seq,SeqSegment,CurveId) VALUES ('IR_SWAP/RATE/JPY/2D/6M/6Y',4,1,'JPY6M');
INSERT CurveConfigurationQuotes (Quote,Seq,SeqSegment,CurveId) VALUES ('IR_SWAP/RATE/JPY/2D/6M/7Y',5,1,'JPY6M');
INSERT CurveConfigurationQuotes (Quote,Seq,SeqSegment,CurveId) VALUES ('IR_SWAP/RATE/JPY/2D/6M/8Y',6,1,'JPY6M');
INSERT CurveConfigurationQuotes (Quote,Seq,SeqSegment,CurveId) VALUES ('IR_SWAP/RATE/JPY/2D/6M/9Y',7,1,'JPY6M');
INSERT CurveConfigurationQuotes (Quote,Seq,SeqSegment,CurveId) VALUES ('IR_SWAP/RATE/JPY/2D/6M/10Y',8,1,'JPY6M');
INSERT CurveConfigurationQuotes (Quote,Seq,SeqSegment,CurveId) VALUES ('IR_SWAP/RATE/JPY/2D/6M/12Y',9,1,'JPY6M');
INSERT CurveConfigurationQuotes (Quote,Seq,SeqSegment,CurveId) VALUES ('IR_SWAP/RATE/JPY/2D/6M/15Y',10,1,'JPY6M');
INSERT CurveConfigurationQuotes (Quote,Seq,SeqSegment,CurveId) VALUES ('IR_SWAP/RATE/JPY/2D/6M/20Y',11,1,'JPY6M');
INSERT CurveConfigurationQuotes (Quote,Seq,SeqSegment,CurveId) VALUES ('IR_SWAP/RATE/JPY/2D/6M/25Y',12,1,'JPY6M');
INSERT CurveConfigurationQuotes (Quote,Seq,SeqSegment,CurveId) VALUES ('IR_SWAP/RATE/JPY/2D/6M/30Y',13,1,'JPY6M');
INSERT CurveConfigurationYieldCurves (CurveId,Currency,GroupingId) VALUES ('JPY3M','JPY','ExampleInput');
INSERT CurveConfigurationYieldCurveSegments (Type,Conventions,ProjectionCurve,SegmentsType,CurveId,Seq) VALUES ('Deposit','JPY-Deposit','JPY3M','Simple','JPY3M',0);
INSERT CurveConfigurationQuotes (Quote,Seq,SeqSegment,CurveId) VALUES ('MM/RATE/JPY/0D/1D',0,0,'JPY3M');
INSERT CurveConfigurationQuotes (Quote,Seq,SeqSegment,CurveId) VALUES ('MM/RATE/JPY/2D/1W',1,0,'JPY3M');
INSERT CurveConfigurationQuotes (Quote,Seq,SeqSegment,CurveId) VALUES ('MM/RATE/JPY/2D/1M',2,0,'JPY3M');
INSERT CurveConfigurationQuotes (Quote,Seq,SeqSegment,CurveId) VALUES ('MM/RATE/JPY/2D/2M',3,0,'JPY3M');
INSERT CurveConfigurationQuotes (Quote,Seq,SeqSegment,CurveId) VALUES ('MM/RATE/JPY/2D/3M',4,0,'JPY3M');
INSERT CurveConfigurationYieldCurveSegments (Type,Conventions,ProjectionCurve,SegmentsType,CurveId,Seq) VALUES ('FRA','JPY-FRA','JPY3M','Simple','JPY3M',1);
INSERT CurveConfigurationQuotes (Quote,Seq,SeqSegment,CurveId) VALUES ('FRA/RATE/JPY/3M/3M',0,1,'JPY3M');
INSERT CurveConfigurationQuotes (Quote,Seq,SeqSegment,CurveId) VALUES ('FRA/RATE/JPY/6M/3M',1,1,'JPY3M');
INSERT CurveConfigurationQuotes (Quote,Seq,SeqSegment,CurveId) VALUES ('FRA/RATE/JPY/9M/3M',2,1,'JPY3M');
INSERT CurveConfigurationQuotes (Quote,Seq,SeqSegment,CurveId) VALUES ('FRA/RATE/JPY/1Y/3M',3,1,'JPY3M');
INSERT CurveConfigurationYieldCurveSegments (Type,Conventions,ProjectionCurve,SegmentsType,CurveId,Seq) VALUES ('Swap','JPY3M-Swap','JPY3M','Simple','JPY3M',2);
INSERT CurveConfigurationQuotes (Quote,Seq,SeqSegment,CurveId) VALUES ('IR_SWAP/RATE/JPY/2D/3M/2Y',0,2,'JPY3M');
INSERT CurveConfigurationQuotes (Quote,Seq,SeqSegment,CurveId) VALUES ('IR_SWAP/RATE/JPY/2D/3M/3Y',1,2,'JPY3M');
INSERT CurveConfigurationQuotes (Quote,Seq,SeqSegment,CurveId) VALUES ('IR_SWAP/RATE/JPY/2D/3M/4Y',2,2,'JPY3M');
INSERT CurveConfigurationQuotes (Quote,Seq,SeqSegment,CurveId) VALUES ('IR_SWAP/RATE/JPY/2D/3M/5Y',3,2,'JPY3M');
INSERT CurveConfigurationQuotes (Quote,Seq,SeqSegment,CurveId) VALUES ('IR_SWAP/RATE/JPY/2D/3M/6Y',4,2,'JPY3M');
INSERT CurveConfigurationQuotes (Quote,Seq,SeqSegment,CurveId) VALUES ('IR_SWAP/RATE/JPY/2D/3M/7Y',5,2,'JPY3M');
INSERT CurveConfigurationQuotes (Quote,Seq,SeqSegment,CurveId) VALUES ('IR_SWAP/RATE/JPY/2D/3M/8Y',6,2,'JPY3M');
INSERT CurveConfigurationQuotes (Quote,Seq,SeqSegment,CurveId) VALUES ('IR_SWAP/RATE/JPY/2D/3M/9Y',7,2,'JPY3M');
INSERT CurveConfigurationQuotes (Quote,Seq,SeqSegment,CurveId) VALUES ('IR_SWAP/RATE/JPY/2D/3M/10Y',8,2,'JPY3M');
INSERT CurveConfigurationQuotes (Quote,Seq,SeqSegment,CurveId) VALUES ('IR_SWAP/RATE/JPY/2D/3M/15Y',9,2,'JPY3M');
INSERT CurveConfigurationQuotes (Quote,Seq,SeqSegment,CurveId) VALUES ('IR_SWAP/RATE/JPY/2D/3M/20Y',10,2,'JPY3M');
INSERT CurveConfigurationQuotes (Quote,Seq,SeqSegment,CurveId) VALUES ('IR_SWAP/RATE/JPY/2D/3M/30Y',11,2,'JPY3M');
INSERT CurveConfigurationYieldCurves (CurveId,Currency,GroupingId) VALUES ('SEK3M','SEK','ExampleInput');
INSERT CurveConfigurationYieldCurveSegments (Type,Conventions,ProjectionCurve,SegmentsType,CurveId,Seq) VALUES ('Deposit','SEK-STIBOR-CONVENTIONS','SEK3M','Simple','SEK3M',0);
INSERT CurveConfigurationQuotes (Quote,Seq,SeqSegment,CurveId) VALUES ('MM/RATE/SEK/0D/1D',0,0,'SEK3M');
INSERT CurveConfigurationQuotes (Quote,Seq,SeqSegment,CurveId) VALUES ('MM/RATE/SEK/0D/2D',1,0,'SEK3M');
INSERT CurveConfigurationQuotes (Quote,Seq,SeqSegment,CurveId) VALUES ('MM/RATE/SEK/2D/1W',2,0,'SEK3M');
INSERT CurveConfigurationQuotes (Quote,Seq,SeqSegment,CurveId) VALUES ('MM/RATE/SEK/2D/1M',3,0,'SEK3M');
INSERT CurveConfigurationQuotes (Quote,Seq,SeqSegment,CurveId) VALUES ('MM/RATE/SEK/2D/2M',4,0,'SEK3M');
INSERT CurveConfigurationQuotes (Quote,Seq,SeqSegment,CurveId) VALUES ('MM/RATE/SEK/2D/3M',5,0,'SEK3M');
INSERT CurveConfigurationYieldCurveSegments (Type,Conventions,ProjectionCurve,SegmentsType,CurveId,Seq) VALUES ('Swap','SEK-3M-SWAP-CONVENTIONS','SEK3M','Simple','SEK3M',1);
INSERT CurveConfigurationQuotes (Quote,Seq,SeqSegment,CurveId) VALUES ('IR_SWAP/RATE/SEK/2D/3M/1Y',0,1,'SEK3M');
INSERT CurveConfigurationQuotes (Quote,Seq,SeqSegment,CurveId) VALUES ('IR_SWAP/RATE/SEK/2D/3M/2Y',1,1,'SEK3M');
INSERT CurveConfigurationQuotes (Quote,Seq,SeqSegment,CurveId) VALUES ('IR_SWAP/RATE/SEK/2D/3M/3Y',2,1,'SEK3M');
INSERT CurveConfigurationQuotes (Quote,Seq,SeqSegment,CurveId) VALUES ('IR_SWAP/RATE/SEK/2D/3M/4Y',3,1,'SEK3M');
INSERT CurveConfigurationQuotes (Quote,Seq,SeqSegment,CurveId) VALUES ('IR_SWAP/RATE/SEK/2D/3M/5Y',4,1,'SEK3M');
INSERT CurveConfigurationQuotes (Quote,Seq,SeqSegment,CurveId) VALUES ('IR_SWAP/RATE/SEK/2D/3M/6Y',5,1,'SEK3M');
INSERT CurveConfigurationQuotes (Quote,Seq,SeqSegment,CurveId) VALUES ('IR_SWAP/RATE/SEK/2D/3M/7Y',6,1,'SEK3M');
INSERT CurveConfigurationQuotes (Quote,Seq,SeqSegment,CurveId) VALUES ('IR_SWAP/RATE/SEK/2D/3M/8Y',7,1,'SEK3M');
INSERT CurveConfigurationQuotes (Quote,Seq,SeqSegment,CurveId) VALUES ('IR_SWAP/RATE/SEK/2D/3M/9Y',8,1,'SEK3M');
INSERT CurveConfigurationQuotes (Quote,Seq,SeqSegment,CurveId) VALUES ('IR_SWAP/RATE/SEK/2D/3M/10Y',9,1,'SEK3M');
INSERT CurveConfigurationQuotes (Quote,Seq,SeqSegment,CurveId) VALUES ('IR_SWAP/RATE/SEK/2D/3M/12Y',10,1,'SEK3M');
INSERT CurveConfigurationQuotes (Quote,Seq,SeqSegment,CurveId) VALUES ('IR_SWAP/RATE/SEK/2D/3M/15Y',11,1,'SEK3M');
INSERT CurveConfigurationQuotes (Quote,Seq,SeqSegment,CurveId) VALUES ('IR_SWAP/RATE/SEK/2D/3M/20Y',12,1,'SEK3M');
INSERT CurveConfigurationQuotes (Quote,Seq,SeqSegment,CurveId) VALUES ('IR_SWAP/RATE/SEK/2D/3M/25Y',13,1,'SEK3M');
INSERT CurveConfigurationQuotes (Quote,Seq,SeqSegment,CurveId) VALUES ('IR_SWAP/RATE/SEK/2D/3M/30Y',14,1,'SEK3M');
INSERT CurveConfigurationYieldCurves (CurveId,CurveDescription,Currency,InterpolationVariable,InterpolationMethod,YieldCurveDayCounter,Tolerance,GroupingId) VALUES ('EUR-IN-USD','EUR collateralized in USD discount curve','EUR','Discount','LogLinear','A365',0.000000000001,'ExampleInput');
INSERT CurveConfigurationYieldCurveSegments (Type,Conventions,DiscountCurve,SpotRate,SegmentsType,CurveId,Seq) VALUES ('FX Forward','EUR-USD-FX-CONVENTIONS','USD1D','FX/RATE/EUR/USD','CrossCurrency','EUR-IN-USD',0);
INSERT CurveConfigurationQuotes (Quote,Seq,SeqSegment,CurveId) VALUES ('FXFWD/RATE/EUR/USD/3M',0,0,'EUR-IN-USD');
INSERT CurveConfigurationQuotes (Quote,Seq,SeqSegment,CurveId) VALUES ('FXFWD/RATE/EUR/USD/6M',1,0,'EUR-IN-USD');
INSERT CurveConfigurationQuotes (Quote,Seq,SeqSegment,CurveId) VALUES ('FXFWD/RATE/EUR/USD/9M',2,0,'EUR-IN-USD');
INSERT CurveConfigurationQuotes (Quote,Seq,SeqSegment,CurveId) VALUES ('FXFWD/RATE/EUR/USD/1Y',3,0,'EUR-IN-USD');
INSERT CurveConfigurationYieldCurveSegments (Type,Conventions,DiscountCurve,SpotRate,ProjectionCurveDomestic,ProjectionCurveForeign,SegmentsType,CurveId,Seq) VALUES ('Cross Currency Basis Swap','EUR-USD-XCCY-BASIS-CONVENTIONS','USD1D','FX/RATE/EUR/USD','EUR3M','USD3M','CrossCurrency','EUR-IN-USD',1);
INSERT CurveConfigurationQuotes (Quote,Seq,SeqSegment,CurveId) VALUES ('CC_BASIS_SWAP/BASIS_SPREAD/USD/3M/EUR/3M/2Y',0,1,'EUR-IN-USD');
INSERT CurveConfigurationQuotes (Quote,Seq,SeqSegment,CurveId) VALUES ('CC_BASIS_SWAP/BASIS_SPREAD/USD/3M/EUR/3M/3Y',1,1,'EUR-IN-USD');
INSERT CurveConfigurationQuotes (Quote,Seq,SeqSegment,CurveId) VALUES ('CC_BASIS_SWAP/BASIS_SPREAD/USD/3M/EUR/3M/4Y',2,1,'EUR-IN-USD');
INSERT CurveConfigurationQuotes (Quote,Seq,SeqSegment,CurveId) VALUES ('CC_BASIS_SWAP/BASIS_SPREAD/USD/3M/EUR/3M/5Y',3,1,'EUR-IN-USD');
INSERT CurveConfigurationQuotes (Quote,Seq,SeqSegment,CurveId) VALUES ('CC_BASIS_SWAP/BASIS_SPREAD/USD/3M/EUR/3M/7Y',4,1,'EUR-IN-USD');
INSERT CurveConfigurationQuotes (Quote,Seq,SeqSegment,CurveId) VALUES ('CC_BASIS_SWAP/BASIS_SPREAD/USD/3M/EUR/3M/10Y',5,1,'EUR-IN-USD');
INSERT CurveConfigurationQuotes (Quote,Seq,SeqSegment,CurveId) VALUES ('CC_BASIS_SWAP/BASIS_SPREAD/USD/3M/EUR/3M/15Y',6,1,'EUR-IN-USD');
INSERT CurveConfigurationQuotes (Quote,Seq,SeqSegment,CurveId) VALUES ('CC_BASIS_SWAP/BASIS_SPREAD/USD/3M/EUR/3M/20Y',7,1,'EUR-IN-USD');
INSERT CurveConfigurationQuotes (Quote,Seq,SeqSegment,CurveId) VALUES ('CC_BASIS_SWAP/BASIS_SPREAD/USD/3M/EUR/3M/30Y',8,1,'EUR-IN-USD');
INSERT CurveConfigurationQuotes (Quote,Seq,SeqSegment,CurveId) VALUES ('CC_BASIS_SWAP/BASIS_SPREAD/USD/3M/EUR/3M/40Y',9,1,'EUR-IN-USD');
INSERT CurveConfigurationQuotes (Quote,Seq,SeqSegment,CurveId) VALUES ('CC_BASIS_SWAP/BASIS_SPREAD/USD/3M/EUR/3M/50Y',10,1,'EUR-IN-USD');
INSERT CurveConfigurationYieldCurves (CurveId,CurveDescription,Currency,InterpolationVariable,InterpolationMethod,YieldCurveDayCounter,Tolerance,GroupingId) VALUES ('GBP-IN-USD','GBP collateralized in USD discount curve','GBP','Discount','LogLinear','A365',0.000000000001,'ExampleInput');
INSERT CurveConfigurationYieldCurveSegments (Type,Conventions,DiscountCurve,SpotRate,SegmentsType,CurveId,Seq) VALUES ('FX Forward','USD-GBP-FX-CONVENTIONS','USD1D','FX/RATE/USD/GBP','CrossCurrency','GBP-IN-USD',0);
INSERT CurveConfigurationQuotes (Quote,Seq,SeqSegment,CurveId) VALUES ('FXFWD/RATE/USD/GBP/3M',0,0,'GBP-IN-USD');
INSERT CurveConfigurationQuotes (Quote,Seq,SeqSegment,CurveId) VALUES ('FXFWD/RATE/USD/GBP/6M',1,0,'GBP-IN-USD');
INSERT CurveConfigurationQuotes (Quote,Seq,SeqSegment,CurveId) VALUES ('FXFWD/RATE/USD/GBP/9M',2,0,'GBP-IN-USD');
INSERT CurveConfigurationQuotes (Quote,Seq,SeqSegment,CurveId) VALUES ('FXFWD/RATE/USD/GBP/1Y',3,0,'GBP-IN-USD');
INSERT CurveConfigurationYieldCurveSegments (Type,Conventions,DiscountCurve,SpotRate,ProjectionCurveDomestic,ProjectionCurveForeign,SegmentsType,CurveId,Seq) VALUES ('Cross Currency Basis Swap','USD-GBP-XCCY-BASIS-CONVENTIONS','USD1D','FX/RATE/USD/GBP','GBP3M','USD3M','CrossCurrency','GBP-IN-USD',1);
INSERT CurveConfigurationQuotes (Quote,Seq,SeqSegment,CurveId) VALUES ('CC_BASIS_SWAP/BASIS_SPREAD/USD/3M/GBP/3M/2Y',0,1,'GBP-IN-USD');
INSERT CurveConfigurationQuotes (Quote,Seq,SeqSegment,CurveId) VALUES ('CC_BASIS_SWAP/BASIS_SPREAD/USD/3M/GBP/3M/3Y',1,1,'GBP-IN-USD');
INSERT CurveConfigurationQuotes (Quote,Seq,SeqSegment,CurveId) VALUES ('CC_BASIS_SWAP/BASIS_SPREAD/USD/3M/GBP/3M/4Y',2,1,'GBP-IN-USD');
INSERT CurveConfigurationQuotes (Quote,Seq,SeqSegment,CurveId) VALUES ('CC_BASIS_SWAP/BASIS_SPREAD/USD/3M/GBP/3M/5Y',3,1,'GBP-IN-USD');
INSERT CurveConfigurationQuotes (Quote,Seq,SeqSegment,CurveId) VALUES ('CC_BASIS_SWAP/BASIS_SPREAD/USD/3M/GBP/3M/7Y',4,1,'GBP-IN-USD');
INSERT CurveConfigurationQuotes (Quote,Seq,SeqSegment,CurveId) VALUES ('CC_BASIS_SWAP/BASIS_SPREAD/USD/3M/GBP/3M/10Y',5,1,'GBP-IN-USD');
INSERT CurveConfigurationQuotes (Quote,Seq,SeqSegment,CurveId) VALUES ('CC_BASIS_SWAP/BASIS_SPREAD/USD/3M/GBP/3M/15Y',6,1,'GBP-IN-USD');
INSERT CurveConfigurationQuotes (Quote,Seq,SeqSegment,CurveId) VALUES ('CC_BASIS_SWAP/BASIS_SPREAD/USD/3M/GBP/3M/20Y',7,1,'GBP-IN-USD');
INSERT CurveConfigurationQuotes (Quote,Seq,SeqSegment,CurveId) VALUES ('CC_BASIS_SWAP/BASIS_SPREAD/USD/3M/GBP/3M/30Y',8,1,'GBP-IN-USD');
INSERT CurveConfigurationQuotes (Quote,Seq,SeqSegment,CurveId) VALUES ('CC_BASIS_SWAP/BASIS_SPREAD/USD/3M/GBP/3M/40Y',9,1,'GBP-IN-USD');
INSERT CurveConfigurationQuotes (Quote,Seq,SeqSegment,CurveId) VALUES ('CC_BASIS_SWAP/BASIS_SPREAD/USD/3M/GBP/3M/50Y',10,1,'GBP-IN-USD');
INSERT CurveConfigurationYieldCurves (CurveId,CurveDescription,Currency,InterpolationVariable,InterpolationMethod,YieldCurveDayCounter,Tolerance,GroupingId) VALUES ('CHF-IN-USD','CHF collateralized in USD discount curve','CHF','Discount','LogLinear','A365',0.000000000001,'ExampleInput');
INSERT CurveConfigurationYieldCurveSegments (Type,Conventions,DiscountCurve,SpotRate,SegmentsType,CurveId,Seq) VALUES ('FX Forward','USD-CHF-FX-CONVENTIONS','USD1D','FX/RATE/USD/CHF','CrossCurrency','CHF-IN-USD',0);
INSERT CurveConfigurationQuotes (Quote,Seq,SeqSegment,CurveId) VALUES ('FXFWD/RATE/USD/CHF/3M',0,0,'CHF-IN-USD');
INSERT CurveConfigurationQuotes (Quote,Seq,SeqSegment,CurveId) VALUES ('FXFWD/RATE/USD/CHF/6M',1,0,'CHF-IN-USD');
INSERT CurveConfigurationQuotes (Quote,Seq,SeqSegment,CurveId) VALUES ('FXFWD/RATE/USD/CHF/9M',2,0,'CHF-IN-USD');
INSERT CurveConfigurationQuotes (Quote,Seq,SeqSegment,CurveId) VALUES ('FXFWD/RATE/USD/CHF/1Y',3,0,'CHF-IN-USD');
INSERT CurveConfigurationYieldCurveSegments (Type,Conventions,DiscountCurve,SpotRate,ProjectionCurveDomestic,ProjectionCurveForeign,SegmentsType,CurveId,Seq) VALUES ('Cross Currency Basis Swap','USD-CHF-XCCY-BASIS-CONVENTIONS','USD1D','FX/RATE/USD/CHF','CHF3M','USD3M','CrossCurrency','CHF-IN-USD',1);
INSERT CurveConfigurationQuotes (Quote,Seq,SeqSegment,CurveId) VALUES ('CC_BASIS_SWAP/BASIS_SPREAD/USD/3M/CHF/3M/2Y',0,1,'CHF-IN-USD');
INSERT CurveConfigurationQuotes (Quote,Seq,SeqSegment,CurveId) VALUES ('CC_BASIS_SWAP/BASIS_SPREAD/USD/3M/CHF/3M/3Y',1,1,'CHF-IN-USD');
INSERT CurveConfigurationQuotes (Quote,Seq,SeqSegment,CurveId) VALUES ('CC_BASIS_SWAP/BASIS_SPREAD/USD/3M/CHF/3M/4Y',2,1,'CHF-IN-USD');
INSERT CurveConfigurationQuotes (Quote,Seq,SeqSegment,CurveId) VALUES ('CC_BASIS_SWAP/BASIS_SPREAD/USD/3M/CHF/3M/5Y',3,1,'CHF-IN-USD');
INSERT CurveConfigurationQuotes (Quote,Seq,SeqSegment,CurveId) VALUES ('CC_BASIS_SWAP/BASIS_SPREAD/USD/3M/CHF/3M/7Y',4,1,'CHF-IN-USD');
INSERT CurveConfigurationQuotes (Quote,Seq,SeqSegment,CurveId) VALUES ('CC_BASIS_SWAP/BASIS_SPREAD/USD/3M/CHF/3M/10Y',5,1,'CHF-IN-USD');
INSERT CurveConfigurationQuotes (Quote,Seq,SeqSegment,CurveId) VALUES ('CC_BASIS_SWAP/BASIS_SPREAD/USD/3M/CHF/3M/15Y',6,1,'CHF-IN-USD');
INSERT CurveConfigurationQuotes (Quote,Seq,SeqSegment,CurveId) VALUES ('CC_BASIS_SWAP/BASIS_SPREAD/USD/3M/CHF/3M/20Y',7,1,'CHF-IN-USD');
INSERT CurveConfigurationQuotes (Quote,Seq,SeqSegment,CurveId) VALUES ('CC_BASIS_SWAP/BASIS_SPREAD/USD/3M/CHF/3M/30Y',8,1,'CHF-IN-USD');
INSERT CurveConfigurationYieldCurves (CurveId,CurveDescription,Currency,InterpolationVariable,InterpolationMethod,YieldCurveDayCounter,Tolerance,GroupingId) VALUES ('USD-IN-EUR','USD collateralized in EUR discount curve','USD','Discount','LogLinear','A365',0.000000000001,'ExampleInput');
INSERT CurveConfigurationYieldCurveSegments (Type,Conventions,DiscountCurve,SpotRate,SegmentsType,CurveId,Seq) VALUES ('FX Forward','EUR-USD-FX-CONVENTIONS','EUR1D','FX/RATE/EUR/USD','CrossCurrency','USD-IN-EUR',0);
INSERT CurveConfigurationQuotes (Quote,Seq,SeqSegment,CurveId) VALUES ('FXFWD/RATE/EUR/USD/3M',0,0,'USD-IN-EUR');
INSERT CurveConfigurationQuotes (Quote,Seq,SeqSegment,CurveId) VALUES ('FXFWD/RATE/EUR/USD/6M',1,0,'USD-IN-EUR');
INSERT CurveConfigurationQuotes (Quote,Seq,SeqSegment,CurveId) VALUES ('FXFWD/RATE/EUR/USD/9M',2,0,'USD-IN-EUR');
INSERT CurveConfigurationQuotes (Quote,Seq,SeqSegment,CurveId) VALUES ('FXFWD/RATE/EUR/USD/12M',3,0,'USD-IN-EUR');
INSERT CurveConfigurationYieldCurveSegments (Type,Conventions,DiscountCurve,SpotRate,ProjectionCurveDomestic,ProjectionCurveForeign,SegmentsType,CurveId,Seq) VALUES ('Cross Currency Basis Swap','EUR-USD-XCCY-BASIS-CONVENTIONS','EUR1D','FX/RATE/EUR/USD','USD3M','EUR3M','CrossCurrency','USD-IN-EUR',1);
INSERT CurveConfigurationQuotes (Quote,Seq,SeqSegment,CurveId) VALUES ('CC_BASIS_SWAP/BASIS_SPREAD/USD/3M/EUR/3M/2Y',0,1,'USD-IN-EUR');
INSERT CurveConfigurationQuotes (Quote,Seq,SeqSegment,CurveId) VALUES ('CC_BASIS_SWAP/BASIS_SPREAD/USD/3M/EUR/3M/3Y',1,1,'USD-IN-EUR');
INSERT CurveConfigurationQuotes (Quote,Seq,SeqSegment,CurveId) VALUES ('CC_BASIS_SWAP/BASIS_SPREAD/USD/3M/EUR/3M/4Y',2,1,'USD-IN-EUR');
INSERT CurveConfigurationQuotes (Quote,Seq,SeqSegment,CurveId) VALUES ('CC_BASIS_SWAP/BASIS_SPREAD/USD/3M/EUR/3M/5Y',3,1,'USD-IN-EUR');
INSERT CurveConfigurationQuotes (Quote,Seq,SeqSegment,CurveId) VALUES ('CC_BASIS_SWAP/BASIS_SPREAD/USD/3M/EUR/3M/7Y',4,1,'USD-IN-EUR');
INSERT CurveConfigurationQuotes (Quote,Seq,SeqSegment,CurveId) VALUES ('CC_BASIS_SWAP/BASIS_SPREAD/USD/3M/EUR/3M/10Y',5,1,'USD-IN-EUR');
INSERT CurveConfigurationQuotes (Quote,Seq,SeqSegment,CurveId) VALUES ('CC_BASIS_SWAP/BASIS_SPREAD/USD/3M/EUR/3M/15Y',6,1,'USD-IN-EUR');
INSERT CurveConfigurationQuotes (Quote,Seq,SeqSegment,CurveId) VALUES ('CC_BASIS_SWAP/BASIS_SPREAD/USD/3M/EUR/3M/20Y',7,1,'USD-IN-EUR');
INSERT CurveConfigurationQuotes (Quote,Seq,SeqSegment,CurveId) VALUES ('CC_BASIS_SWAP/BASIS_SPREAD/USD/3M/EUR/3M/30Y',8,1,'USD-IN-EUR');
INSERT CurveConfigurationQuotes (Quote,Seq,SeqSegment,CurveId) VALUES ('CC_BASIS_SWAP/BASIS_SPREAD/USD/3M/EUR/3M/40Y',9,1,'USD-IN-EUR');
INSERT CurveConfigurationQuotes (Quote,Seq,SeqSegment,CurveId) VALUES ('CC_BASIS_SWAP/BASIS_SPREAD/USD/3M/EUR/3M/50Y',10,1,'USD-IN-EUR');
INSERT CurveConfigurationYieldCurves (CurveId,CurveDescription,Currency,InterpolationVariable,InterpolationMethod,YieldCurveDayCounter,Tolerance,GroupingId) VALUES ('GBP-IN-EUR','GBP collateralized in EUR discount curve','GBP','Discount','LogLinear','A365',0.000000000001,'ExampleInput');
INSERT CurveConfigurationYieldCurveSegments (Type,Conventions,DiscountCurve,SpotRate,SegmentsType,CurveId,Seq) VALUES ('FX Forward','EUR-GBP-FX-CONVENTIONS','EUR1D','FX/RATE/EUR/GBP','CrossCurrency','GBP-IN-EUR',0);
INSERT CurveConfigurationQuotes (Quote,Seq,SeqSegment,CurveId) VALUES ('FXFWD/RATE/EUR/GBP/3M',0,0,'GBP-IN-EUR');
INSERT CurveConfigurationQuotes (Quote,Seq,SeqSegment,CurveId) VALUES ('FXFWD/RATE/EUR/GBP/6M',1,0,'GBP-IN-EUR');
INSERT CurveConfigurationQuotes (Quote,Seq,SeqSegment,CurveId) VALUES ('FXFWD/RATE/EUR/GBP/9M',2,0,'GBP-IN-EUR');
INSERT CurveConfigurationQuotes (Quote,Seq,SeqSegment,CurveId) VALUES ('FXFWD/RATE/EUR/GBP/12M',3,0,'GBP-IN-EUR');
INSERT CurveConfigurationYieldCurveSegments (Type,Conventions,DiscountCurve,SpotRate,ProjectionCurveDomestic,ProjectionCurveForeign,SegmentsType,CurveId,Seq) VALUES ('Cross Currency Basis Swap','EUR-GBP-XCCY-BASIS-CONVENTIONS','EUR1D','FX/RATE/EUR/GBP','GBP3M','EUR3M','CrossCurrency','GBP-IN-EUR',1);
INSERT CurveConfigurationQuotes (Quote,Seq,SeqSegment,CurveId) VALUES ('CC_BASIS_SWAP/BASIS_SPREAD/EUR/3M/GBP/3M/2Y',0,1,'GBP-IN-EUR');
INSERT CurveConfigurationQuotes (Quote,Seq,SeqSegment,CurveId) VALUES ('CC_BASIS_SWAP/BASIS_SPREAD/EUR/3M/GBP/3M/3Y',1,1,'GBP-IN-EUR');
INSERT CurveConfigurationQuotes (Quote,Seq,SeqSegment,CurveId) VALUES ('CC_BASIS_SWAP/BASIS_SPREAD/EUR/3M/GBP/3M/4Y',2,1,'GBP-IN-EUR');
INSERT CurveConfigurationQuotes (Quote,Seq,SeqSegment,CurveId) VALUES ('CC_BASIS_SWAP/BASIS_SPREAD/EUR/3M/GBP/3M/5Y',3,1,'GBP-IN-EUR');
INSERT CurveConfigurationQuotes (Quote,Seq,SeqSegment,CurveId) VALUES ('CC_BASIS_SWAP/BASIS_SPREAD/EUR/3M/GBP/3M/7Y',4,1,'GBP-IN-EUR');
INSERT CurveConfigurationQuotes (Quote,Seq,SeqSegment,CurveId) VALUES ('CC_BASIS_SWAP/BASIS_SPREAD/EUR/3M/GBP/3M/10Y',5,1,'GBP-IN-EUR');
INSERT CurveConfigurationQuotes (Quote,Seq,SeqSegment,CurveId) VALUES ('CC_BASIS_SWAP/BASIS_SPREAD/EUR/3M/GBP/3M/15Y',6,1,'GBP-IN-EUR');
INSERT CurveConfigurationQuotes (Quote,Seq,SeqSegment,CurveId) VALUES ('CC_BASIS_SWAP/BASIS_SPREAD/EUR/3M/GBP/3M/20Y',7,1,'GBP-IN-EUR');
INSERT CurveConfigurationQuotes (Quote,Seq,SeqSegment,CurveId) VALUES ('CC_BASIS_SWAP/BASIS_SPREAD/EUR/3M/GBP/3M/30Y',8,1,'GBP-IN-EUR');
INSERT CurveConfigurationQuotes (Quote,Seq,SeqSegment,CurveId) VALUES ('CC_BASIS_SWAP/BASIS_SPREAD/EUR/3M/GBP/3M/40Y',9,1,'GBP-IN-EUR');
INSERT CurveConfigurationQuotes (Quote,Seq,SeqSegment,CurveId) VALUES ('CC_BASIS_SWAP/BASIS_SPREAD/EUR/3M/GBP/3M/50Y',10,1,'GBP-IN-EUR');
INSERT CurveConfigurationYieldCurves (CurveId,CurveDescription,Currency,InterpolationVariable,InterpolationMethod,YieldCurveDayCounter,Tolerance,GroupingId) VALUES ('CHF-IN-EUR','CHF collateralized in EUR discount curve','CHF','Discount','LogLinear','A365',0.000000000001,'ExampleInput');
INSERT CurveConfigurationYieldCurveSegments (Type,Conventions,DiscountCurve,SpotRate,SegmentsType,CurveId,Seq) VALUES ('FX Forward','EUR-CHF-FX-CONVENTIONS','EUR1D','FX/RATE/EUR/CHF','CrossCurrency','CHF-IN-EUR',0);
INSERT CurveConfigurationQuotes (Quote,Seq,SeqSegment,CurveId) VALUES ('FXFWD/RATE/EUR/CHF/3M',0,0,'CHF-IN-EUR');
INSERT CurveConfigurationQuotes (Quote,Seq,SeqSegment,CurveId) VALUES ('FXFWD/RATE/EUR/CHF/6M',1,0,'CHF-IN-EUR');
INSERT CurveConfigurationQuotes (Quote,Seq,SeqSegment,CurveId) VALUES ('FXFWD/RATE/EUR/CHF/9M',2,0,'CHF-IN-EUR');
INSERT CurveConfigurationQuotes (Quote,Seq,SeqSegment,CurveId) VALUES ('FXFWD/RATE/EUR/CHF/1Y',3,0,'CHF-IN-EUR');
INSERT CurveConfigurationYieldCurveSegments (Type,Conventions,DiscountCurve,SpotRate,ProjectionCurveDomestic,ProjectionCurveForeign,SegmentsType,CurveId,Seq) VALUES ('Cross Currency Basis Swap','EUR-CHF-XCCY-BASIS-CONVENTIONS','EUR1D','FX/RATE/EUR/CHF','CHF3M','EUR3M','CrossCurrency','CHF-IN-EUR',1);
INSERT CurveConfigurationQuotes (Quote,Seq,SeqSegment,CurveId) VALUES ('CC_BASIS_SWAP/BASIS_SPREAD/EUR/3M/CHF/3M/2Y',0,1,'CHF-IN-EUR');
INSERT CurveConfigurationQuotes (Quote,Seq,SeqSegment,CurveId) VALUES ('CC_BASIS_SWAP/BASIS_SPREAD/EUR/3M/CHF/3M/3Y',1,1,'CHF-IN-EUR');
INSERT CurveConfigurationQuotes (Quote,Seq,SeqSegment,CurveId) VALUES ('CC_BASIS_SWAP/BASIS_SPREAD/EUR/3M/CHF/3M/4Y',2,1,'CHF-IN-EUR');
INSERT CurveConfigurationQuotes (Quote,Seq,SeqSegment,CurveId) VALUES ('CC_BASIS_SWAP/BASIS_SPREAD/EUR/3M/CHF/3M/5Y',3,1,'CHF-IN-EUR');
INSERT CurveConfigurationQuotes (Quote,Seq,SeqSegment,CurveId) VALUES ('CC_BASIS_SWAP/BASIS_SPREAD/EUR/3M/CHF/3M/7Y',4,1,'CHF-IN-EUR');
INSERT CurveConfigurationQuotes (Quote,Seq,SeqSegment,CurveId) VALUES ('CC_BASIS_SWAP/BASIS_SPREAD/EUR/3M/CHF/3M/10Y',5,1,'CHF-IN-EUR');
INSERT CurveConfigurationQuotes (Quote,Seq,SeqSegment,CurveId) VALUES ('CC_BASIS_SWAP/BASIS_SPREAD/EUR/3M/CHF/3M/15Y',6,1,'CHF-IN-EUR');
INSERT CurveConfigurationQuotes (Quote,Seq,SeqSegment,CurveId) VALUES ('CC_BASIS_SWAP/BASIS_SPREAD/EUR/3M/CHF/3M/20Y',7,1,'CHF-IN-EUR');
INSERT CurveConfigurationYieldCurves (CurveId,CurveDescription,Currency,GroupingId) VALUES ('BENCHMARK_EUR','Bond benchmark curve in EUR','EUR','ExampleInput');
INSERT CurveConfigurationYieldCurveSegments (Type,Conventions,ReferenceCurve,SegmentsType,CurveId,Seq) VALUES ('Zero Spread','EUR-ZERO-CONVENTIONS-TENOR-BASED','EUR1D','ZeroSpread','BENCHMARK_EUR',0);
INSERT CurveConfigurationQuotes (Quote,Seq,SeqSegment,CurveId) VALUES ('ZERO/YIELD_SPREAD/EUR/BENCHMARK_EUR/A365/5Y',0,0,'BENCHMARK_EUR');
INSERT CurveConfigurationQuotes (Quote,Seq,SeqSegment,CurveId) VALUES ('ZERO/YIELD_SPREAD/EUR/BENCHMARK_EUR/A365/10Y',1,0,'BENCHMARK_EUR');
INSERT CurveConfigurationYieldCurves (CurveId,CurveDescription,Currency,GroupingId) VALUES ('BOND_YIELD_EUR','Bond yield curve EUR','EUR','ExampleInput');
INSERT CurveConfigurationYieldCurveSegments (Type,Conventions,SegmentsType,CurveId,Seq) VALUES ('Zero','EUR-ZERO-CONVENTIONS-TENOR-BASED','Direct','BOND_YIELD_EUR',0);
INSERT CurveConfigurationQuotes (Quote,Seq,SeqSegment,CurveId) VALUES ('ZERO/RATE/EUR/BOND_YIELD_EUR/A365/5Y',0,0,'BOND_YIELD_EUR');
INSERT CurveConfigurationQuotes (Quote,Seq,SeqSegment,CurveId) VALUES ('ZERO/RATE/EUR/BOND_YIELD_EUR/A365/10Y',1,0,'BOND_YIELD_EUR');
INSERT CurveConfigurationYieldCurves (CurveId,CurveDescription,Currency,GroupingId) VALUES ('BANK_EUR_BORROW','BANK''s average borrowing spread in EUR','EUR','ExampleInput');
INSERT CurveConfigurationYieldCurveSegments (Type,Conventions,ReferenceCurve,SegmentsType,CurveId,Seq) VALUES ('Zero Spread','EUR-ZERO-CONVENTIONS-TENOR-BASED','EUR1D','ZeroSpread','BANK_EUR_BORROW',0);
INSERT CurveConfigurationQuotes (Quote,Seq,SeqSegment,CurveId) VALUES ('ZERO/YIELD_SPREAD/EUR/BANK_EUR_BORROW/A365/2Y',0,0,'BANK_EUR_BORROW');
INSERT CurveConfigurationQuotes (Quote,Seq,SeqSegment,CurveId) VALUES ('ZERO/YIELD_SPREAD/EUR/BANK_EUR_BORROW/A365/5Y',1,0,'BANK_EUR_BORROW');
INSERT CurveConfigurationQuotes (Quote,Seq,SeqSegment,CurveId) VALUES ('ZERO/YIELD_SPREAD/EUR/BANK_EUR_BORROW/A365/10Y',2,0,'BANK_EUR_BORROW');
INSERT CurveConfigurationQuotes (Quote,Seq,SeqSegment,CurveId) VALUES ('ZERO/YIELD_SPREAD/EUR/BANK_EUR_BORROW/A365/20Y',3,0,'BANK_EUR_BORROW');
INSERT CurveConfigurationYieldCurves (CurveId,CurveDescription,Currency,GroupingId) VALUES ('BANK_EUR_LEND','BANK''s average lending spread in EUR','EUR','ExampleInput');
INSERT CurveConfigurationYieldCurveSegments (Type,Conventions,ReferenceCurve,SegmentsType,CurveId,Seq) VALUES ('Zero Spread','EUR-ZERO-CONVENTIONS-TENOR-BASED','EUR1D','ZeroSpread','BANK_EUR_LEND',0);
INSERT CurveConfigurationQuotes (Quote,Seq,SeqSegment,CurveId) VALUES ('ZERO/YIELD_SPREAD/EUR/BANK_EUR_LEND/A365/2Y',0,0,'BANK_EUR_LEND');
INSERT CurveConfigurationQuotes (Quote,Seq,SeqSegment,CurveId) VALUES ('ZERO/YIELD_SPREAD/EUR/BANK_EUR_LEND/A365/5Y',1,0,'BANK_EUR_LEND');
INSERT CurveConfigurationQuotes (Quote,Seq,SeqSegment,CurveId) VALUES ('ZERO/YIELD_SPREAD/EUR/BANK_EUR_LEND/A365/10Y',2,0,'BANK_EUR_LEND');
INSERT CurveConfigurationQuotes (Quote,Seq,SeqSegment,CurveId) VALUES ('ZERO/YIELD_SPREAD/EUR/BANK_EUR_LEND/A365/20Y',3,0,'BANK_EUR_LEND');
INSERT CurveConfigurationInflationCurves (CurveId,CurveDescription,NominalTermStructure,Type,Conventions,Extrapolation,Calendar,DayCounter,"Lag",Frequency,BaseRate,Tolerance,SeasonalityBaseDate,SeasonalityFrequency,GroupingId) VALUES ('USCPI_ZC_Swaps','Estimation Curve for USCPI','Yield/USD/USD1D','ZC','USCPI_INFLATIONSWAP','true','US','A365','3M','Monthly',0.01,0.000000000001,'20160101','Monthly','ExampleInput');
INSERT CurveConfigurationQuotes (Quote,Seq,CurveId,SeqSegment) VALUES ('ZC_INFLATIONSWAP/RATE/USCPI/1Y',0,'USCPI_ZC_Swaps',0);
INSERT CurveConfigurationQuotes (Quote,Seq,CurveId,SeqSegment) VALUES ('ZC_INFLATIONSWAP/RATE/USCPI/2Y',1,'USCPI_ZC_Swaps',0);
INSERT CurveConfigurationQuotes (Quote,Seq,CurveId,SeqSegment) VALUES ('ZC_INFLATIONSWAP/RATE/USCPI/3Y',2,'USCPI_ZC_Swaps',0);
INSERT CurveConfigurationQuotes (Quote,Seq,CurveId,SeqSegment) VALUES ('ZC_INFLATIONSWAP/RATE/USCPI/4Y',3,'USCPI_ZC_Swaps',0);
INSERT CurveConfigurationQuotes (Quote,Seq,CurveId,SeqSegment) VALUES ('ZC_INFLATIONSWAP/RATE/USCPI/5Y',4,'USCPI_ZC_Swaps',0);
INSERT CurveConfigurationQuotes (Quote,Seq,CurveId,SeqSegment) VALUES ('ZC_INFLATIONSWAP/RATE/USCPI/6Y',5,'USCPI_ZC_Swaps',0);
INSERT CurveConfigurationQuotes (Quote,Seq,CurveId,SeqSegment) VALUES ('ZC_INFLATIONSWAP/RATE/USCPI/7Y',6,'USCPI_ZC_Swaps',0);
INSERT CurveConfigurationQuotes (Quote,Seq,CurveId,SeqSegment) VALUES ('ZC_INFLATIONSWAP/RATE/USCPI/8Y',7,'USCPI_ZC_Swaps',0);
INSERT CurveConfigurationQuotes (Quote,Seq,CurveId,SeqSegment) VALUES ('ZC_INFLATIONSWAP/RATE/USCPI/9Y',8,'USCPI_ZC_Swaps',0);
INSERT CurveConfigurationQuotes (Quote,Seq,CurveId,SeqSegment) VALUES ('ZC_INFLATIONSWAP/RATE/USCPI/10Y',9,'USCPI_ZC_Swaps',0);
INSERT CurveConfigurationQuotes (Quote,Seq,CurveId,SeqSegment) VALUES ('ZC_INFLATIONSWAP/RATE/USCPI/12Y',10,'USCPI_ZC_Swaps',0);
INSERT CurveConfigurationQuotes (Quote,Seq,CurveId,SeqSegment) VALUES ('ZC_INFLATIONSWAP/RATE/USCPI/15Y',11,'USCPI_ZC_Swaps',0);
INSERT CurveConfigurationQuotes (Quote,Seq,CurveId,SeqSegment) VALUES ('ZC_INFLATIONSWAP/RATE/USCPI/20Y',12,'USCPI_ZC_Swaps',0);
INSERT CurveConfigurationQuotes (Quote,Seq,CurveId,SeqSegment) VALUES ('ZC_INFLATIONSWAP/RATE/USCPI/25Y',13,'USCPI_ZC_Swaps',0);
INSERT CurveConfigurationQuotes (Quote,Seq,CurveId,SeqSegment) VALUES ('ZC_INFLATIONSWAP/RATE/USCPI/30Y',14,'USCPI_ZC_Swaps',0);
INSERT CurveConfigurationQuotes (Quote,Seq,CurveId,SeqSegment) VALUES ('ZC_INFLATIONSWAP/RATE/USCPI/40Y',15,'USCPI_ZC_Swaps',0);
INSERT CurveConfigurationSeasonalityFactors (Factor,CurveId) VALUES ('SEASONALITY/RATE/MULT/USCPI/JAN','USCPI_ZC_Swaps');
INSERT CurveConfigurationSeasonalityFactors (Factor,CurveId) VALUES ('SEASONALITY/RATE/MULT/USCPI/FEB','USCPI_ZC_Swaps');
INSERT CurveConfigurationSeasonalityFactors (Factor,CurveId) VALUES ('SEASONALITY/RATE/MULT/USCPI/MAR','USCPI_ZC_Swaps');
INSERT CurveConfigurationSeasonalityFactors (Factor,CurveId) VALUES ('SEASONALITY/RATE/MULT/USCPI/APR','USCPI_ZC_Swaps');
INSERT CurveConfigurationSeasonalityFactors (Factor,CurveId) VALUES ('SEASONALITY/RATE/MULT/USCPI/MAY','USCPI_ZC_Swaps');
INSERT CurveConfigurationSeasonalityFactors (Factor,CurveId) VALUES ('SEASONALITY/RATE/MULT/USCPI/JUN','USCPI_ZC_Swaps');
INSERT CurveConfigurationSeasonalityFactors (Factor,CurveId) VALUES ('SEASONALITY/RATE/MULT/USCPI/JUL','USCPI_ZC_Swaps');
INSERT CurveConfigurationSeasonalityFactors (Factor,CurveId) VALUES ('SEASONALITY/RATE/MULT/USCPI/AUG','USCPI_ZC_Swaps');
INSERT CurveConfigurationSeasonalityFactors (Factor,CurveId) VALUES ('SEASONALITY/RATE/MULT/USCPI/SEP','USCPI_ZC_Swaps');
INSERT CurveConfigurationSeasonalityFactors (Factor,CurveId) VALUES ('SEASONALITY/RATE/MULT/USCPI/OCT','USCPI_ZC_Swaps');
INSERT CurveConfigurationSeasonalityFactors (Factor,CurveId) VALUES ('SEASONALITY/RATE/MULT/USCPI/NOV','USCPI_ZC_Swaps');
INSERT CurveConfigurationSeasonalityFactors (Factor,CurveId) VALUES ('SEASONALITY/RATE/MULT/USCPI/DEC','USCPI_ZC_Swaps');
INSERT CurveConfigurationInflationCurves (CurveId,CurveDescription,NominalTermStructure,Type,Conventions,Extrapolation,Calendar,DayCounter,"Lag",Frequency,BaseRate,Tolerance,GroupingId) VALUES ('EUHICP_ZC_Swaps','Estimation Curve for EUHICP','Yield/EUR/EUR1D','ZC','EUHICP_INFLATIONSWAP','true','TARGET','A365','3M','Monthly',0.01,0.000000000001,'ExampleInput');
INSERT CurveConfigurationQuotes (Quote,Seq,CurveId,SeqSegment) VALUES ('ZC_INFLATIONSWAP/RATE/EUHICP/1Y',0,'EUHICP_ZC_Swaps',0);
INSERT CurveConfigurationQuotes (Quote,Seq,CurveId,SeqSegment) VALUES ('ZC_INFLATIONSWAP/RATE/EUHICP/2Y',1,'EUHICP_ZC_Swaps',0);
INSERT CurveConfigurationQuotes (Quote,Seq,CurveId,SeqSegment) VALUES ('ZC_INFLATIONSWAP/RATE/EUHICP/3Y',2,'EUHICP_ZC_Swaps',0);
INSERT CurveConfigurationQuotes (Quote,Seq,CurveId,SeqSegment) VALUES ('ZC_INFLATIONSWAP/RATE/EUHICP/4Y',3,'EUHICP_ZC_Swaps',0);
INSERT CurveConfigurationQuotes (Quote,Seq,CurveId,SeqSegment) VALUES ('ZC_INFLATIONSWAP/RATE/EUHICP/5Y',4,'EUHICP_ZC_Swaps',0);
INSERT CurveConfigurationQuotes (Quote,Seq,CurveId,SeqSegment) VALUES ('ZC_INFLATIONSWAP/RATE/EUHICP/6Y',5,'EUHICP_ZC_Swaps',0);
INSERT CurveConfigurationQuotes (Quote,Seq,CurveId,SeqSegment) VALUES ('ZC_INFLATIONSWAP/RATE/EUHICP/7Y',6,'EUHICP_ZC_Swaps',0);
INSERT CurveConfigurationQuotes (Quote,Seq,CurveId,SeqSegment) VALUES ('ZC_INFLATIONSWAP/RATE/EUHICP/8Y',7,'EUHICP_ZC_Swaps',0);
INSERT CurveConfigurationQuotes (Quote,Seq,CurveId,SeqSegment) VALUES ('ZC_INFLATIONSWAP/RATE/EUHICP/9Y',8,'EUHICP_ZC_Swaps',0);
INSERT CurveConfigurationQuotes (Quote,Seq,CurveId,SeqSegment) VALUES ('ZC_INFLATIONSWAP/RATE/EUHICP/10Y',9,'EUHICP_ZC_Swaps',0);
INSERT CurveConfigurationQuotes (Quote,Seq,CurveId,SeqSegment) VALUES ('ZC_INFLATIONSWAP/RATE/EUHICP/12Y',10,'EUHICP_ZC_Swaps',0);
INSERT CurveConfigurationQuotes (Quote,Seq,CurveId,SeqSegment) VALUES ('ZC_INFLATIONSWAP/RATE/EUHICP/15Y',11,'EUHICP_ZC_Swaps',0);
INSERT CurveConfigurationQuotes (Quote,Seq,CurveId,SeqSegment) VALUES ('ZC_INFLATIONSWAP/RATE/EUHICP/20Y',12,'EUHICP_ZC_Swaps',0);
INSERT CurveConfigurationQuotes (Quote,Seq,CurveId,SeqSegment) VALUES ('ZC_INFLATIONSWAP/RATE/EUHICP/25Y',13,'EUHICP_ZC_Swaps',0);
INSERT CurveConfigurationQuotes (Quote,Seq,CurveId,SeqSegment) VALUES ('ZC_INFLATIONSWAP/RATE/EUHICP/30Y',14,'EUHICP_ZC_Swaps',0);
INSERT CurveConfigurationInflationCurves (CurveId,CurveDescription,NominalTermStructure,Type,Conventions,Extrapolation,Calendar,DayCounter,"Lag",Frequency,BaseRate,Tolerance,SeasonalityBaseDate,SeasonalityFrequency,GroupingId) VALUES ('EUHICPXT_ZC_Swaps','Estimation Curve for EUCPI','Yield/EUR/EUR1D','ZC','EUHICPXT_INFLATIONSWAP','true','TARGET','A365','3M','Monthly',0.01,0.000000000001,'20160101','Monthly','ExampleInput');
INSERT CurveConfigurationQuotes (Quote,Seq,CurveId,SeqSegment) VALUES ('ZC_INFLATIONSWAP/RATE/EUHICPXT/1Y',0,'EUHICPXT_ZC_Swaps',0);
INSERT CurveConfigurationQuotes (Quote,Seq,CurveId,SeqSegment) VALUES ('ZC_INFLATIONSWAP/RATE/EUHICPXT/2Y',1,'EUHICPXT_ZC_Swaps',0);
INSERT CurveConfigurationQuotes (Quote,Seq,CurveId,SeqSegment) VALUES ('ZC_INFLATIONSWAP/RATE/EUHICPXT/3Y',2,'EUHICPXT_ZC_Swaps',0);
INSERT CurveConfigurationQuotes (Quote,Seq,CurveId,SeqSegment) VALUES ('ZC_INFLATIONSWAP/RATE/EUHICPXT/4Y',3,'EUHICPXT_ZC_Swaps',0);
INSERT CurveConfigurationQuotes (Quote,Seq,CurveId,SeqSegment) VALUES ('ZC_INFLATIONSWAP/RATE/EUHICPXT/5Y',4,'EUHICPXT_ZC_Swaps',0);
INSERT CurveConfigurationQuotes (Quote,Seq,CurveId,SeqSegment) VALUES ('ZC_INFLATIONSWAP/RATE/EUHICPXT/6Y',5,'EUHICPXT_ZC_Swaps',0);
INSERT CurveConfigurationQuotes (Quote,Seq,CurveId,SeqSegment) VALUES ('ZC_INFLATIONSWAP/RATE/EUHICPXT/7Y',6,'EUHICPXT_ZC_Swaps',0);
INSERT CurveConfigurationQuotes (Quote,Seq,CurveId,SeqSegment) VALUES ('ZC_INFLATIONSWAP/RATE/EUHICPXT/8Y',7,'EUHICPXT_ZC_Swaps',0);
INSERT CurveConfigurationQuotes (Quote,Seq,CurveId,SeqSegment) VALUES ('ZC_INFLATIONSWAP/RATE/EUHICPXT/9Y',8,'EUHICPXT_ZC_Swaps',0);
INSERT CurveConfigurationQuotes (Quote,Seq,CurveId,SeqSegment) VALUES ('ZC_INFLATIONSWAP/RATE/EUHICPXT/10Y',9,'EUHICPXT_ZC_Swaps',0);
INSERT CurveConfigurationQuotes (Quote,Seq,CurveId,SeqSegment) VALUES ('ZC_INFLATIONSWAP/RATE/EUHICPXT/12Y',10,'EUHICPXT_ZC_Swaps',0);
INSERT CurveConfigurationQuotes (Quote,Seq,CurveId,SeqSegment) VALUES ('ZC_INFLATIONSWAP/RATE/EUHICPXT/15Y',11,'EUHICPXT_ZC_Swaps',0);
INSERT CurveConfigurationQuotes (Quote,Seq,CurveId,SeqSegment) VALUES ('ZC_INFLATIONSWAP/RATE/EUHICPXT/20Y',12,'EUHICPXT_ZC_Swaps',0);
INSERT CurveConfigurationQuotes (Quote,Seq,CurveId,SeqSegment) VALUES ('ZC_INFLATIONSWAP/RATE/EUHICPXT/25Y',13,'EUHICPXT_ZC_Swaps',0);
INSERT CurveConfigurationQuotes (Quote,Seq,CurveId,SeqSegment) VALUES ('ZC_INFLATIONSWAP/RATE/EUHICPXT/30Y',14,'EUHICPXT_ZC_Swaps',0);
INSERT CurveConfigurationSeasonalityFactors (Factor,CurveId) VALUES ('SEASONALITY/RATE/MULT/EUHICPXT/JAN','EUHICPXT_ZC_Swaps');
INSERT CurveConfigurationSeasonalityFactors (Factor,CurveId) VALUES ('SEASONALITY/RATE/MULT/EUHICPXT/FEB','EUHICPXT_ZC_Swaps');
INSERT CurveConfigurationSeasonalityFactors (Factor,CurveId) VALUES ('SEASONALITY/RATE/MULT/EUHICPXT/MAR','EUHICPXT_ZC_Swaps');
INSERT CurveConfigurationSeasonalityFactors (Factor,CurveId) VALUES ('SEASONALITY/RATE/MULT/EUHICPXT/APR','EUHICPXT_ZC_Swaps');
INSERT CurveConfigurationSeasonalityFactors (Factor,CurveId) VALUES ('SEASONALITY/RATE/MULT/EUHICPXT/MAY','EUHICPXT_ZC_Swaps');
INSERT CurveConfigurationSeasonalityFactors (Factor,CurveId) VALUES ('SEASONALITY/RATE/MULT/EUHICPXT/JUN','EUHICPXT_ZC_Swaps');
INSERT CurveConfigurationSeasonalityFactors (Factor,CurveId) VALUES ('SEASONALITY/RATE/MULT/EUHICPXT/JUL','EUHICPXT_ZC_Swaps');
INSERT CurveConfigurationSeasonalityFactors (Factor,CurveId) VALUES ('SEASONALITY/RATE/MULT/EUHICPXT/AUG','EUHICPXT_ZC_Swaps');
INSERT CurveConfigurationSeasonalityFactors (Factor,CurveId) VALUES ('SEASONALITY/RATE/MULT/EUHICPXT/SEP','EUHICPXT_ZC_Swaps');
INSERT CurveConfigurationSeasonalityFactors (Factor,CurveId) VALUES ('SEASONALITY/RATE/MULT/EUHICPXT/OCT','EUHICPXT_ZC_Swaps');
INSERT CurveConfigurationSeasonalityFactors (Factor,CurveId) VALUES ('SEASONALITY/RATE/MULT/EUHICPXT/NOV','EUHICPXT_ZC_Swaps');
INSERT CurveConfigurationSeasonalityFactors (Factor,CurveId) VALUES ('SEASONALITY/RATE/MULT/EUHICPXT/DEC','EUHICPXT_ZC_Swaps');
INSERT CurveConfigurationInflationCurves (CurveId,CurveDescription,NominalTermStructure,Type,Conventions,Extrapolation,Calendar,DayCounter,"Lag",Frequency,BaseRate,Tolerance,SeasonalityBaseDate,SeasonalityFrequency,GroupingId) VALUES ('EUHICPXT_YY_Swaps','Estimation Curve for EUCPI YoY','Yield/EUR/EUR1D','YY','EUHICPXT_INFLATIONSWAP','true','TARGET','A365','3M','Monthly',0.01,0.000000000001,'20160101','Monthly','ExampleInput');
INSERT CurveConfigurationQuotes (Quote,Seq,CurveId,SeqSegment) VALUES ('YY_INFLATIONSWAP/RATE/EUHICPXT/1Y',0,'EUHICPXT_YY_Swaps',0);
INSERT CurveConfigurationQuotes (Quote,Seq,CurveId,SeqSegment) VALUES ('YY_INFLATIONSWAP/RATE/EUHICPXT/2Y',1,'EUHICPXT_YY_Swaps',0);
INSERT CurveConfigurationQuotes (Quote,Seq,CurveId,SeqSegment) VALUES ('YY_INFLATIONSWAP/RATE/EUHICPXT/3Y',2,'EUHICPXT_YY_Swaps',0);
INSERT CurveConfigurationQuotes (Quote,Seq,CurveId,SeqSegment) VALUES ('YY_INFLATIONSWAP/RATE/EUHICPXT/4Y',3,'EUHICPXT_YY_Swaps',0);
INSERT CurveConfigurationQuotes (Quote,Seq,CurveId,SeqSegment) VALUES ('YY_INFLATIONSWAP/RATE/EUHICPXT/5Y',4,'EUHICPXT_YY_Swaps',0);
INSERT CurveConfigurationQuotes (Quote,Seq,CurveId,SeqSegment) VALUES ('YY_INFLATIONSWAP/RATE/EUHICPXT/6Y',5,'EUHICPXT_YY_Swaps',0);
INSERT CurveConfigurationQuotes (Quote,Seq,CurveId,SeqSegment) VALUES ('YY_INFLATIONSWAP/RATE/EUHICPXT/7Y',6,'EUHICPXT_YY_Swaps',0);
INSERT CurveConfigurationQuotes (Quote,Seq,CurveId,SeqSegment) VALUES ('YY_INFLATIONSWAP/RATE/EUHICPXT/8Y',7,'EUHICPXT_YY_Swaps',0);
INSERT CurveConfigurationQuotes (Quote,Seq,CurveId,SeqSegment) VALUES ('YY_INFLATIONSWAP/RATE/EUHICPXT/9Y',8,'EUHICPXT_YY_Swaps',0);
INSERT CurveConfigurationQuotes (Quote,Seq,CurveId,SeqSegment) VALUES ('YY_INFLATIONSWAP/RATE/EUHICPXT/10Y',9,'EUHICPXT_YY_Swaps',0);
INSERT CurveConfigurationQuotes (Quote,Seq,CurveId,SeqSegment) VALUES ('YY_INFLATIONSWAP/RATE/EUHICPXT/12Y',10,'EUHICPXT_YY_Swaps',0);
INSERT CurveConfigurationQuotes (Quote,Seq,CurveId,SeqSegment) VALUES ('YY_INFLATIONSWAP/RATE/EUHICPXT/15Y',11,'EUHICPXT_YY_Swaps',0);
INSERT CurveConfigurationQuotes (Quote,Seq,CurveId,SeqSegment) VALUES ('YY_INFLATIONSWAP/RATE/EUHICPXT/20Y',12,'EUHICPXT_YY_Swaps',0);
INSERT CurveConfigurationQuotes (Quote,Seq,CurveId,SeqSegment) VALUES ('YY_INFLATIONSWAP/RATE/EUHICPXT/25Y',13,'EUHICPXT_YY_Swaps',0);
INSERT CurveConfigurationQuotes (Quote,Seq,CurveId,SeqSegment) VALUES ('YY_INFLATIONSWAP/RATE/EUHICPXT/30Y',14,'EUHICPXT_YY_Swaps',0);
INSERT CurveConfigurationSeasonalityFactors (Factor,CurveId) VALUES ('SEASONALITY/RATE/MULT/EUHICPXT/JAN','EUHICPXT_YY_Swaps');
INSERT CurveConfigurationSeasonalityFactors (Factor,CurveId) VALUES ('SEASONALITY/RATE/MULT/EUHICPXT/FEB','EUHICPXT_YY_Swaps');
INSERT CurveConfigurationSeasonalityFactors (Factor,CurveId) VALUES ('SEASONALITY/RATE/MULT/EUHICPXT/MAR','EUHICPXT_YY_Swaps');
INSERT CurveConfigurationSeasonalityFactors (Factor,CurveId) VALUES ('SEASONALITY/RATE/MULT/EUHICPXT/APR','EUHICPXT_YY_Swaps');
INSERT CurveConfigurationSeasonalityFactors (Factor,CurveId) VALUES ('SEASONALITY/RATE/MULT/EUHICPXT/MAY','EUHICPXT_YY_Swaps');
INSERT CurveConfigurationSeasonalityFactors (Factor,CurveId) VALUES ('SEASONALITY/RATE/MULT/EUHICPXT/JUN','EUHICPXT_YY_Swaps');
INSERT CurveConfigurationSeasonalityFactors (Factor,CurveId) VALUES ('SEASONALITY/RATE/MULT/EUHICPXT/JUL','EUHICPXT_YY_Swaps');
INSERT CurveConfigurationSeasonalityFactors (Factor,CurveId) VALUES ('SEASONALITY/RATE/MULT/EUHICPXT/AUG','EUHICPXT_YY_Swaps');
INSERT CurveConfigurationSeasonalityFactors (Factor,CurveId) VALUES ('SEASONALITY/RATE/MULT/EUHICPXT/SEP','EUHICPXT_YY_Swaps');
INSERT CurveConfigurationSeasonalityFactors (Factor,CurveId) VALUES ('SEASONALITY/RATE/MULT/EUHICPXT/OCT','EUHICPXT_YY_Swaps');
INSERT CurveConfigurationSeasonalityFactors (Factor,CurveId) VALUES ('SEASONALITY/RATE/MULT/EUHICPXT/NOV','EUHICPXT_YY_Swaps');
INSERT CurveConfigurationSeasonalityFactors (Factor,CurveId) VALUES ('SEASONALITY/RATE/MULT/EUHICPXT/DEC','EUHICPXT_YY_Swaps');
INSERT CurveConfigurationInflationCurves (CurveId,CurveDescription,NominalTermStructure,Type,Conventions,Extrapolation,Calendar,DayCounter,"Lag",Frequency,BaseRate,Tolerance,GroupingId) VALUES ('FRHICP_ZC_Swaps','Estimation Curve for FRHICP','Yield/EUR/EUR1D','ZC','FRHICP_INFLATIONSWAP','true','TARGET','A365','3M','Monthly',0.01,0.000000000001,'ExampleInput');
INSERT CurveConfigurationQuotes (Quote,Seq,CurveId,SeqSegment) VALUES ('ZC_INFLATIONSWAP/RATE/FRHICP/1Y',0,'FRHICP_ZC_Swaps',0);
INSERT CurveConfigurationQuotes (Quote,Seq,CurveId,SeqSegment) VALUES ('ZC_INFLATIONSWAP/RATE/FRHICP/2Y',1,'FRHICP_ZC_Swaps',0);
INSERT CurveConfigurationQuotes (Quote,Seq,CurveId,SeqSegment) VALUES ('ZC_INFLATIONSWAP/RATE/FRHICP/3Y',2,'FRHICP_ZC_Swaps',0);
INSERT CurveConfigurationQuotes (Quote,Seq,CurveId,SeqSegment) VALUES ('ZC_INFLATIONSWAP/RATE/FRHICP/4Y',3,'FRHICP_ZC_Swaps',0);
INSERT CurveConfigurationQuotes (Quote,Seq,CurveId,SeqSegment) VALUES ('ZC_INFLATIONSWAP/RATE/FRHICP/5Y',4,'FRHICP_ZC_Swaps',0);
INSERT CurveConfigurationQuotes (Quote,Seq,CurveId,SeqSegment) VALUES ('ZC_INFLATIONSWAP/RATE/FRHICP/6Y',5,'FRHICP_ZC_Swaps',0);
INSERT CurveConfigurationQuotes (Quote,Seq,CurveId,SeqSegment) VALUES ('ZC_INFLATIONSWAP/RATE/FRHICP/7Y',6,'FRHICP_ZC_Swaps',0);
INSERT CurveConfigurationQuotes (Quote,Seq,CurveId,SeqSegment) VALUES ('ZC_INFLATIONSWAP/RATE/FRHICP/8Y',7,'FRHICP_ZC_Swaps',0);
INSERT CurveConfigurationQuotes (Quote,Seq,CurveId,SeqSegment) VALUES ('ZC_INFLATIONSWAP/RATE/FRHICP/9Y',8,'FRHICP_ZC_Swaps',0);
INSERT CurveConfigurationQuotes (Quote,Seq,CurveId,SeqSegment) VALUES ('ZC_INFLATIONSWAP/RATE/FRHICP/10Y',9,'FRHICP_ZC_Swaps',0);
INSERT CurveConfigurationQuotes (Quote,Seq,CurveId,SeqSegment) VALUES ('ZC_INFLATIONSWAP/RATE/FRHICP/12Y',10,'FRHICP_ZC_Swaps',0);
INSERT CurveConfigurationQuotes (Quote,Seq,CurveId,SeqSegment) VALUES ('ZC_INFLATIONSWAP/RATE/FRHICP/15Y',11,'FRHICP_ZC_Swaps',0);
INSERT CurveConfigurationQuotes (Quote,Seq,CurveId,SeqSegment) VALUES ('ZC_INFLATIONSWAP/RATE/FRHICP/20Y',12,'FRHICP_ZC_Swaps',0);
INSERT CurveConfigurationQuotes (Quote,Seq,CurveId,SeqSegment) VALUES ('ZC_INFLATIONSWAP/RATE/FRHICP/25Y',13,'FRHICP_ZC_Swaps',0);
INSERT CurveConfigurationQuotes (Quote,Seq,CurveId,SeqSegment) VALUES ('ZC_INFLATIONSWAP/RATE/FRHICP/30Y',14,'FRHICP_ZC_Swaps',0);
INSERT CurveConfigurationInflationCurves (CurveId,CurveDescription,NominalTermStructure,Type,Conventions,Extrapolation,Calendar,DayCounter,"Lag",Frequency,BaseRate,Tolerance,SeasonalityBaseDate,SeasonalityFrequency,GroupingId) VALUES ('UKRPI_ZC_Swaps','Estimation Curve for UKRPI','Yield/GBP/GBP1D','ZC','UKRPI_INFLATIONSWAP','true','UK','A365','3M','Monthly',0.01,0.000000000001,'20160101','Monthly','ExampleInput');
INSERT CurveConfigurationQuotes (Quote,Seq,CurveId,SeqSegment) VALUES ('ZC_INFLATIONSWAP/RATE/UKRPI/1Y',0,'UKRPI_ZC_Swaps',0);
INSERT CurveConfigurationQuotes (Quote,Seq,CurveId,SeqSegment) VALUES ('ZC_INFLATIONSWAP/RATE/UKRPI/2Y',1,'UKRPI_ZC_Swaps',0);
INSERT CurveConfigurationQuotes (Quote,Seq,CurveId,SeqSegment) VALUES ('ZC_INFLATIONSWAP/RATE/UKRPI/3Y',2,'UKRPI_ZC_Swaps',0);
INSERT CurveConfigurationQuotes (Quote,Seq,CurveId,SeqSegment) VALUES ('ZC_INFLATIONSWAP/RATE/UKRPI/4Y',3,'UKRPI_ZC_Swaps',0);
INSERT CurveConfigurationQuotes (Quote,Seq,CurveId,SeqSegment) VALUES ('ZC_INFLATIONSWAP/RATE/UKRPI/5Y',4,'UKRPI_ZC_Swaps',0);
INSERT CurveConfigurationQuotes (Quote,Seq,CurveId,SeqSegment) VALUES ('ZC_INFLATIONSWAP/RATE/UKRPI/6Y',5,'UKRPI_ZC_Swaps',0);
INSERT CurveConfigurationQuotes (Quote,Seq,CurveId,SeqSegment) VALUES ('ZC_INFLATIONSWAP/RATE/UKRPI/7Y',6,'UKRPI_ZC_Swaps',0);
INSERT CurveConfigurationQuotes (Quote,Seq,CurveId,SeqSegment) VALUES ('ZC_INFLATIONSWAP/RATE/UKRPI/8Y',7,'UKRPI_ZC_Swaps',0);
INSERT CurveConfigurationQuotes (Quote,Seq,CurveId,SeqSegment) VALUES ('ZC_INFLATIONSWAP/RATE/UKRPI/9Y',8,'UKRPI_ZC_Swaps',0);
INSERT CurveConfigurationQuotes (Quote,Seq,CurveId,SeqSegment) VALUES ('ZC_INFLATIONSWAP/RATE/UKRPI/10Y',9,'UKRPI_ZC_Swaps',0);
INSERT CurveConfigurationQuotes (Quote,Seq,CurveId,SeqSegment) VALUES ('ZC_INFLATIONSWAP/RATE/UKRPI/12Y',10,'UKRPI_ZC_Swaps',0);
INSERT CurveConfigurationQuotes (Quote,Seq,CurveId,SeqSegment) VALUES ('ZC_INFLATIONSWAP/RATE/UKRPI/15Y',11,'UKRPI_ZC_Swaps',0);
INSERT CurveConfigurationQuotes (Quote,Seq,CurveId,SeqSegment) VALUES ('ZC_INFLATIONSWAP/RATE/UKRPI/20Y',12,'UKRPI_ZC_Swaps',0);
INSERT CurveConfigurationQuotes (Quote,Seq,CurveId,SeqSegment) VALUES ('ZC_INFLATIONSWAP/RATE/UKRPI/25Y',13,'UKRPI_ZC_Swaps',0);
INSERT CurveConfigurationQuotes (Quote,Seq,CurveId,SeqSegment) VALUES ('ZC_INFLATIONSWAP/RATE/UKRPI/30Y',14,'UKRPI_ZC_Swaps',0);
INSERT CurveConfigurationQuotes (Quote,Seq,CurveId,SeqSegment) VALUES ('ZC_INFLATIONSWAP/RATE/UKRPI/40Y',15,'UKRPI_ZC_Swaps',0);
INSERT CurveConfigurationSeasonalityFactors (Factor,CurveId) VALUES ('SEASONALITY/RATE/MULT/UKRPI/JAN','UKRPI_ZC_Swaps');
INSERT CurveConfigurationSeasonalityFactors (Factor,CurveId) VALUES ('SEASONALITY/RATE/MULT/UKRPI/FEB','UKRPI_ZC_Swaps');
INSERT CurveConfigurationSeasonalityFactors (Factor,CurveId) VALUES ('SEASONALITY/RATE/MULT/UKRPI/MAR','UKRPI_ZC_Swaps');
INSERT CurveConfigurationSeasonalityFactors (Factor,CurveId) VALUES ('SEASONALITY/RATE/MULT/UKRPI/APR','UKRPI_ZC_Swaps');
INSERT CurveConfigurationSeasonalityFactors (Factor,CurveId) VALUES ('SEASONALITY/RATE/MULT/UKRPI/MAY','UKRPI_ZC_Swaps');
INSERT CurveConfigurationSeasonalityFactors (Factor,CurveId) VALUES ('SEASONALITY/RATE/MULT/UKRPI/JUN','UKRPI_ZC_Swaps');
INSERT CurveConfigurationSeasonalityFactors (Factor,CurveId) VALUES ('SEASONALITY/RATE/MULT/UKRPI/JUL','UKRPI_ZC_Swaps');
INSERT CurveConfigurationSeasonalityFactors (Factor,CurveId) VALUES ('SEASONALITY/RATE/MULT/UKRPI/AUG','UKRPI_ZC_Swaps');
INSERT CurveConfigurationSeasonalityFactors (Factor,CurveId) VALUES ('SEASONALITY/RATE/MULT/UKRPI/SEP','UKRPI_ZC_Swaps');
INSERT CurveConfigurationSeasonalityFactors (Factor,CurveId) VALUES ('SEASONALITY/RATE/MULT/UKRPI/OCT','UKRPI_ZC_Swaps');
INSERT CurveConfigurationSeasonalityFactors (Factor,CurveId) VALUES ('SEASONALITY/RATE/MULT/UKRPI/NOV','UKRPI_ZC_Swaps');
INSERT CurveConfigurationSeasonalityFactors (Factor,CurveId) VALUES ('SEASONALITY/RATE/MULT/UKRPI/DEC','UKRPI_ZC_Swaps');
INSERT CurveConfigurationInflationCurves (CurveId,CurveDescription,NominalTermStructure,Type,Conventions,Extrapolation,Calendar,DayCounter,"Lag",Frequency,BaseRate,Tolerance,GroupingId) VALUES ('ZACPI_ZC_Swaps','Estimation Curve for ZACPI','Yield/EUR/EUR1D','ZC','ZACPI_INFLATIONSWAP','true','ZAR','A365','3M','Monthly',0.01,0.000000000001,'ExampleInput');
INSERT CurveConfigurationQuotes (Quote,Seq,CurveId,SeqSegment) VALUES ('ZC_INFLATIONSWAP/RATE/ZACPI/1Y',0,'ZACPI_ZC_Swaps',0);
INSERT CurveConfigurationQuotes (Quote,Seq,CurveId,SeqSegment) VALUES ('ZC_INFLATIONSWAP/RATE/ZACPI/2Y',1,'ZACPI_ZC_Swaps',0);
INSERT CurveConfigurationQuotes (Quote,Seq,CurveId,SeqSegment) VALUES ('ZC_INFLATIONSWAP/RATE/ZACPI/3Y',2,'ZACPI_ZC_Swaps',0);
INSERT CurveConfigurationQuotes (Quote,Seq,CurveId,SeqSegment) VALUES ('ZC_INFLATIONSWAP/RATE/ZACPI/4Y',3,'ZACPI_ZC_Swaps',0);
INSERT CurveConfigurationQuotes (Quote,Seq,CurveId,SeqSegment) VALUES ('ZC_INFLATIONSWAP/RATE/ZACPI/5Y',4,'ZACPI_ZC_Swaps',0);
INSERT CurveConfigurationQuotes (Quote,Seq,CurveId,SeqSegment) VALUES ('ZC_INFLATIONSWAP/RATE/ZACPI/6Y',5,'ZACPI_ZC_Swaps',0);
INSERT CurveConfigurationQuotes (Quote,Seq,CurveId,SeqSegment) VALUES ('ZC_INFLATIONSWAP/RATE/ZACPI/7Y',6,'ZACPI_ZC_Swaps',0);
INSERT CurveConfigurationQuotes (Quote,Seq,CurveId,SeqSegment) VALUES ('ZC_INFLATIONSWAP/RATE/ZACPI/8Y',7,'ZACPI_ZC_Swaps',0);
INSERT CurveConfigurationQuotes (Quote,Seq,CurveId,SeqSegment) VALUES ('ZC_INFLATIONSWAP/RATE/ZACPI/9Y',8,'ZACPI_ZC_Swaps',0);
INSERT CurveConfigurationQuotes (Quote,Seq,CurveId,SeqSegment) VALUES ('ZC_INFLATIONSWAP/RATE/ZACPI/10Y',9,'ZACPI_ZC_Swaps',0);
INSERT CurveConfigurationQuotes (Quote,Seq,CurveId,SeqSegment) VALUES ('ZC_INFLATIONSWAP/RATE/ZACPI/12Y',10,'ZACPI_ZC_Swaps',0);
INSERT CurveConfigurationQuotes (Quote,Seq,CurveId,SeqSegment) VALUES ('ZC_INFLATIONSWAP/RATE/ZACPI/15Y',11,'ZACPI_ZC_Swaps',0);
INSERT CurveConfigurationQuotes (Quote,Seq,CurveId,SeqSegment) VALUES ('ZC_INFLATIONSWAP/RATE/ZACPI/20Y',12,'ZACPI_ZC_Swaps',0);
INSERT CurveConfigurationQuotes (Quote,Seq,CurveId,SeqSegment) VALUES ('ZC_INFLATIONSWAP/RATE/ZACPI/25Y',13,'ZACPI_ZC_Swaps',0);
INSERT CurveConfigurationQuotes (Quote,Seq,CurveId,SeqSegment) VALUES ('ZC_INFLATIONSWAP/RATE/ZACPI/30Y',14,'ZACPI_ZC_Swaps',0);
INSERT CurveConfigurationInflationCapFloorPriceSurfaces (CurveId,CurveDescription,Type,StartRate,ObservationLag,Calendar,BusinessDayConvention,DayCounter,IndexName,IndexCurve,IndexInterpolated,YieldTermStructure,FloorStrikes,Maturities,GroupingId) VALUES ('EUHICPXT_ZC_CF','Price Surface ZC CapFloor EUHICPXT','ZC',0.10,'3M','TARGET','MF','A365','EUHICPXT','Inflation/EUHICPXT/EUHICPXT_ZC_Swaps','false','Yield/EUR/EUR1D','-0.02,-0.01,-0.005,0.00,0.01,0.015,0.02,0.025,0.03','1Y,2Y,3Y,4Y,5Y,6Y,7Y,8Y,9Y,10Y,12Y,15Y,20Y,30Y','ExampleInput');
INSERT CurveConfigurationInflationCapFloorPriceSurfaces (CurveId,CurveDescription,Type,StartRate,ObservationLag,Calendar,BusinessDayConvention,DayCounter,IndexName,IndexCurve,IndexInterpolated,YieldTermStructure,FloorStrikes,Maturities,GroupingId) VALUES ('USCPI_ZC_CF','Price Surface ZC CapFloor USCPI','ZC',0.00,'3M','US','MF','A365','USCPI','Inflation/USCPI/USCPI_ZC_Swaps','false','Yield/USD/USD1D','-0.02,-0.015,-0.01,-0.005,0.00,0.01,0.015,0.02,0.025,0.03','1Y,2Y,3Y,4Y,5Y,6Y,7Y,8Y,9Y,10Y,12Y,15Y,20Y,30Y','ExampleInput');
INSERT CurveConfigurationInflationCapFloorPriceSurfaces (CurveId,CurveDescription,Type,StartRate,ObservationLag,Calendar,BusinessDayConvention,DayCounter,IndexName,IndexCurve,IndexInterpolated,YieldTermStructure,FloorStrikes,Maturities,GroupingId) VALUES ('UKRPI_ZC_CF','Price Surface ZC CapFloor UKRPI','ZC',0.00,'3M','GBP','MF','A365','UKRPI','Inflation/UKRPI/UKRPI_ZC_Swaps','false','Yield/GBP/GBP1D','-0.03,-0.02,-0.015,-0.01,-0.005,0.00,0.005,0.01,0.015,0.02,0.025,0.03','1Y,2Y,3Y,4Y,5Y,6Y,7Y,8Y,9Y,10Y,12Y,15Y,20Y','ExampleInput');
INSERT CurveConfigurationEquityCurves (CurveId,CurveDescription,Currency,ForecastingCurve,Type,SpotQuote,DayCounter,GroupingId,DividendInterpolationVariable,DividendInterpolationMethod) VALUES ('SP5','SP 500 equity price projection curve','USD','USD1D','DividendYield','EQUITY/PRICE/SP5/USD','A365','ExampleInput','Zero','Linear');
INSERT CurveConfigurationQuotes (Quote,Seq,CurveId,SeqSegment) VALUES ('EQUITY_DIVIDEND/RATE/SP5/USD/3M',0,'SP5',0);
INSERT CurveConfigurationQuotes (Quote,Seq,CurveId,SeqSegment) VALUES ('EQUITY_DIVIDEND/RATE/SP5/USD/20160915',1,'SP5',0);
INSERT CurveConfigurationQuotes (Quote,Seq,CurveId,SeqSegment) VALUES ('EQUITY_DIVIDEND/RATE/SP5/USD/1Y',2,'SP5',0);
INSERT CurveConfigurationQuotes (Quote,Seq,CurveId,SeqSegment) VALUES ('EQUITY_DIVIDEND/RATE/SP5/USD/20170915',3,'SP5',0);
INSERT CurveConfigurationEquityCurves (CurveId,CurveDescription,Currency,ForecastingCurve,Type,SpotQuote,DayCounter,GroupingId) VALUES ('Lufthansa','Lufthansa equity price projection curve','EUR','EUR1D','ForwardPrice','EQUITY/PRICE/Lufthansa/EUR','A365','ExampleInput');
INSERT CurveConfigurationQuotes (Quote,Seq,CurveId,SeqSegment) VALUES ('EQUITY_FWD/PRICE/Lufthansa/EUR/2016-06-16',0,'Lufthansa',0);
INSERT CurveConfigurationQuotes (Quote,Seq,CurveId,SeqSegment) VALUES ('EQUITY_FWD/PRICE/Lufthansa/EUR/6M',1,'Lufthansa',0);
INSERT CurveConfigurationQuotes (Quote,Seq,CurveId,SeqSegment) VALUES ('EQUITY_FWD/PRICE/Lufthansa/EUR/2017-06-16',2,'Lufthansa',0);
INSERT CurveConfigurationQuotes (Quote,Seq,CurveId,SeqSegment) VALUES ('EQUITY_FWD/PRICE/Lufthansa/EUR/2Y',3,'Lufthansa',0);
INSERT CurveConfigurationEquityVolatilities (CurveId,CurveDescription,Currency,Dimension,Expiries,GroupingId) VALUES ('SP5','Lognormal option implied vols for SP 500','USD','ATM','6M','ExampleInput');
INSERT CurveConfigurationEquityVolatilities (CurveId,Currency,Dimension,Expiries,GroupingId) VALUES ('Lufthansa','EUR','ATM','2016-06-15','ExampleInput');
INSERT CurveConfigurationSecurities (CurveId,CurveDescription,SpreadQuote,RecoveryRateQuote,GroupingId) VALUES ('SECURITY_1','Security','BOND/YIELD_SPREAD/SECURITY_1','RECOVERY_RATE/RATE/SECURITY_1','ExampleInput');
