use ORE

INSERT OreParametersConfigs (id,Description) VALUES ('Example_1','Example_1 Description')
INSERT OreParametersSetup (Parameter,name,OreConfigId) VALUES ('2016-02-05','asofDate','Example_1')
INSERT OreParametersSetup (Parameter,name,OreConfigId) VALUES ('Input','inputPath','Example_1')
INSERT OreParametersSetup (Parameter,name,OreConfigId) VALUES ('Output','outputPath','Example_1')
INSERT OreParametersSetup (Parameter,name,OreConfigId) VALUES ('log.txt','logFile','Example_1')
INSERT OreParametersSetup (Parameter,name,OreConfigId) VALUES ('31','logMask','Example_1')
INSERT OreParametersSetup (Parameter,name,OreConfigId) VALUES ('../../Input/market_20160205_flat.txt','marketDataFile','Example_1')
INSERT OreParametersSetup (Parameter,name,OreConfigId) VALUES ('../../Input/fixings_20160205.txt','fixingDataFile','Example_1')
INSERT OreParametersSetup (Parameter,name,OreConfigId) VALUES ('Y','implyTodaysFixings','Example_1')
INSERT OreParametersSetup (Parameter,name,OreConfigId) VALUES ('../../Input/curveconfig.xml','curveConfigFile','Example_1')
INSERT OreParametersSetup (Parameter,name,OreConfigId) VALUES ('../../Input/conventions.xml','conventionsFile','Example_1')
INSERT OreParametersSetup (Parameter,name,OreConfigId) VALUES ('../../Input/todaysmarket.xml','marketConfigFile','Example_1')
INSERT OreParametersSetup (Parameter,name,OreConfigId) VALUES ('../../Input/pricingengine.xml','pricingEnginesFile','Example_1')
INSERT OreParametersSetup (Parameter,name,OreConfigId) VALUES ('portfolio_swap.xml','portfolioFile','Example_1')
INSERT OreParametersSetup (Parameter,name,OreConfigId) VALUES ('None','observationModel','Example_1')
INSERT OreParametersMarkets (Parameter,name,OreConfigId) VALUES ('libor','lgmcalibration','Example_1')
INSERT OreParametersMarkets (Parameter,name,OreConfigId) VALUES ('libor','fxcalibration','Example_1')
INSERT OreParametersMarkets (Parameter,name,OreConfigId) VALUES ('libor','eqcalibration','Example_1')
INSERT OreParametersMarkets (Parameter,name,OreConfigId) VALUES ('libor','pricing','Example_1')
INSERT OreParametersMarkets (Parameter,name,OreConfigId) VALUES ('libor','simulation','Example_1')
INSERT OreParametersAnalytics (Parameter,name,type,OreConfigId) VALUES ('Y','active','npv','Example_1')
INSERT OreParametersAnalytics (Parameter,name,type,OreConfigId) VALUES ('EUR','baseCurrency','npv','Example_1')
INSERT OreParametersAnalytics (Parameter,name,type,OreConfigId) VALUES ('npv.csv','outputFileName','npv','Example_1')
INSERT OreParametersAnalytics (Parameter,name,type,OreConfigId) VALUES ('Y','active','cashflow','Example_1')
INSERT OreParametersAnalytics (Parameter,name,type,OreConfigId) VALUES ('flows.csv','outputFileName','cashflow','Example_1')
INSERT OreParametersAnalytics (Parameter,name,type,OreConfigId) VALUES ('Y','active','curves','Example_1')
INSERT OreParametersAnalytics (Parameter,name,type,OreConfigId) VALUES ('default','configuration','curves','Example_1')
INSERT OreParametersAnalytics (Parameter,name,type,OreConfigId) VALUES ('240,1M','grid','curves','Example_1')
INSERT OreParametersAnalytics (Parameter,name,type,OreConfigId) VALUES ('curves.csv','outputFileName','curves','Example_1')
INSERT OreParametersAnalytics (Parameter,name,type,OreConfigId) VALUES ('Y','active','simulation','Example_1')
INSERT OreParametersAnalytics (Parameter,name,type,OreConfigId) VALUES ('simulation.xml','simulationConfigFile','simulation','Example_1')
INSERT OreParametersAnalytics (Parameter,name,type,OreConfigId) VALUES ('../../Input/pricingengine.xml','pricingEnginesFile','simulation','Example_1')
INSERT OreParametersAnalytics (Parameter,name,type,OreConfigId) VALUES ('EUR','baseCurrency','simulation','Example_1')
INSERT OreParametersAnalytics (Parameter,name,type,OreConfigId) VALUES ('cube.dat','cubeFile','simulation','Example_1')
INSERT OreParametersAnalytics (Parameter,name,type,OreConfigId) VALUES ('scenariodata.dat','aggregationScenarioDataFileName','simulation','Example_1')
INSERT OreParametersAnalytics (Parameter,name,type,OreConfigId) VALUES ('Y','active','xva','Example_1')
INSERT OreParametersAnalytics (Parameter,name,type,OreConfigId) VALUES ('netting.xml','csaFile','xva','Example_1')
INSERT OreParametersAnalytics (Parameter,name,type,OreConfigId) VALUES ('cube.dat','cubeFile','xva','Example_1')
INSERT OreParametersAnalytics (Parameter,name,type,OreConfigId) VALUES ('scenariodata.dat','scenarioFile','xva','Example_1')
INSERT OreParametersAnalytics (Parameter,name,type,OreConfigId) VALUES ('EUR','baseCurrency','xva','Example_1')
INSERT OreParametersAnalytics (Parameter,name,type,OreConfigId) VALUES ('Y','exposureProfiles','xva','Example_1')
INSERT OreParametersAnalytics (Parameter,name,type,OreConfigId) VALUES ('0.95','quantile','xva','Example_1')
INSERT OreParametersAnalytics (Parameter,name,type,OreConfigId) VALUES ('Symmetric','calculationType','xva','Example_1')
INSERT OreParametersAnalytics (Parameter,name,type,OreConfigId) VALUES ('None','allocationMethod','xva','Example_1')
INSERT OreParametersAnalytics (Parameter,name,type,OreConfigId) VALUES ('1.0','marginalAllocationLimit','xva','Example_1')
INSERT OreParametersAnalytics (Parameter,name,type,OreConfigId) VALUES ('N','exerciseNextBreak','xva','Example_1')
INSERT OreParametersAnalytics (Parameter,name,type,OreConfigId) VALUES ('Y','cva','xva','Example_1')
INSERT OreParametersAnalytics (Parameter,name,type,OreConfigId) VALUES ('N','dva','xva','Example_1')
INSERT OreParametersAnalytics (Parameter,name,type,OreConfigId) VALUES ('BANK','dvaName','xva','Example_1')
INSERT OreParametersAnalytics (Parameter,name,type,OreConfigId) VALUES ('N','fva','xva','Example_1')
INSERT OreParametersAnalytics (Parameter,name,type,OreConfigId) VALUES ('BANK_EUR_BORROW','fvaBorrowingCurve','xva','Example_1')
INSERT OreParametersAnalytics (Parameter,name,type,OreConfigId) VALUES ('BANK_EUR_LEND','fvaLendingCurve','xva','Example_1')
INSERT OreParametersAnalytics (Parameter,name,type,OreConfigId) VALUES ('N','colva','xva','Example_1')
INSERT OreParametersAnalytics (Parameter,name,type,OreConfigId) VALUES ('N','collateralFloor','xva','Example_1')
INSERT OreParametersAnalytics (Parameter,name,type,OreConfigId) VALUES ('rawcube.csv','rawCubeOutputFile','xva','Example_1')
INSERT OreParametersAnalytics (Parameter,name,type,OreConfigId) VALUES ('netcube.csv','netCubeOutputFile','xva','Example_1')
INSERT OreParametersAnalytics (Parameter,name,type,OreConfigId) VALUES ('N','active','initialMargin','Example_1')
INSERT OreParametersAnalytics (name,type,OreConfigId) VALUES ('method','initialMargin','Example_1')
INSERT OreParametersConfigs (id,Description) VALUES ('Example_2','Example_2 Description')
INSERT OreParametersSetup (Parameter,name,OreConfigId) VALUES ('2016-02-05','asofDate','Example_2')
INSERT OreParametersSetup (Parameter,name,OreConfigId) VALUES ('Input','inputPath','Example_2')
INSERT OreParametersSetup (Parameter,name,OreConfigId) VALUES ('Output','outputPath','Example_2')
INSERT OreParametersSetup (Parameter,name,OreConfigId) VALUES ('log.txt','logFile','Example_2')
INSERT OreParametersSetup (Parameter,name,OreConfigId) VALUES ('../../Input/market_20160205.txt','marketDataFile','Example_2')
INSERT OreParametersSetup (Parameter,name,OreConfigId) VALUES ('../../Input/fixings_20160205.txt','fixingDataFile','Example_2')
INSERT OreParametersSetup (Parameter,name,OreConfigId) VALUES ('N','implyTodaysFixings','Example_2')
INSERT OreParametersSetup (Parameter,name,OreConfigId) VALUES ('../../Input/curveconfig.xml','curveConfigFile','Example_2')
INSERT OreParametersSetup (Parameter,name,OreConfigId) VALUES ('../../Input/conventions.xml','conventionsFile','Example_2')
INSERT OreParametersSetup (Parameter,name,OreConfigId) VALUES ('../../Input/todaysmarket.xml','marketConfigFile','Example_2')
INSERT OreParametersSetup (Parameter,name,OreConfigId) VALUES ('../../Input/pricingengine.xml','pricingEnginesFile','Example_2')
INSERT OreParametersSetup (Parameter,name,OreConfigId) VALUES ('portfolio_swap.xml','portfolioFile','Example_2')
INSERT OreParametersSetup (Parameter,name,OreConfigId) VALUES ('Disable','observationModel','Example_2')
INSERT OreParametersMarkets (Parameter,name,OreConfigId) VALUES ('collateral_inccy','lgmcalibration','Example_2')
INSERT OreParametersMarkets (Parameter,name,OreConfigId) VALUES ('collateral_eur','fxcalibration','Example_2')
INSERT OreParametersMarkets (Parameter,name,OreConfigId) VALUES ('collateral_eur','pricing','Example_2')
INSERT OreParametersMarkets (Parameter,name,OreConfigId) VALUES ('collateral_eur','simulation','Example_2')
INSERT OreParametersAnalytics (Parameter,name,type,OreConfigId) VALUES ('Y','active','npv','Example_2')
INSERT OreParametersAnalytics (Parameter,name,type,OreConfigId) VALUES ('EUR','baseCurrency','npv','Example_2')
INSERT OreParametersAnalytics (Parameter,name,type,OreConfigId) VALUES ('npv.csv','outputFileName','npv','Example_2')
INSERT OreParametersAnalytics (Parameter,name,type,OreConfigId) VALUES ('Y','active','cashflow','Example_2')
INSERT OreParametersAnalytics (Parameter,name,type,OreConfigId) VALUES ('flows.csv','outputFileName','cashflow','Example_2')
INSERT OreParametersAnalytics (Parameter,name,type,OreConfigId) VALUES ('Y','active','curves','Example_2')
INSERT OreParametersAnalytics (Parameter,name,type,OreConfigId) VALUES ('default','configuration','curves','Example_2')
INSERT OreParametersAnalytics (Parameter,name,type,OreConfigId) VALUES ('240,1M','grid','curves','Example_2')
INSERT OreParametersAnalytics (Parameter,name,type,OreConfigId) VALUES ('curves.csv','outputFileName','curves','Example_2')
INSERT OreParametersAnalytics (Parameter,name,type,OreConfigId) VALUES ('Y','active','simulation','Example_2')
INSERT OreParametersAnalytics (Parameter,name,type,OreConfigId) VALUES ('simulation.xml','simulationConfigFile','simulation','Example_2')
INSERT OreParametersAnalytics (Parameter,name,type,OreConfigId) VALUES ('../../Input/pricingengine.xml','pricingEnginesFile','simulation','Example_2')
INSERT OreParametersAnalytics (Parameter,name,type,OreConfigId) VALUES ('EUR','baseCurrency','simulation','Example_2')
INSERT OreParametersAnalytics (Parameter,name,type,OreConfigId) VALUES ('cube.dat','cubeFile','simulation','Example_2')
INSERT OreParametersAnalytics (Parameter,name,type,OreConfigId) VALUES ('scenariodata.dat','aggregationScenarioDataFileName','simulation','Example_2')
INSERT OreParametersAnalytics (Parameter,name,type,OreConfigId) VALUES ('Y','active','xva','Example_2')
INSERT OreParametersAnalytics (Parameter,name,type,OreConfigId) VALUES ('netting.xml','csaFile','xva','Example_2')
INSERT OreParametersAnalytics (Parameter,name,type,OreConfigId) VALUES ('cube.dat','cubeFile','xva','Example_2')
INSERT OreParametersAnalytics (Parameter,name,type,OreConfigId) VALUES ('scenariodata.dat','scenarioFile','xva','Example_2')
INSERT OreParametersAnalytics (Parameter,name,type,OreConfigId) VALUES ('EUR','baseCurrency','xva','Example_2')
INSERT OreParametersAnalytics (Parameter,name,type,OreConfigId) VALUES ('Y','exposureProfiles','xva','Example_2')
INSERT OreParametersAnalytics (Parameter,name,type,OreConfigId) VALUES ('0.95','quantile','xva','Example_2')
INSERT OreParametersAnalytics (Parameter,name,type,OreConfigId) VALUES ('Symmetric','calculationType','xva','Example_2')
INSERT OreParametersAnalytics (Parameter,name,type,OreConfigId) VALUES ('None','allocationMethod','xva','Example_2')
INSERT OreParametersAnalytics (Parameter,name,type,OreConfigId) VALUES ('1.0','marginalAllocationLimit','xva','Example_2')
INSERT OreParametersAnalytics (Parameter,name,type,OreConfigId) VALUES ('N','exerciseNextBreak','xva','Example_2')
INSERT OreParametersAnalytics (Parameter,name,type,OreConfigId) VALUES ('Y','cva','xva','Example_2')
INSERT OreParametersAnalytics (Parameter,name,type,OreConfigId) VALUES ('N','dva','xva','Example_2')
INSERT OreParametersAnalytics (Parameter,name,type,OreConfigId) VALUES ('BANK','dvaName','xva','Example_2')
INSERT OreParametersAnalytics (Parameter,name,type,OreConfigId) VALUES ('N','fva','xva','Example_2')
INSERT OreParametersAnalytics (Parameter,name,type,OreConfigId) VALUES ('BANK_EUR_BORROW','fvaBorrowingCurve','xva','Example_2')
INSERT OreParametersAnalytics (Parameter,name,type,OreConfigId) VALUES ('BANK_EUR_LEND','fvaLendingCurve','xva','Example_2')
INSERT OreParametersAnalytics (Parameter,name,type,OreConfigId) VALUES ('N','colva','xva','Example_2')
INSERT OreParametersAnalytics (Parameter,name,type,OreConfigId) VALUES ('N','collateralFloor','xva','Example_2')
INSERT OreParametersAnalytics (Parameter,name,type,OreConfigId) VALUES ('rawcube.csv','rawCubeOutputFile','xva','Example_2')
INSERT OreParametersAnalytics (Parameter,name,type,OreConfigId) VALUES ('netcube.csv','netCubeOutputFile','xva','Example_2')
INSERT OreParametersAnalytics (Parameter,name,type,OreConfigId) VALUES ('N','active','initialMargin','Example_2')
INSERT OreParametersAnalytics (name,type,OreConfigId) VALUES ('method','initialMargin','Example_2')
INSERT OreParametersConfigs (id,Description) VALUES ('Example_3','Example_3 Description')
INSERT OreParametersSetup (Parameter,name,OreConfigId) VALUES ('2016-02-05','asofDate','Example_3')
INSERT OreParametersSetup (Parameter,name,OreConfigId) VALUES ('Input','inputPath','Example_3')
INSERT OreParametersSetup (Parameter,name,OreConfigId) VALUES ('Output','outputPath','Example_3')
INSERT OreParametersSetup (Parameter,name,OreConfigId) VALUES ('log.txt','logFile','Example_3')
INSERT OreParametersSetup (Parameter,name,OreConfigId) VALUES ('255','logMask','Example_3')
INSERT OreParametersSetup (Parameter,name,OreConfigId) VALUES ('../../Input/market_20160205.txt','marketDataFile','Example_3')
INSERT OreParametersSetup (Parameter,name,OreConfigId) VALUES ('../../Input/fixings_20160205.txt','fixingDataFile','Example_3')
INSERT OreParametersSetup (Parameter,name,OreConfigId) VALUES ('N','implyTodaysFixings','Example_3')
INSERT OreParametersSetup (Parameter,name,OreConfigId) VALUES ('../../Input/curveconfig.xml','curveConfigFile','Example_3')
INSERT OreParametersSetup (Parameter,name,OreConfigId) VALUES ('../../Input/conventions.xml','conventionsFile','Example_3')
INSERT OreParametersSetup (Parameter,name,OreConfigId) VALUES ('../../Input/todaysmarket.xml','marketConfigFile','Example_3')
INSERT OreParametersSetup (Parameter,name,OreConfigId) VALUES ('../../Input/pricingengine.xml','pricingEnginesFile','Example_3')
INSERT OreParametersSetup (Parameter,name,OreConfigId) VALUES ('portfolio.xml','portfolioFile','Example_3')
INSERT OreParametersSetup (Parameter,name,OreConfigId) VALUES ('Disable','observationModel','Example_3')
INSERT OreParametersMarkets (Parameter,name,OreConfigId) VALUES ('collateral_inccy','lgmcalibration','Example_3')
INSERT OreParametersMarkets (Parameter,name,OreConfigId) VALUES ('collateral_eur','fxcalibration','Example_3')
INSERT OreParametersMarkets (Parameter,name,OreConfigId) VALUES ('collateral_eur','pricing','Example_3')
INSERT OreParametersMarkets (Parameter,name,OreConfigId) VALUES ('collateral_eur','simulation','Example_3')
INSERT OreParametersAnalytics (Parameter,name,type,OreConfigId) VALUES ('Y','active','npv','Example_3')
INSERT OreParametersAnalytics (Parameter,name,type,OreConfigId) VALUES ('EUR','baseCurrency','npv','Example_3')
INSERT OreParametersAnalytics (Parameter,name,type,OreConfigId) VALUES ('npv.csv','outputFileName','npv','Example_3')
INSERT OreParametersAnalytics (Parameter,name,type,OreConfigId) VALUES ('Y','active','cashflow','Example_3')
INSERT OreParametersAnalytics (Parameter,name,type,OreConfigId) VALUES ('flows.csv','outputFileName','cashflow','Example_3')
INSERT OreParametersAnalytics (Parameter,name,type,OreConfigId) VALUES ('Y','active','curves','Example_3')
INSERT OreParametersAnalytics (Parameter,name,type,OreConfigId) VALUES ('default','configuration','curves','Example_3')
INSERT OreParametersAnalytics (Parameter,name,type,OreConfigId) VALUES ('240,1M','grid','curves','Example_3')
INSERT OreParametersAnalytics (Parameter,name,type,OreConfigId) VALUES ('curves.csv','outputFileName','curves','Example_3')
INSERT OreParametersAnalytics (Parameter,name,type,OreConfigId) VALUES ('Y','active','simulation','Example_3')
INSERT OreParametersAnalytics (Parameter,name,type,OreConfigId) VALUES ('simulation.xml','simulationConfigFile','simulation','Example_3')
INSERT OreParametersAnalytics (Parameter,name,type,OreConfigId) VALUES ('../../Input/pricingengine.xml','pricingEnginesFile','simulation','Example_3')
INSERT OreParametersAnalytics (Parameter,name,type,OreConfigId) VALUES ('EUR','baseCurrency','simulation','Example_3')
INSERT OreParametersAnalytics (Parameter,name,type,OreConfigId) VALUES ('cube.dat','cubeFile','simulation','Example_3')
INSERT OreParametersAnalytics (Parameter,name,type,OreConfigId) VALUES ('scenariodata.dat','aggregationScenarioDataFileName','simulation','Example_3')
INSERT OreParametersAnalytics (Parameter,name,type,OreConfigId) VALUES ('Y','active','xva','Example_3')
INSERT OreParametersAnalytics (Parameter,name,type,OreConfigId) VALUES ('netting.xml','csaFile','xva','Example_3')
INSERT OreParametersAnalytics (Parameter,name,type,OreConfigId) VALUES ('cube.dat','cubeFile','xva','Example_3')
INSERT OreParametersAnalytics (Parameter,name,type,OreConfigId) VALUES ('scenariodata.dat','scenarioFile','xva','Example_3')
INSERT OreParametersAnalytics (Parameter,name,type,OreConfigId) VALUES ('EUR','baseCurrency','xva','Example_3')
INSERT OreParametersAnalytics (Parameter,name,type,OreConfigId) VALUES ('Y','exposureProfiles','xva','Example_3')
INSERT OreParametersAnalytics (Parameter,name,type,OreConfigId) VALUES ('0.95','quantile','xva','Example_3')
INSERT OreParametersAnalytics (Parameter,name,type,OreConfigId) VALUES ('Symmetric','calculationType','xva','Example_3')
INSERT OreParametersAnalytics (Parameter,name,type,OreConfigId) VALUES ('None','allocationMethod','xva','Example_3')
INSERT OreParametersAnalytics (Parameter,name,type,OreConfigId) VALUES ('1.0','marginalAllocationLimit','xva','Example_3')
INSERT OreParametersAnalytics (Parameter,name,type,OreConfigId) VALUES ('N','exerciseNextBreak','xva','Example_3')
INSERT OreParametersAnalytics (Parameter,name,type,OreConfigId) VALUES ('Y','cva','xva','Example_3')
INSERT OreParametersAnalytics (Parameter,name,type,OreConfigId) VALUES ('N','dva','xva','Example_3')
INSERT OreParametersAnalytics (Parameter,name,type,OreConfigId) VALUES ('BANK','dvaName','xva','Example_3')
INSERT OreParametersAnalytics (Parameter,name,type,OreConfigId) VALUES ('N','fva','xva','Example_3')
INSERT OreParametersAnalytics (Parameter,name,type,OreConfigId) VALUES ('BANK_EUR_BORROW','fvaBorrowingCurve','xva','Example_3')
INSERT OreParametersAnalytics (Parameter,name,type,OreConfigId) VALUES ('BANK_EUR_LEND','fvaLendingCurve','xva','Example_3')
INSERT OreParametersAnalytics (Parameter,name,type,OreConfigId) VALUES ('N','colva','xva','Example_3')
INSERT OreParametersAnalytics (Parameter,name,type,OreConfigId) VALUES ('N','collateralFloor','xva','Example_3')
INSERT OreParametersAnalytics (Parameter,name,type,OreConfigId) VALUES ('rawcube.csv','rawCubeOutputFile','xva','Example_3')
INSERT OreParametersAnalytics (Parameter,name,type,OreConfigId) VALUES ('netcube.csv','netCubeOutputFile','xva','Example_3')
INSERT OreParametersAnalytics (Parameter,name,type,OreConfigId) VALUES ('N','active','initialMargin','Example_3')
INSERT OreParametersAnalytics (name,type,OreConfigId) VALUES ('method','initialMargin','Example_3')
INSERT OreParametersConfigs (id,Description) VALUES ('Example_4','Example_4 Description')
INSERT OreParametersSetup (Parameter,name,OreConfigId) VALUES ('2016-02-05','asofDate','Example_4')
INSERT OreParametersSetup (Parameter,name,OreConfigId) VALUES ('Input','inputPath','Example_4')
INSERT OreParametersSetup (Parameter,name,OreConfigId) VALUES ('Output','outputPath','Example_4')
INSERT OreParametersSetup (Parameter,name,OreConfigId) VALUES ('log.txt','logFile','Example_4')
INSERT OreParametersSetup (Parameter,name,OreConfigId) VALUES ('../../Input/market_20160205.txt','marketDataFile','Example_4')
INSERT OreParametersSetup (Parameter,name,OreConfigId) VALUES ('../../Input/fixings_20160205.txt','fixingDataFile','Example_4')
INSERT OreParametersSetup (Parameter,name,OreConfigId) VALUES ('N','implyTodaysFixings','Example_4')
INSERT OreParametersSetup (Parameter,name,OreConfigId) VALUES ('../../Input/curveconfig.xml','curveConfigFile','Example_4')
INSERT OreParametersSetup (Parameter,name,OreConfigId) VALUES ('../../Input/conventions.xml','conventionsFile','Example_4')
INSERT OreParametersSetup (Parameter,name,OreConfigId) VALUES ('../../Input/todaysmarket.xml','marketConfigFile','Example_4')
INSERT OreParametersSetup (Parameter,name,OreConfigId) VALUES ('../../Input/pricingengine.xml','pricingEnginesFile','Example_4')
INSERT OreParametersSetup (Parameter,name,OreConfigId) VALUES ('portfolio.xml','portfolioFile','Example_4')
INSERT OreParametersSetup (Parameter,name,OreConfigId) VALUES ('Disable','observationModel','Example_4')
INSERT OreParametersMarkets (Parameter,name,OreConfigId) VALUES ('collateral_inccy','lgmcalibration','Example_4')
INSERT OreParametersMarkets (Parameter,name,OreConfigId) VALUES ('collateral_eur','fxcalibration','Example_4')
INSERT OreParametersMarkets (Parameter,name,OreConfigId) VALUES ('collateral_eur','pricing','Example_4')
INSERT OreParametersMarkets (Parameter,name,OreConfigId) VALUES ('collateral_eur','simulation','Example_4')
INSERT OreParametersAnalytics (Parameter,name,type,OreConfigId) VALUES ('Y','active','npv','Example_4')
INSERT OreParametersAnalytics (Parameter,name,type,OreConfigId) VALUES ('EUR','baseCurrency','npv','Example_4')
INSERT OreParametersAnalytics (Parameter,name,type,OreConfigId) VALUES ('npv.csv','outputFileName','npv','Example_4')
INSERT OreParametersAnalytics (Parameter,name,type,OreConfigId) VALUES ('Y','active','cashflow','Example_4')
INSERT OreParametersAnalytics (Parameter,name,type,OreConfigId) VALUES ('flows.csv','outputFileName','cashflow','Example_4')
INSERT OreParametersAnalytics (Parameter,name,type,OreConfigId) VALUES ('Y','active','curves','Example_4')
INSERT OreParametersAnalytics (Parameter,name,type,OreConfigId) VALUES ('default','configuration','curves','Example_4')
INSERT OreParametersAnalytics (Parameter,name,type,OreConfigId) VALUES ('240,1M','grid','curves','Example_4')
INSERT OreParametersAnalytics (Parameter,name,type,OreConfigId) VALUES ('curves.csv','outputFileName','curves','Example_4')
INSERT OreParametersAnalytics (Parameter,name,type,OreConfigId) VALUES ('Y','active','simulation','Example_4')
INSERT OreParametersAnalytics (Parameter,name,type,OreConfigId) VALUES ('simulation.xml','simulationConfigFile','simulation','Example_4')
INSERT OreParametersAnalytics (Parameter,name,type,OreConfigId) VALUES ('../../Input/pricingengine.xml','pricingEnginesFile','simulation','Example_4')
INSERT OreParametersAnalytics (Parameter,name,type,OreConfigId) VALUES ('EUR','baseCurrency','simulation','Example_4')
INSERT OreParametersAnalytics (Parameter,name,type,OreConfigId) VALUES ('cube.dat','cubeFile','simulation','Example_4')
INSERT OreParametersAnalytics (Parameter,name,type,OreConfigId) VALUES ('scenariodata.dat','aggregationScenarioDataFileName','simulation','Example_4')
INSERT OreParametersAnalytics (Parameter,name,type,OreConfigId) VALUES ('Y','active','xva','Example_4')
INSERT OreParametersAnalytics (Parameter,name,type,OreConfigId) VALUES ('netting.xml','csaFile','xva','Example_4')
INSERT OreParametersAnalytics (Parameter,name,type,OreConfigId) VALUES ('cube.dat','cubeFile','xva','Example_4')
INSERT OreParametersAnalytics (Parameter,name,type,OreConfigId) VALUES ('scenariodata.dat','scenarioFile','xva','Example_4')
INSERT OreParametersAnalytics (Parameter,name,type,OreConfigId) VALUES ('EUR','baseCurrency','xva','Example_4')
INSERT OreParametersAnalytics (Parameter,name,type,OreConfigId) VALUES ('Y','exposureProfiles','xva','Example_4')
INSERT OreParametersAnalytics (Parameter,name,type,OreConfigId) VALUES ('0.95','quantile','xva','Example_4')
INSERT OreParametersAnalytics (Parameter,name,type,OreConfigId) VALUES ('Symmetric','calculationType','xva','Example_4')
INSERT OreParametersAnalytics (Parameter,name,type,OreConfigId) VALUES ('None','allocationMethod','xva','Example_4')
INSERT OreParametersAnalytics (Parameter,name,type,OreConfigId) VALUES ('1.0','marginalAllocationLimit','xva','Example_4')
INSERT OreParametersAnalytics (Parameter,name,type,OreConfigId) VALUES ('N','exerciseNextBreak','xva','Example_4')
INSERT OreParametersAnalytics (Parameter,name,type,OreConfigId) VALUES ('Y','cva','xva','Example_4')
INSERT OreParametersAnalytics (Parameter,name,type,OreConfigId) VALUES ('N','dva','xva','Example_4')
INSERT OreParametersAnalytics (Parameter,name,type,OreConfigId) VALUES ('BANK','dvaName','xva','Example_4')
INSERT OreParametersAnalytics (Parameter,name,type,OreConfigId) VALUES ('N','fva','xva','Example_4')
INSERT OreParametersAnalytics (Parameter,name,type,OreConfigId) VALUES ('BANK_EUR_BORROW','fvaBorrowingCurve','xva','Example_4')
INSERT OreParametersAnalytics (Parameter,name,type,OreConfigId) VALUES ('BANK_EUR_LEND','fvaLendingCurve','xva','Example_4')
INSERT OreParametersAnalytics (Parameter,name,type,OreConfigId) VALUES ('N','colva','xva','Example_4')
INSERT OreParametersAnalytics (Parameter,name,type,OreConfigId) VALUES ('N','collateralFloor','xva','Example_4')
INSERT OreParametersAnalytics (Parameter,name,type,OreConfigId) VALUES ('rawcube.csv','rawCubeOutputFile','xva','Example_4')
INSERT OreParametersAnalytics (Parameter,name,type,OreConfigId) VALUES ('netcube.csv','netCubeOutputFile','xva','Example_4')
INSERT OreParametersAnalytics (Parameter,name,type,OreConfigId) VALUES ('N','active','initialMargin','Example_4')
INSERT OreParametersAnalytics (name,type,OreConfigId) VALUES ('method','initialMargin','Example_4')
INSERT OreParametersConfigs (id,Description) VALUES ('Example_5','Example_5 Description')
INSERT OreParametersSetup (Parameter,name,OreConfigId) VALUES ('2016-02-05','asofDate','Example_5')
INSERT OreParametersSetup (Parameter,name,OreConfigId) VALUES ('Input','inputPath','Example_5')
INSERT OreParametersSetup (Parameter,name,OreConfigId) VALUES ('Output','outputPath','Example_5')
INSERT OreParametersSetup (Parameter,name,OreConfigId) VALUES ('log.txt','logFile','Example_5')
INSERT OreParametersSetup (Parameter,name,OreConfigId) VALUES ('../../Input/market_20160205.txt','marketDataFile','Example_5')
INSERT OreParametersSetup (Parameter,name,OreConfigId) VALUES ('../../Input/fixings_20160205.txt','fixingDataFile','Example_5')
INSERT OreParametersSetup (Parameter,name,OreConfigId) VALUES ('N','implyTodaysFixings','Example_5')
INSERT OreParametersSetup (Parameter,name,OreConfigId) VALUES ('../../Input/curveconfig.xml','curveConfigFile','Example_5')
INSERT OreParametersSetup (Parameter,name,OreConfigId) VALUES ('../../Input/conventions.xml','conventionsFile','Example_5')
INSERT OreParametersSetup (Parameter,name,OreConfigId) VALUES ('../../Input/todaysmarket.xml','marketConfigFile','Example_5')
INSERT OreParametersSetup (Parameter,name,OreConfigId) VALUES ('../../Input/pricingengine.xml','pricingEnginesFile','Example_5')
INSERT OreParametersSetup (Parameter,name,OreConfigId) VALUES ('portfolio.xml','portfolioFile','Example_5')
INSERT OreParametersSetup (Parameter,name,OreConfigId) VALUES ('Disable','observationModel','Example_5')
INSERT OreParametersMarkets (Parameter,name,OreConfigId) VALUES ('collateral_inccy','lgmcalibration','Example_5')
INSERT OreParametersMarkets (Parameter,name,OreConfigId) VALUES ('collateral_eur','fxcalibration','Example_5')
INSERT OreParametersMarkets (Parameter,name,OreConfigId) VALUES ('collateral_eur','pricing','Example_5')
INSERT OreParametersMarkets (Parameter,name,OreConfigId) VALUES ('collateral_eur','simulation','Example_5')
INSERT OreParametersAnalytics (Parameter,name,type,OreConfigId) VALUES ('Y','active','npv','Example_5')
INSERT OreParametersAnalytics (Parameter,name,type,OreConfigId) VALUES ('EUR','baseCurrency','npv','Example_5')
INSERT OreParametersAnalytics (Parameter,name,type,OreConfigId) VALUES ('npv.csv','outputFileName','npv','Example_5')
INSERT OreParametersAnalytics (Parameter,name,type,OreConfigId) VALUES ('Y','active','cashflow','Example_5')
INSERT OreParametersAnalytics (Parameter,name,type,OreConfigId) VALUES ('flows.csv','outputFileName','cashflow','Example_5')
INSERT OreParametersAnalytics (Parameter,name,type,OreConfigId) VALUES ('Y','active','curves','Example_5')
INSERT OreParametersAnalytics (Parameter,name,type,OreConfigId) VALUES ('default','configuration','curves','Example_5')
INSERT OreParametersAnalytics (Parameter,name,type,OreConfigId) VALUES ('240,1M','grid','curves','Example_5')
INSERT OreParametersAnalytics (Parameter,name,type,OreConfigId) VALUES ('curves.csv','outputFileName','curves','Example_5')
INSERT OreParametersAnalytics (Parameter,name,type,OreConfigId) VALUES ('Y','active','simulation','Example_5')
INSERT OreParametersAnalytics (Parameter,name,type,OreConfigId) VALUES ('simulation.xml','simulationConfigFile','simulation','Example_5')
INSERT OreParametersAnalytics (Parameter,name,type,OreConfigId) VALUES ('../../Input/pricingengine.xml','pricingEnginesFile','simulation','Example_5')
INSERT OreParametersAnalytics (Parameter,name,type,OreConfigId) VALUES ('EUR','baseCurrency','simulation','Example_5')
INSERT OreParametersAnalytics (Parameter,name,type,OreConfigId) VALUES ('cube.dat','cubeFile','simulation','Example_5')
INSERT OreParametersAnalytics (Parameter,name,type,OreConfigId) VALUES ('scenariodata.dat','aggregationScenarioDataFileName','simulation','Example_5')
INSERT OreParametersAnalytics (Parameter,name,type,OreConfigId) VALUES ('Y','active','xva','Example_5')
INSERT OreParametersAnalytics (Parameter,name,type,OreConfigId) VALUES ('netting.xml','csaFile','xva','Example_5')
INSERT OreParametersAnalytics (Parameter,name,type,OreConfigId) VALUES ('cube.dat','cubeFile','xva','Example_5')
INSERT OreParametersAnalytics (Parameter,name,type,OreConfigId) VALUES ('scenariodata.dat','scenarioFile','xva','Example_5')
INSERT OreParametersAnalytics (Parameter,name,type,OreConfigId) VALUES ('EUR','baseCurrency','xva','Example_5')
INSERT OreParametersAnalytics (Parameter,name,type,OreConfigId) VALUES ('Y','exposureProfiles','xva','Example_5')
INSERT OreParametersAnalytics (Parameter,name,type,OreConfigId) VALUES ('0.95','quantile','xva','Example_5')
INSERT OreParametersAnalytics (Parameter,name,type,OreConfigId) VALUES ('Symmetric','calculationType','xva','Example_5')
INSERT OreParametersAnalytics (Parameter,name,type,OreConfigId) VALUES ('None','allocationMethod','xva','Example_5')
INSERT OreParametersAnalytics (Parameter,name,type,OreConfigId) VALUES ('1.0','marginalAllocationLimit','xva','Example_5')
INSERT OreParametersAnalytics (Parameter,name,type,OreConfigId) VALUES ('N','exerciseNextBreak','xva','Example_5')
INSERT OreParametersAnalytics (Parameter,name,type,OreConfigId) VALUES ('Y','cva','xva','Example_5')
INSERT OreParametersAnalytics (Parameter,name,type,OreConfigId) VALUES ('N','dva','xva','Example_5')
INSERT OreParametersAnalytics (Parameter,name,type,OreConfigId) VALUES ('BANK','dvaName','xva','Example_5')
INSERT OreParametersAnalytics (Parameter,name,type,OreConfigId) VALUES ('N','fva','xva','Example_5')
INSERT OreParametersAnalytics (Parameter,name,type,OreConfigId) VALUES ('BANK_EUR_BORROW','fvaBorrowingCurve','xva','Example_5')
INSERT OreParametersAnalytics (Parameter,name,type,OreConfigId) VALUES ('BANK_EUR_LEND','fvaLendingCurve','xva','Example_5')
INSERT OreParametersAnalytics (Parameter,name,type,OreConfigId) VALUES ('N','colva','xva','Example_5')
INSERT OreParametersAnalytics (Parameter,name,type,OreConfigId) VALUES ('N','collateralFloor','xva','Example_5')
INSERT OreParametersAnalytics (Parameter,name,type,OreConfigId) VALUES ('rawcube.csv','rawCubeOutputFile','xva','Example_5')
INSERT OreParametersAnalytics (Parameter,name,type,OreConfigId) VALUES ('netcube.csv','netCubeOutputFile','xva','Example_5')
INSERT OreParametersAnalytics (Parameter,name,type,OreConfigId) VALUES ('N','active','initialMargin','Example_5')
INSERT OreParametersAnalytics (name,type,OreConfigId) VALUES ('method','initialMargin','Example_5')
INSERT OreParametersConfigs (id,Description) VALUES ('Example_7','Example_7 Description')
INSERT OreParametersSetup (Parameter,name,OreConfigId) VALUES ('Input','inputPath','Example_7')
INSERT OreParametersSetup (Parameter,name,OreConfigId) VALUES ('Output','outputPath','Example_7')
INSERT OreParametersSetup (Parameter,name,OreConfigId) VALUES ('2016-02-05','asofDate','Example_7')
INSERT OreParametersSetup (Parameter,name,OreConfigId) VALUES ('../../Input/market_20160205.txt','marketDataFile','Example_7')
INSERT OreParametersSetup (Parameter,name,OreConfigId) VALUES ('../../Input/fixings_20160205.txt','fixingDataFile','Example_7')
INSERT OreParametersSetup (Parameter,name,OreConfigId) VALUES ('N','implyTodaysFixings','Example_7')
INSERT OreParametersSetup (Parameter,name,OreConfigId) VALUES ('log.txt','logFile','Example_7')
INSERT OreParametersSetup (Parameter,name,OreConfigId) VALUES ('../../Input/curveconfig.xml','curveConfigFile','Example_7')
INSERT OreParametersSetup (Parameter,name,OreConfigId) VALUES ('../../Input/conventions.xml','conventionsFile','Example_7')
INSERT OreParametersSetup (Parameter,name,OreConfigId) VALUES ('../../Input/todaysmarket.xml','marketConfigFile','Example_7')
INSERT OreParametersSetup (Parameter,name,OreConfigId) VALUES ('../../Input/pricingengine.xml','pricingEnginesFile','Example_7')
INSERT OreParametersSetup (Parameter,name,OreConfigId) VALUES ('portfolio.xml','portfolioFile','Example_7')
INSERT OreParametersSetup (Parameter,name,OreConfigId) VALUES ('Disable','observationModel','Example_7')
INSERT OreParametersMarkets (Parameter,name,OreConfigId) VALUES ('collateral_inccy','lgmcalibration','Example_7')
INSERT OreParametersMarkets (Parameter,name,OreConfigId) VALUES ('collateral_eur','fxcalibration','Example_7')
INSERT OreParametersMarkets (Parameter,name,OreConfigId) VALUES ('collateral_eur','pricing','Example_7')
INSERT OreParametersMarkets (Parameter,name,OreConfigId) VALUES ('collateral_eur','simulation','Example_7')
INSERT OreParametersAnalytics (Parameter,name,type,OreConfigId) VALUES ('Y','active','npv','Example_7')
INSERT OreParametersAnalytics (Parameter,name,type,OreConfigId) VALUES ('EUR','baseCurrency','npv','Example_7')
INSERT OreParametersAnalytics (Parameter,name,type,OreConfigId) VALUES ('npv.csv','outputFileName','npv','Example_7')
INSERT OreParametersAnalytics (Parameter,name,type,OreConfigId) VALUES ('Y','active','cashflow','Example_7')
INSERT OreParametersAnalytics (Parameter,name,type,OreConfigId) VALUES ('flows.csv','outputFileName','cashflow','Example_7')
INSERT OreParametersAnalytics (Parameter,name,type,OreConfigId) VALUES ('Y','active','curves','Example_7')
INSERT OreParametersAnalytics (Parameter,name,type,OreConfigId) VALUES ('default','configuration','curves','Example_7')
INSERT OreParametersAnalytics (Parameter,name,type,OreConfigId) VALUES ('240,1M','grid','curves','Example_7')
INSERT OreParametersAnalytics (Parameter,name,type,OreConfigId) VALUES ('curves.csv','outputFileName','curves','Example_7')
INSERT OreParametersAnalytics (Parameter,name,type,OreConfigId) VALUES ('Y','active','simulation','Example_7')
INSERT OreParametersAnalytics (Parameter,name,type,OreConfigId) VALUES ('simulation.xml','simulationConfigFile','simulation','Example_7')
INSERT OreParametersAnalytics (Parameter,name,type,OreConfigId) VALUES ('../../Input/pricingengine.xml','pricingEnginesFile','simulation','Example_7')
INSERT OreParametersAnalytics (Parameter,name,type,OreConfigId) VALUES ('EUR','baseCurrency','simulation','Example_7')
INSERT OreParametersAnalytics (Parameter,name,type,OreConfigId) VALUES ('cube.dat','cubeFile','simulation','Example_7')
INSERT OreParametersAnalytics (Parameter,name,type,OreConfigId) VALUES ('scenariodata.dat','aggregationScenarioDataFileName','simulation','Example_7')
INSERT OreParametersAnalytics (Parameter,name,type,OreConfigId) VALUES ('Y','active','xva','Example_7')
INSERT OreParametersAnalytics (Parameter,name,type,OreConfigId) VALUES ('netting.xml','csaFile','xva','Example_7')
INSERT OreParametersAnalytics (Parameter,name,type,OreConfigId) VALUES ('cube.dat','cubeFile','xva','Example_7')
INSERT OreParametersAnalytics (Parameter,name,type,OreConfigId) VALUES ('scenariodata.dat','scenarioFile','xva','Example_7')
INSERT OreParametersAnalytics (Parameter,name,type,OreConfigId) VALUES ('EUR','baseCurrency','xva','Example_7')
INSERT OreParametersAnalytics (Parameter,name,type,OreConfigId) VALUES ('Y','exposureProfiles','xva','Example_7')
INSERT OreParametersAnalytics (Parameter,name,type,OreConfigId) VALUES ('0.95','quantile','xva','Example_7')
INSERT OreParametersAnalytics (Parameter,name,type,OreConfigId) VALUES ('Symmetric','calculationType','xva','Example_7')
INSERT OreParametersAnalytics (Parameter,name,type,OreConfigId) VALUES ('None','allocationMethod','xva','Example_7')
INSERT OreParametersAnalytics (Parameter,name,type,OreConfigId) VALUES ('1.0','marginalAllocationLimit','xva','Example_7')
INSERT OreParametersAnalytics (Parameter,name,type,OreConfigId) VALUES ('N','exerciseNextBreak','xva','Example_7')
INSERT OreParametersAnalytics (Parameter,name,type,OreConfigId) VALUES ('Y','cva','xva','Example_7')
INSERT OreParametersAnalytics (Parameter,name,type,OreConfigId) VALUES ('N','dva','xva','Example_7')
INSERT OreParametersAnalytics (Parameter,name,type,OreConfigId) VALUES ('BANK','dvaName','xva','Example_7')
INSERT OreParametersAnalytics (Parameter,name,type,OreConfigId) VALUES ('N','fva','xva','Example_7')
INSERT OreParametersAnalytics (Parameter,name,type,OreConfigId) VALUES ('BANK_EUR_BORROW','fvaBorrowingCurve','xva','Example_7')
INSERT OreParametersAnalytics (Parameter,name,type,OreConfigId) VALUES ('BANK_EUR_LEND','fvaLendingCurve','xva','Example_7')
INSERT OreParametersAnalytics (Parameter,name,type,OreConfigId) VALUES ('N','colva','xva','Example_7')
INSERT OreParametersAnalytics (Parameter,name,type,OreConfigId) VALUES ('N','collateralFloor','xva','Example_7')
INSERT OreParametersAnalytics (Parameter,name,type,OreConfigId) VALUES ('rawcube.csv','rawCubeOutputFile','xva','Example_7')
INSERT OreParametersAnalytics (Parameter,name,type,OreConfigId) VALUES ('netcube.csv','netCubeOutputFile','xva','Example_7')
INSERT OreParametersAnalytics (Parameter,name,type,OreConfigId) VALUES ('N','active','initialMargin','Example_7')
INSERT OreParametersAnalytics (name,type,OreConfigId) VALUES ('method','initialMargin','Example_7')
INSERT OreParametersConfigs (id,Description) VALUES ('Example_8','Example_8 Description')
INSERT OreParametersSetup (Parameter,name,OreConfigId) VALUES ('2016-02-05','asofDate','Example_8')
INSERT OreParametersSetup (Parameter,name,OreConfigId) VALUES ('Input','inputPath','Example_8')
INSERT OreParametersSetup (Parameter,name,OreConfigId) VALUES ('Output','outputPath','Example_8')
INSERT OreParametersSetup (Parameter,name,OreConfigId) VALUES ('log.txt','logFile','Example_8')
INSERT OreParametersSetup (Parameter,name,OreConfigId) VALUES ('../../Input/market_20160205.txt','marketDataFile','Example_8')
INSERT OreParametersSetup (Parameter,name,OreConfigId) VALUES ('../../Input/fixings_20160205.txt','fixingDataFile','Example_8')
INSERT OreParametersSetup (Parameter,name,OreConfigId) VALUES ('N','implyTodaysFixings','Example_8')
INSERT OreParametersSetup (Parameter,name,OreConfigId) VALUES ('../../Input/curveconfig.xml','curveConfigFile','Example_8')
INSERT OreParametersSetup (Parameter,name,OreConfigId) VALUES ('../../Input/conventions.xml','conventionsFile','Example_8')
INSERT OreParametersSetup (Parameter,name,OreConfigId) VALUES ('../../Input/todaysmarket.xml','marketConfigFile','Example_8')
INSERT OreParametersSetup (Parameter,name,OreConfigId) VALUES ('../../Input/pricingengine.xml','pricingEnginesFile','Example_8')
INSERT OreParametersSetup (Parameter,name,OreConfigId) VALUES ('portfolio.xml','portfolioFile','Example_8')
INSERT OreParametersSetup (Parameter,name,OreConfigId) VALUES ('Disable','observationModel','Example_8')
INSERT OreParametersMarkets (Parameter,name,OreConfigId) VALUES ('collateral_inccy','lgmcalibration','Example_8')
INSERT OreParametersMarkets (Parameter,name,OreConfigId) VALUES ('collateral_eur','fxcalibration','Example_8')
INSERT OreParametersMarkets (Parameter,name,OreConfigId) VALUES ('collateral_eur','pricing','Example_8')
INSERT OreParametersMarkets (Parameter,name,OreConfigId) VALUES ('collateral_eur','simulation','Example_8')
INSERT OreParametersAnalytics (Parameter,name,type,OreConfigId) VALUES ('Y','active','npv','Example_8')
INSERT OreParametersAnalytics (Parameter,name,type,OreConfigId) VALUES ('EUR','baseCurrency','npv','Example_8')
INSERT OreParametersAnalytics (Parameter,name,type,OreConfigId) VALUES ('npv.csv','outputFileName','npv','Example_8')
INSERT OreParametersAnalytics (Parameter,name,type,OreConfigId) VALUES ('Y','active','cashflow','Example_8')
INSERT OreParametersAnalytics (Parameter,name,type,OreConfigId) VALUES ('flows.csv','outputFileName','cashflow','Example_8')
INSERT OreParametersAnalytics (Parameter,name,type,OreConfigId) VALUES ('Y','active','curves','Example_8')
INSERT OreParametersAnalytics (Parameter,name,type,OreConfigId) VALUES ('default','configuration','curves','Example_8')
INSERT OreParametersAnalytics (Parameter,name,type,OreConfigId) VALUES ('240,1M','grid','curves','Example_8')
INSERT OreParametersAnalytics (Parameter,name,type,OreConfigId) VALUES ('curves.csv','outputFileName','curves','Example_8')
INSERT OreParametersAnalytics (Parameter,name,type,OreConfigId) VALUES ('Y','active','simulation','Example_8')
INSERT OreParametersAnalytics (Parameter,name,type,OreConfigId) VALUES ('simulation.xml','simulationConfigFile','simulation','Example_8')
INSERT OreParametersAnalytics (Parameter,name,type,OreConfigId) VALUES ('../../Input/pricingengine.xml','pricingEnginesFile','simulation','Example_8')
INSERT OreParametersAnalytics (Parameter,name,type,OreConfigId) VALUES ('EUR','baseCurrency','simulation','Example_8')
INSERT OreParametersAnalytics (Parameter,name,type,OreConfigId) VALUES ('cube.dat','cubeFile','simulation','Example_8')
INSERT OreParametersAnalytics (Parameter,name,type,OreConfigId) VALUES ('scenariodata.dat','aggregationScenarioDataFileName','simulation','Example_8')
INSERT OreParametersAnalytics (Parameter,name,type,OreConfigId) VALUES ('Y','active','xva','Example_8')
INSERT OreParametersAnalytics (Parameter,name,type,OreConfigId) VALUES ('netting.xml','csaFile','xva','Example_8')
INSERT OreParametersAnalytics (Parameter,name,type,OreConfigId) VALUES ('cube.dat','cubeFile','xva','Example_8')
INSERT OreParametersAnalytics (Parameter,name,type,OreConfigId) VALUES ('scenariodata.dat','scenarioFile','xva','Example_8')
INSERT OreParametersAnalytics (Parameter,name,type,OreConfigId) VALUES ('EUR','baseCurrency','xva','Example_8')
INSERT OreParametersAnalytics (Parameter,name,type,OreConfigId) VALUES ('Y','exposureProfiles','xva','Example_8')
INSERT OreParametersAnalytics (Parameter,name,type,OreConfigId) VALUES ('0.95','quantile','xva','Example_8')
INSERT OreParametersAnalytics (Parameter,name,type,OreConfigId) VALUES ('Symmetric','calculationType','xva','Example_8')
INSERT OreParametersAnalytics (Parameter,name,type,OreConfigId) VALUES ('None','allocationMethod','xva','Example_8')
INSERT OreParametersAnalytics (Parameter,name,type,OreConfigId) VALUES ('1.0','marginalAllocationLimit','xva','Example_8')
INSERT OreParametersAnalytics (Parameter,name,type,OreConfigId) VALUES ('N','exerciseNextBreak','xva','Example_8')
INSERT OreParametersAnalytics (Parameter,name,type,OreConfigId) VALUES ('Y','cva','xva','Example_8')
INSERT OreParametersAnalytics (Parameter,name,type,OreConfigId) VALUES ('N','dva','xva','Example_8')
INSERT OreParametersAnalytics (Parameter,name,type,OreConfigId) VALUES ('BANK','dvaName','xva','Example_8')
INSERT OreParametersAnalytics (Parameter,name,type,OreConfigId) VALUES ('N','fva','xva','Example_8')
INSERT OreParametersAnalytics (Parameter,name,type,OreConfigId) VALUES ('BANK_EUR_BORROW','fvaBorrowingCurve','xva','Example_8')
INSERT OreParametersAnalytics (Parameter,name,type,OreConfigId) VALUES ('BANK_EUR_LEND','fvaLendingCurve','xva','Example_8')
INSERT OreParametersAnalytics (Parameter,name,type,OreConfigId) VALUES ('N','colva','xva','Example_8')
INSERT OreParametersAnalytics (Parameter,name,type,OreConfigId) VALUES ('N','collateralFloor','xva','Example_8')
INSERT OreParametersAnalytics (Parameter,name,type,OreConfigId) VALUES ('rawcube.csv','rawCubeOutputFile','xva','Example_8')
INSERT OreParametersAnalytics (Parameter,name,type,OreConfigId) VALUES ('netcube.csv','netCubeOutputFile','xva','Example_8')
INSERT OreParametersAnalytics (Parameter,name,type,OreConfigId) VALUES ('N','active','initialMargin','Example_8')
INSERT OreParametersAnalytics (name,type,OreConfigId) VALUES ('method','initialMargin','Example_8')
INSERT OreParametersConfigs (id,Description) VALUES ('Example_9','Example_9 Description')
INSERT OreParametersSetup (Parameter,name,OreConfigId) VALUES ('2016-02-05','asofDate','Example_9')
INSERT OreParametersSetup (Parameter,name,OreConfigId) VALUES ('Input','inputPath','Example_9')
INSERT OreParametersSetup (Parameter,name,OreConfigId) VALUES ('Output','outputPath','Example_9')
INSERT OreParametersSetup (Parameter,name,OreConfigId) VALUES ('log.txt','logFile','Example_9')
INSERT OreParametersSetup (Parameter,name,OreConfigId) VALUES ('../../Input/market_20160205_flat.txt','marketDataFile','Example_9')
INSERT OreParametersSetup (Parameter,name,OreConfigId) VALUES ('../../Input/fixings_20160205.txt','fixingDataFile','Example_9')
INSERT OreParametersSetup (Parameter,name,OreConfigId) VALUES ('Y','implyTodaysFixings','Example_9')
INSERT OreParametersSetup (Parameter,name,OreConfigId) VALUES ('../../Input/curveconfig.xml','curveConfigFile','Example_9')
INSERT OreParametersSetup (Parameter,name,OreConfigId) VALUES ('../../Input/conventions.xml','conventionsFile','Example_9')
INSERT OreParametersSetup (Parameter,name,OreConfigId) VALUES ('../../Input/todaysmarket.xml','marketConfigFile','Example_9')
INSERT OreParametersSetup (Parameter,name,OreConfigId) VALUES ('../../Input/pricingengine.xml','pricingEnginesFile','Example_9')
INSERT OreParametersSetup (Parameter,name,OreConfigId) VALUES ('portfolio_swap.xml','portfolioFile','Example_9')
INSERT OreParametersSetup (Parameter,name,OreConfigId) VALUES ('Disable','observationModel','Example_9')
INSERT OreParametersMarkets (Parameter,name,OreConfigId) VALUES ('libor','lgmcalibration','Example_9')
INSERT OreParametersMarkets (Parameter,name,OreConfigId) VALUES ('libor','fxcalibration','Example_9')
INSERT OreParametersMarkets (Parameter,name,OreConfigId) VALUES ('libor','pricing','Example_9')
INSERT OreParametersMarkets (Parameter,name,OreConfigId) VALUES ('libor','simulation','Example_9')
INSERT OreParametersAnalytics (Parameter,name,type,OreConfigId) VALUES ('Y','active','npv','Example_9')
INSERT OreParametersAnalytics (Parameter,name,type,OreConfigId) VALUES ('EUR','baseCurrency','npv','Example_9')
INSERT OreParametersAnalytics (Parameter,name,type,OreConfigId) VALUES ('npv.csv','outputFileName','npv','Example_9')
INSERT OreParametersAnalytics (Parameter,name,type,OreConfigId) VALUES ('Y','active','cashflow','Example_9')
INSERT OreParametersAnalytics (Parameter,name,type,OreConfigId) VALUES ('flows.csv','outputFileName','cashflow','Example_9')
INSERT OreParametersAnalytics (Parameter,name,type,OreConfigId) VALUES ('Y','active','curves','Example_9')
INSERT OreParametersAnalytics (Parameter,name,type,OreConfigId) VALUES ('default','configuration','curves','Example_9')
INSERT OreParametersAnalytics (Parameter,name,type,OreConfigId) VALUES ('240,1W','grid','curves','Example_9')
INSERT OreParametersAnalytics (Parameter,name,type,OreConfigId) VALUES ('curves.csv','outputFileName','curves','Example_9')
INSERT OreParametersAnalytics (Parameter,name,type,OreConfigId) VALUES ('Y','active','simulation','Example_9')
INSERT OreParametersAnalytics (Parameter,name,type,OreConfigId) VALUES ('simulation.xml','simulationConfigFile','simulation','Example_9')
INSERT OreParametersAnalytics (Parameter,name,type,OreConfigId) VALUES ('../../Input/pricingengine.xml','pricingEnginesFile','simulation','Example_9')
INSERT OreParametersAnalytics (Parameter,name,type,OreConfigId) VALUES ('EUR','baseCurrency','simulation','Example_9')
INSERT OreParametersAnalytics (Parameter,name,type,OreConfigId) VALUES ('cube.dat','cubeFile','simulation','Example_9')
INSERT OreParametersAnalytics (Parameter,name,type,OreConfigId) VALUES ('scenariodata.dat','aggregationScenarioDataFileName','simulation','Example_9')
INSERT OreParametersAnalytics (Parameter,name,type,OreConfigId) VALUES ('Y','active','xva','Example_9')
INSERT OreParametersAnalytics (Parameter,name,type,OreConfigId) VALUES ('netting.xml','csaFile','xva','Example_9')
INSERT OreParametersAnalytics (Parameter,name,type,OreConfigId) VALUES ('cube.dat','cubeFile','xva','Example_9')
INSERT OreParametersAnalytics (Parameter,name,type,OreConfigId) VALUES ('scenariodata.dat','scenarioFile','xva','Example_9')
INSERT OreParametersAnalytics (Parameter,name,type,OreConfigId) VALUES ('EUR','baseCurrency','xva','Example_9')
INSERT OreParametersAnalytics (Parameter,name,type,OreConfigId) VALUES ('Y','exposureProfiles','xva','Example_9')
INSERT OreParametersAnalytics (Parameter,name,type,OreConfigId) VALUES ('0.95','quantile','xva','Example_9')
INSERT OreParametersAnalytics (Parameter,name,type,OreConfigId) VALUES ('Symmetric','calculationType','xva','Example_9')
INSERT OreParametersAnalytics (Parameter,name,type,OreConfigId) VALUES ('None','allocationMethod','xva','Example_9')
INSERT OreParametersAnalytics (Parameter,name,type,OreConfigId) VALUES ('1.0','marginalAllocationLimit','xva','Example_9')
INSERT OreParametersAnalytics (Parameter,name,type,OreConfigId) VALUES ('N','exerciseNextBreak','xva','Example_9')
INSERT OreParametersAnalytics (Parameter,name,type,OreConfigId) VALUES ('Y','cva','xva','Example_9')
INSERT OreParametersAnalytics (Parameter,name,type,OreConfigId) VALUES ('N','dva','xva','Example_9')
INSERT OreParametersAnalytics (Parameter,name,type,OreConfigId) VALUES ('BANK','dvaName','xva','Example_9')
INSERT OreParametersAnalytics (Parameter,name,type,OreConfigId) VALUES ('N','fva','xva','Example_9')
INSERT OreParametersAnalytics (Parameter,name,type,OreConfigId) VALUES ('BANK_EUR_BORROW','fvaBorrowingCurve','xva','Example_9')
INSERT OreParametersAnalytics (Parameter,name,type,OreConfigId) VALUES ('BANK_EUR_LEND','fvaLendingCurve','xva','Example_9')
INSERT OreParametersAnalytics (Parameter,name,type,OreConfigId) VALUES ('N','colva','xva','Example_9')
INSERT OreParametersAnalytics (Parameter,name,type,OreConfigId) VALUES ('N','collateralFloor','xva','Example_9')
INSERT OreParametersAnalytics (Parameter,name,type,OreConfigId) VALUES ('rawcube.csv','rawCubeOutputFile','xva','Example_9')
INSERT OreParametersAnalytics (Parameter,name,type,OreConfigId) VALUES ('netcube.csv','netCubeOutputFile','xva','Example_9')
INSERT OreParametersConfigs (id,Description) VALUES ('Example_10','Example_10 Description')
INSERT OreParametersSetup (Parameter,name,OreConfigId) VALUES ('2016-02-05','asofDate','Example_10')
INSERT OreParametersSetup (Parameter,name,OreConfigId) VALUES ('Input','inputPath','Example_10')
INSERT OreParametersSetup (Parameter,name,OreConfigId) VALUES ('Output','outputPath','Example_10')
INSERT OreParametersSetup (Parameter,name,OreConfigId) VALUES ('log.txt','logFile','Example_10')
INSERT OreParametersSetup (Parameter,name,OreConfigId) VALUES ('../../Input/market_20160205.txt','marketDataFile','Example_10')
INSERT OreParametersSetup (Parameter,name,OreConfigId) VALUES ('../../Input/fixings_20160205.txt','fixingDataFile','Example_10')
INSERT OreParametersSetup (Parameter,name,OreConfigId) VALUES ('N','implyTodaysFixings','Example_10')
INSERT OreParametersSetup (Parameter,name,OreConfigId) VALUES ('../../Input/curveconfig.xml','curveConfigFile','Example_10')
INSERT OreParametersSetup (Parameter,name,OreConfigId) VALUES ('../../Input/conventions.xml','conventionsFile','Example_10')
INSERT OreParametersSetup (Parameter,name,OreConfigId) VALUES ('../../Input/todaysmarket.xml','marketConfigFile','Example_10')
INSERT OreParametersSetup (Parameter,name,OreConfigId) VALUES ('../../Input/pricingengine.xml','pricingEnginesFile','Example_10')
INSERT OreParametersSetup (Parameter,name,OreConfigId) VALUES ('portfolio.xml','portfolioFile','Example_10')
INSERT OreParametersSetup (Parameter,name,OreConfigId) VALUES ('Disable','observationModel','Example_10')
INSERT OreParametersMarkets (Parameter,name,OreConfigId) VALUES ('collateral_inccy','lgmcalibration','Example_10')
INSERT OreParametersMarkets (Parameter,name,OreConfigId) VALUES ('collateral_eur','fxcalibration','Example_10')
INSERT OreParametersMarkets (Parameter,name,OreConfigId) VALUES ('collateral_eur','pricing','Example_10')
INSERT OreParametersMarkets (Parameter,name,OreConfigId) VALUES ('collateral_eur','simulation','Example_10')
INSERT OreParametersAnalytics (Parameter,name,type,OreConfigId) VALUES ('Y','active','npv','Example_10')
INSERT OreParametersAnalytics (Parameter,name,type,OreConfigId) VALUES ('EUR','baseCurrency','npv','Example_10')
INSERT OreParametersAnalytics (Parameter,name,type,OreConfigId) VALUES ('npv.csv','outputFileName','npv','Example_10')
INSERT OreParametersAnalytics (Parameter,name,type,OreConfigId) VALUES ('Y','active','cashflow','Example_10')
INSERT OreParametersAnalytics (Parameter,name,type,OreConfigId) VALUES ('flows.csv','outputFileName','cashflow','Example_10')
INSERT OreParametersAnalytics (Parameter,name,type,OreConfigId) VALUES ('Y','active','curves','Example_10')
INSERT OreParametersAnalytics (Parameter,name,type,OreConfigId) VALUES ('default','configuration','curves','Example_10')
INSERT OreParametersAnalytics (Parameter,name,type,OreConfigId) VALUES ('240,1M','grid','curves','Example_10')
INSERT OreParametersAnalytics (Parameter,name,type,OreConfigId) VALUES ('curves.csv','outputFileName','curves','Example_10')
INSERT OreParametersAnalytics (Parameter,name,type,OreConfigId) VALUES ('Y','active','simulation','Example_10')
INSERT OreParametersAnalytics (Parameter,name,type,OreConfigId) VALUES ('simulation.xml','simulationConfigFile','simulation','Example_10')
INSERT OreParametersAnalytics (Parameter,name,type,OreConfigId) VALUES ('../../Input/pricingengine.xml','pricingEnginesFile','simulation','Example_10')
INSERT OreParametersAnalytics (Parameter,name,type,OreConfigId) VALUES ('EUR','baseCurrency','simulation','Example_10')
INSERT OreParametersAnalytics (Parameter,name,type,OreConfigId) VALUES ('Y','storeFlows','simulation','Example_10')
INSERT OreParametersAnalytics (Parameter,name,type,OreConfigId) VALUES ('cube.dat','cubeFile','simulation','Example_10')
INSERT OreParametersAnalytics (Parameter,name,type,OreConfigId) VALUES ('scenariodata.dat','aggregationScenarioDataFileName','simulation','Example_10')
INSERT OreParametersAnalytics (Parameter,name,type,OreConfigId) VALUES ('Y','active','xva','Example_10')
INSERT OreParametersAnalytics (Parameter,name,type,OreConfigId) VALUES ('netting.xml','csaFile','xva','Example_10')
INSERT OreParametersAnalytics (Parameter,name,type,OreConfigId) VALUES ('cube.dat','cubeFile','xva','Example_10')
INSERT OreParametersAnalytics (Parameter,name,type,OreConfigId) VALUES ('Y','hyperCube','xva','Example_10')
INSERT OreParametersAnalytics (Parameter,name,type,OreConfigId) VALUES ('scenariodata.dat','scenarioFile','xva','Example_10')
INSERT OreParametersAnalytics (Parameter,name,type,OreConfigId) VALUES ('EUR','baseCurrency','xva','Example_10')
INSERT OreParametersAnalytics (Parameter,name,type,OreConfigId) VALUES ('Y','exposureProfiles','xva','Example_10')
INSERT OreParametersAnalytics (Parameter,name,type,OreConfigId) VALUES ('0.95','quantile','xva','Example_10')
INSERT OreParametersAnalytics (Parameter,name,type,OreConfigId) VALUES ('Symmetric','calculationType','xva','Example_10')
INSERT OreParametersAnalytics (Parameter,name,type,OreConfigId) VALUES ('Marginal','allocationMethod','xva','Example_10')
INSERT OreParametersAnalytics (Parameter,name,type,OreConfigId) VALUES ('1.0','marginalAllocationLimit','xva','Example_10')
INSERT OreParametersAnalytics (Parameter,name,type,OreConfigId) VALUES ('N','exerciseNextBreak','xva','Example_10')
INSERT OreParametersAnalytics (Parameter,name,type,OreConfigId) VALUES ('Y','cva','xva','Example_10')
INSERT OreParametersAnalytics (Parameter,name,type,OreConfigId) VALUES ('N','dva','xva','Example_10')
INSERT OreParametersAnalytics (Parameter,name,type,OreConfigId) VALUES ('BANK','dvaName','xva','Example_10')
INSERT OreParametersAnalytics (Parameter,name,type,OreConfigId) VALUES ('N','fva','xva','Example_10')
INSERT OreParametersAnalytics (Parameter,name,type,OreConfigId) VALUES ('BANK_EUR_BORROW','fvaBorrowingCurve','xva','Example_10')
INSERT OreParametersAnalytics (Parameter,name,type,OreConfigId) VALUES ('BANK_EUR_LEND','fvaLendingCurve','xva','Example_10')
INSERT OreParametersAnalytics (Parameter,name,type,OreConfigId) VALUES ('N','colva','xva','Example_10')
INSERT OreParametersAnalytics (Parameter,name,type,OreConfigId) VALUES ('N','collateralFloor','xva','Example_10')
INSERT OreParametersAnalytics (Parameter,name,type,OreConfigId) VALUES ('rawcube.csv','rawCubeOutputFile','xva','Example_10')
INSERT OreParametersAnalytics (Parameter,name,type,OreConfigId) VALUES ('netcube.csv','netCubeOutputFile','xva','Example_10')
INSERT OreParametersAnalytics (Parameter,name,type,OreConfigId) VALUES ('N','active','initialMargin','Example_10')
INSERT OreParametersAnalytics (name,type,OreConfigId) VALUES ('method','initialMargin','Example_10')
INSERT OreParametersConfigs (id,Description) VALUES ('Example_11','Example_11 Description')
INSERT OreParametersSetup (Parameter,name,OreConfigId) VALUES ('2016-02-05','asofDate','Example_11')
INSERT OreParametersSetup (Parameter,name,OreConfigId) VALUES ('Input','inputPath','Example_11')
INSERT OreParametersSetup (Parameter,name,OreConfigId) VALUES ('Output','outputPath','Example_11')
INSERT OreParametersSetup (Parameter,name,OreConfigId) VALUES ('log.txt','logFile','Example_11')
INSERT OreParametersSetup (Parameter,name,OreConfigId) VALUES ('../../Input/market_20160205_flat.txt','marketDataFile','Example_11')
INSERT OreParametersSetup (Parameter,name,OreConfigId) VALUES ('../../Input/fixings_20160205.txt','fixingDataFile','Example_11')
INSERT OreParametersSetup (Parameter,name,OreConfigId) VALUES ('Y','implyTodaysFixings','Example_11')
INSERT OreParametersSetup (Parameter,name,OreConfigId) VALUES ('../../Input/curveconfig.xml','curveConfigFile','Example_11')
INSERT OreParametersSetup (Parameter,name,OreConfigId) VALUES ('../../Input/conventions.xml','conventionsFile','Example_11')
INSERT OreParametersSetup (Parameter,name,OreConfigId) VALUES ('../../Input/todaysmarket.xml','marketConfigFile','Example_11')
INSERT OreParametersSetup (Parameter,name,OreConfigId) VALUES ('../../Input/pricingengine.xml','pricingEnginesFile','Example_11')
INSERT OreParametersSetup (Parameter,name,OreConfigId) VALUES ('portfolio.xml','portfolioFile','Example_11')
INSERT OreParametersSetup (Parameter,name,OreConfigId) VALUES ('Disable','observationModel','Example_11')
INSERT OreParametersMarkets (Parameter,name,OreConfigId) VALUES ('libor','lgmcalibration','Example_11')
INSERT OreParametersMarkets (Parameter,name,OreConfigId) VALUES ('libor','fxcalibration','Example_11')
INSERT OreParametersMarkets (Parameter,name,OreConfigId) VALUES ('libor','pricing','Example_11')
INSERT OreParametersMarkets (Parameter,name,OreConfigId) VALUES ('libor','simulation','Example_11')
INSERT OreParametersAnalytics (Parameter,name,type,OreConfigId) VALUES ('Y','active','npv','Example_11')
INSERT OreParametersAnalytics (Parameter,name,type,OreConfigId) VALUES ('EUR','baseCurrency','npv','Example_11')
INSERT OreParametersAnalytics (Parameter,name,type,OreConfigId) VALUES ('npv.csv','outputFileName','npv','Example_11')
INSERT OreParametersAnalytics (Parameter,name,type,OreConfigId) VALUES ('Y','active','cashflow','Example_11')
INSERT OreParametersAnalytics (Parameter,name,type,OreConfigId) VALUES ('flows.csv','outputFileName','cashflow','Example_11')
INSERT OreParametersAnalytics (Parameter,name,type,OreConfigId) VALUES ('Y','active','curves','Example_11')
INSERT OreParametersAnalytics (Parameter,name,type,OreConfigId) VALUES ('default','configuration','curves','Example_11')
INSERT OreParametersAnalytics (Parameter,name,type,OreConfigId) VALUES ('240,1M','grid','curves','Example_11')
INSERT OreParametersAnalytics (Parameter,name,type,OreConfigId) VALUES ('curves.csv','outputFileName','curves','Example_11')
INSERT OreParametersAnalytics (Parameter,name,type,OreConfigId) VALUES ('Y','active','simulation','Example_11')
INSERT OreParametersAnalytics (Parameter,name,type,OreConfigId) VALUES ('simulation.xml','simulationConfigFile','simulation','Example_11')
INSERT OreParametersAnalytics (Parameter,name,type,OreConfigId) VALUES ('../../Input/pricingengine.xml','pricingEnginesFile','simulation','Example_11')
INSERT OreParametersAnalytics (Parameter,name,type,OreConfigId) VALUES ('EUR','baseCurrency','simulation','Example_11')
INSERT OreParametersAnalytics (Parameter,name,type,OreConfigId) VALUES ('cube.dat','cubeFile','simulation','Example_11')
INSERT OreParametersAnalytics (Parameter,name,type,OreConfigId) VALUES ('scenariodata.dat','aggregationScenarioDataFileName','simulation','Example_11')
INSERT OreParametersAnalytics (Parameter,name,type,OreConfigId) VALUES ('Y','active','xva','Example_11')
INSERT OreParametersAnalytics (Parameter,name,type,OreConfigId) VALUES ('netting.xml','csaFile','xva','Example_11')
INSERT OreParametersAnalytics (Parameter,name,type,OreConfigId) VALUES ('cube.dat','cubeFile','xva','Example_11')
INSERT OreParametersAnalytics (Parameter,name,type,OreConfigId) VALUES ('scenariodata.dat','scenarioFile','xva','Example_11')
INSERT OreParametersAnalytics (Parameter,name,type,OreConfigId) VALUES ('EUR','baseCurrency','xva','Example_11')
INSERT OreParametersAnalytics (Parameter,name,type,OreConfigId) VALUES ('Y','exposureProfiles','xva','Example_11')
INSERT OreParametersAnalytics (Parameter,name,type,OreConfigId) VALUES ('0.95','quantile','xva','Example_11')
INSERT OreParametersAnalytics (Parameter,name,type,OreConfigId) VALUES ('Symmetric','calculationType','xva','Example_11')
INSERT OreParametersAnalytics (Parameter,name,type,OreConfigId) VALUES ('None','allocationMethod','xva','Example_11')
INSERT OreParametersAnalytics (Parameter,name,type,OreConfigId) VALUES ('1.0','marginalAllocationLimit','xva','Example_11')
INSERT OreParametersAnalytics (Parameter,name,type,OreConfigId) VALUES ('N','exerciseNextBreak','xva','Example_11')
INSERT OreParametersAnalytics (Parameter,name,type,OreConfigId) VALUES ('Y','cva','xva','Example_11')
INSERT OreParametersAnalytics (Parameter,name,type,OreConfigId) VALUES ('N','dva','xva','Example_11')
INSERT OreParametersAnalytics (Parameter,name,type,OreConfigId) VALUES ('BANK','dvaName','xva','Example_11')
INSERT OreParametersAnalytics (Parameter,name,type,OreConfigId) VALUES ('N','fva','xva','Example_11')
INSERT OreParametersAnalytics (Parameter,name,type,OreConfigId) VALUES ('BANK_EUR_BORROW','fvaBorrowingCurve','xva','Example_11')
INSERT OreParametersAnalytics (Parameter,name,type,OreConfigId) VALUES ('BANK_EUR_LEND','fvaLendingCurve','xva','Example_11')
INSERT OreParametersAnalytics (Parameter,name,type,OreConfigId) VALUES ('N','colva','xva','Example_11')
INSERT OreParametersAnalytics (Parameter,name,type,OreConfigId) VALUES ('N','collateralFloor','xva','Example_11')
INSERT OreParametersAnalytics (Parameter,name,type,OreConfigId) VALUES ('rawcube.csv','rawCubeOutputFile','xva','Example_11')
INSERT OreParametersAnalytics (Parameter,name,type,OreConfigId) VALUES ('netcube.csv','netCubeOutputFile','xva','Example_11')
INSERT OreParametersAnalytics (Parameter,name,type,OreConfigId) VALUES ('N','active','initialMargin','Example_11')
INSERT OreParametersAnalytics (name,type,OreConfigId) VALUES ('method','initialMargin','Example_11')
INSERT OreParametersConfigs (id,Description) VALUES ('Example_12','Example_12 Description')
INSERT OreParametersSetup (Parameter,name,OreConfigId) VALUES ('2016-02-05','asofDate','Example_12')
INSERT OreParametersSetup (Parameter,name,OreConfigId) VALUES ('Input','inputPath','Example_12')
INSERT OreParametersSetup (Parameter,name,OreConfigId) VALUES ('Output','outputPath','Example_12')
INSERT OreParametersSetup (Parameter,name,OreConfigId) VALUES ('log.txt','logFile','Example_12')
INSERT OreParametersSetup (Parameter,name,OreConfigId) VALUES ('../../Input/market_20160205_flat.txt','marketDataFile','Example_12')
INSERT OreParametersSetup (Parameter,name,OreConfigId) VALUES ('../../Input/fixings_20160205.txt','fixingDataFile','Example_12')
INSERT OreParametersSetup (Parameter,name,OreConfigId) VALUES ('Y','implyTodaysFixings','Example_12')
INSERT OreParametersSetup (Parameter,name,OreConfigId) VALUES ('../../Input/curveconfig.xml','curveConfigFile','Example_12')
INSERT OreParametersSetup (Parameter,name,OreConfigId) VALUES ('../../Input/conventions.xml','conventionsFile','Example_12')
INSERT OreParametersSetup (Parameter,name,OreConfigId) VALUES ('../../Input/todaysmarket.xml','marketConfigFile','Example_12')
INSERT OreParametersSetup (Parameter,name,OreConfigId) VALUES ('../../Input/pricingengine.xml','pricingEnginesFile','Example_12')
INSERT OreParametersSetup (Parameter,name,OreConfigId) VALUES ('portfolio_swap.xml','portfolioFile','Example_12')
INSERT OreParametersSetup (Parameter,name,OreConfigId) VALUES ('Disable','observationModel','Example_12')
INSERT OreParametersMarkets (Parameter,name,OreConfigId) VALUES ('libor','lgmcalibration','Example_12')
INSERT OreParametersMarkets (Parameter,name,OreConfigId) VALUES ('libor','fxcalibration','Example_12')
INSERT OreParametersMarkets (Parameter,name,OreConfigId) VALUES ('libor','pricing','Example_12')
INSERT OreParametersMarkets (Parameter,name,OreConfigId) VALUES ('libor','simulation','Example_12')
INSERT OreParametersAnalytics (Parameter,name,type,OreConfigId) VALUES ('Y','active','npv','Example_12')
INSERT OreParametersAnalytics (Parameter,name,type,OreConfigId) VALUES ('EUR','baseCurrency','npv','Example_12')
INSERT OreParametersAnalytics (Parameter,name,type,OreConfigId) VALUES ('npv.csv','outputFileName','npv','Example_12')
INSERT OreParametersAnalytics (Parameter,name,type,OreConfigId) VALUES ('Y','active','cashflow','Example_12')
INSERT OreParametersAnalytics (Parameter,name,type,OreConfigId) VALUES ('flows.csv','outputFileName','cashflow','Example_12')
INSERT OreParametersAnalytics (Parameter,name,type,OreConfigId) VALUES ('Y','active','curves','Example_12')
INSERT OreParametersAnalytics (Parameter,name,type,OreConfigId) VALUES ('default','configuration','curves','Example_12')
INSERT OreParametersAnalytics (Parameter,name,type,OreConfigId) VALUES ('240,1M','grid','curves','Example_12')
INSERT OreParametersAnalytics (Parameter,name,type,OreConfigId) VALUES ('curves.csv','outputFileName','curves','Example_12')
INSERT OreParametersAnalytics (Parameter,name,type,OreConfigId) VALUES ('Y','active','simulation','Example_12')
INSERT OreParametersAnalytics (Parameter,name,type,OreConfigId) VALUES ('simulation.xml','simulationConfigFile','simulation','Example_12')
INSERT OreParametersAnalytics (Parameter,name,type,OreConfigId) VALUES ('../../Input/pricingengine.xml','pricingEnginesFile','simulation','Example_12')
INSERT OreParametersAnalytics (Parameter,name,type,OreConfigId) VALUES ('EUR','baseCurrency','simulation','Example_12')
INSERT OreParametersAnalytics (Parameter,name,type,OreConfigId) VALUES ('cube.dat','cubeFile','simulation','Example_12')
INSERT OreParametersAnalytics (Parameter,name,type,OreConfigId) VALUES ('scenariodata.dat','aggregationScenarioDataFileName','simulation','Example_12')
INSERT OreParametersAnalytics (Parameter,name,type,OreConfigId) VALUES ('scenariodump.csv','scenariodump','simulation','Example_12')
INSERT OreParametersAnalytics (Parameter,name,type,OreConfigId) VALUES ('Y','active','xva','Example_12')
INSERT OreParametersAnalytics (Parameter,name,type,OreConfigId) VALUES ('netting.xml','csaFile','xva','Example_12')
INSERT OreParametersAnalytics (Parameter,name,type,OreConfigId) VALUES ('cube.dat','cubeFile','xva','Example_12')
INSERT OreParametersAnalytics (Parameter,name,type,OreConfigId) VALUES ('scenariodata.dat','scenarioFile','xva','Example_12')
INSERT OreParametersAnalytics (Parameter,name,type,OreConfigId) VALUES ('EUR','baseCurrency','xva','Example_12')
INSERT OreParametersAnalytics (Parameter,name,type,OreConfigId) VALUES ('Y','exposureProfiles','xva','Example_12')
INSERT OreParametersAnalytics (Parameter,name,type,OreConfigId) VALUES ('0.95','quantile','xva','Example_12')
INSERT OreParametersAnalytics (Parameter,name,type,OreConfigId) VALUES ('Symmetric','calculationType','xva','Example_12')
INSERT OreParametersAnalytics (Parameter,name,type,OreConfigId) VALUES ('None','allocationMethod','xva','Example_12')
INSERT OreParametersAnalytics (Parameter,name,type,OreConfigId) VALUES ('1.0','marginalAllocationLimit','xva','Example_12')
INSERT OreParametersAnalytics (Parameter,name,type,OreConfigId) VALUES ('N','exerciseNextBreak','xva','Example_12')
INSERT OreParametersAnalytics (Parameter,name,type,OreConfigId) VALUES ('Y','cva','xva','Example_12')
INSERT OreParametersAnalytics (Parameter,name,type,OreConfigId) VALUES ('N','dva','xva','Example_12')
INSERT OreParametersAnalytics (Parameter,name,type,OreConfigId) VALUES ('BANK','dvaName','xva','Example_12')
INSERT OreParametersAnalytics (Parameter,name,type,OreConfigId) VALUES ('N','fva','xva','Example_12')
INSERT OreParametersAnalytics (Parameter,name,type,OreConfigId) VALUES ('BANK_EUR_BORROW','fvaBorrowingCurve','xva','Example_12')
INSERT OreParametersAnalytics (Parameter,name,type,OreConfigId) VALUES ('BANK_EUR_LEND','fvaLendingCurve','xva','Example_12')
INSERT OreParametersAnalytics (Parameter,name,type,OreConfigId) VALUES ('N','colva','xva','Example_12')
INSERT OreParametersAnalytics (Parameter,name,type,OreConfigId) VALUES ('N','collateralFloor','xva','Example_12')
INSERT OreParametersAnalytics (Parameter,name,type,OreConfigId) VALUES ('rawcube.csv','rawCubeOutputFile','xva','Example_12')
INSERT OreParametersAnalytics (Parameter,name,type,OreConfigId) VALUES ('netcube.csv','netCubeOutputFile','xva','Example_12')
INSERT OreParametersAnalytics (Parameter,name,type,OreConfigId) VALUES ('N','active','initialMargin','Example_12')
INSERT OreParametersAnalytics (name,type,OreConfigId) VALUES ('method','initialMargin','Example_12')
INSERT OreParametersConfigs (id,Description) VALUES ('Example_14','Example_14 Description')
INSERT OreParametersSetup (Parameter,name,OreConfigId) VALUES ('2016-02-05','asofDate','Example_14')
INSERT OreParametersSetup (Parameter,name,OreConfigId) VALUES ('Input','inputPath','Example_14')
INSERT OreParametersSetup (Parameter,name,OreConfigId) VALUES ('Output','outputPath','Example_14')
INSERT OreParametersSetup (Parameter,name,OreConfigId) VALUES ('log.txt','logFile','Example_14')
INSERT OreParametersSetup (Parameter,name,OreConfigId) VALUES ('255','logMask','Example_14')
INSERT OreParametersSetup (Parameter,name,OreConfigId) VALUES ('market_20160205_flat.txt','marketDataFile','Example_14')
INSERT OreParametersSetup (Parameter,name,OreConfigId) VALUES ('fixings_20160205.txt','fixingDataFile','Example_14')
INSERT OreParametersSetup (Parameter,name,OreConfigId) VALUES ('Y','implyTodaysFixings','Example_14')
INSERT OreParametersSetup (Parameter,name,OreConfigId) VALUES ('curveconfig.xml','curveConfigFile','Example_14')
INSERT OreParametersSetup (Parameter,name,OreConfigId) VALUES ('conventions.xml','conventionsFile','Example_14')
INSERT OreParametersSetup (Parameter,name,OreConfigId) VALUES ('todaysmarket.xml','marketConfigFile','Example_14')
INSERT OreParametersSetup (Parameter,name,OreConfigId) VALUES ('pricingengine.xml','pricingEnginesFile','Example_14')
INSERT OreParametersSetup (Parameter,name,OreConfigId) VALUES ('portfolio_swap.xml','portfolioFile','Example_14')
INSERT OreParametersSetup (Parameter,name,OreConfigId) VALUES ('Disable','observationModel','Example_14')
INSERT OreParametersMarkets (Parameter,name,OreConfigId) VALUES ('libor','lgmcalibration','Example_14')
INSERT OreParametersMarkets (Parameter,name,OreConfigId) VALUES ('libor','fxcalibration','Example_14')
INSERT OreParametersMarkets (Parameter,name,OreConfigId) VALUES ('libor','pricing','Example_14')
INSERT OreParametersMarkets (Parameter,name,OreConfigId) VALUES ('libor','simulation','Example_14')
INSERT OreParametersAnalytics (Parameter,name,type,OreConfigId) VALUES ('Y','active','npv','Example_14')
INSERT OreParametersAnalytics (Parameter,name,type,OreConfigId) VALUES ('EUR','baseCurrency','npv','Example_14')
INSERT OreParametersAnalytics (Parameter,name,type,OreConfigId) VALUES ('npv.csv','outputFileName','npv','Example_14')
INSERT OreParametersAnalytics (Parameter,name,type,OreConfigId) VALUES ('Y','active','cashflow','Example_14')
INSERT OreParametersAnalytics (Parameter,name,type,OreConfigId) VALUES ('flows.csv','outputFileName','cashflow','Example_14')
INSERT OreParametersAnalytics (Parameter,name,type,OreConfigId) VALUES ('Y','active','curves','Example_14')
INSERT OreParametersAnalytics (Parameter,name,type,OreConfigId) VALUES ('default','configuration','curves','Example_14')
INSERT OreParametersAnalytics (Parameter,name,type,OreConfigId) VALUES ('240,1M','grid','curves','Example_14')
INSERT OreParametersAnalytics (Parameter,name,type,OreConfigId) VALUES ('curves.csv','outputFileName','curves','Example_14')
INSERT OreParametersAnalytics (Parameter,name,type,OreConfigId) VALUES ('Y','active','simulation','Example_14')
INSERT OreParametersAnalytics (Parameter,name,type,OreConfigId) VALUES ('simulation.xml','simulationConfigFile','simulation','Example_14')
INSERT OreParametersAnalytics (Parameter,name,type,OreConfigId) VALUES ('../../Input/pricingengine.xml','pricingEnginesFile','simulation','Example_14')
INSERT OreParametersAnalytics (Parameter,name,type,OreConfigId) VALUES ('EUR','baseCurrency','simulation','Example_14')
INSERT OreParametersAnalytics (Parameter,name,type,OreConfigId) VALUES ('cube.dat','cubeFile','simulation','Example_14')
INSERT OreParametersAnalytics (Parameter,name,type,OreConfigId) VALUES ('scenariodata.dat','aggregationScenarioDataFileName','simulation','Example_14')
INSERT OreParametersAnalytics (Parameter,name,type,OreConfigId) VALUES ('Y','active','xva','Example_14')
INSERT OreParametersAnalytics (Parameter,name,type,OreConfigId) VALUES ('netting.xml','csaFile','xva','Example_14')
INSERT OreParametersAnalytics (Parameter,name,type,OreConfigId) VALUES ('cube.dat','cubeFile','xva','Example_14')
INSERT OreParametersAnalytics (Parameter,name,type,OreConfigId) VALUES ('scenariodata.dat','scenarioFile','xva','Example_14')
INSERT OreParametersAnalytics (Parameter,name,type,OreConfigId) VALUES ('EUR','baseCurrency','xva','Example_14')
INSERT OreParametersAnalytics (Parameter,name,type,OreConfigId) VALUES ('Y','exposureProfiles','xva','Example_14')
INSERT OreParametersAnalytics (Parameter,name,type,OreConfigId) VALUES ('0.95','quantile','xva','Example_14')
INSERT OreParametersAnalytics (Parameter,name,type,OreConfigId) VALUES ('Symmetric','calculationType','xva','Example_14')
INSERT OreParametersAnalytics (Parameter,name,type,OreConfigId) VALUES ('None','allocationMethod','xva','Example_14')
INSERT OreParametersAnalytics (Parameter,name,type,OreConfigId) VALUES ('1.0','marginalAllocationLimit','xva','Example_14')
INSERT OreParametersAnalytics (Parameter,name,type,OreConfigId) VALUES ('N','exerciseNextBreak','xva','Example_14')
INSERT OreParametersAnalytics (Parameter,name,type,OreConfigId) VALUES ('Y','cva','xva','Example_14')
INSERT OreParametersAnalytics (Parameter,name,type,OreConfigId) VALUES ('N','dva','xva','Example_14')
INSERT OreParametersAnalytics (Parameter,name,type,OreConfigId) VALUES ('BANK','dvaName','xva','Example_14')
INSERT OreParametersAnalytics (Parameter,name,type,OreConfigId) VALUES ('N','fva','xva','Example_14')
INSERT OreParametersAnalytics (Parameter,name,type,OreConfigId) VALUES ('BANK_EUR_BORROW','fvaBorrowingCurve','xva','Example_14')
INSERT OreParametersAnalytics (Parameter,name,type,OreConfigId) VALUES ('BANK_EUR_LEND','fvaLendingCurve','xva','Example_14')
INSERT OreParametersAnalytics (Parameter,name,type,OreConfigId) VALUES ('N','colva','xva','Example_14')
INSERT OreParametersAnalytics (Parameter,name,type,OreConfigId) VALUES ('N','collateralFloor','xva','Example_14')
INSERT OreParametersAnalytics (Parameter,name,type,OreConfigId) VALUES ('rawcube.csv','rawCubeOutputFile','xva','Example_14')
INSERT OreParametersAnalytics (Parameter,name,type,OreConfigId) VALUES ('netcube.csv','netCubeOutputFile','xva','Example_14')
INSERT OreParametersAnalytics (Parameter,name,type,OreConfigId) VALUES ('N','active','initialMargin','Example_14')
INSERT OreParametersAnalytics (name,type,OreConfigId) VALUES ('method','initialMargin','Example_14')
INSERT OreParametersConfigs (id,Description) VALUES ('Example_15','Example_15 Description')
INSERT OreParametersSetup (Parameter,name,OreConfigId) VALUES ('2016-02-05','asofDate','Example_15')
INSERT OreParametersSetup (Parameter,name,OreConfigId) VALUES ('Input','inputPath','Example_15')
INSERT OreParametersSetup (Parameter,name,OreConfigId) VALUES ('Output','outputPath','Example_15')
INSERT OreParametersSetup (Parameter,name,OreConfigId) VALUES ('log.txt','logFile','Example_15')
INSERT OreParametersSetup (Parameter,name,OreConfigId) VALUES ('255','logMask','Example_15')
INSERT OreParametersSetup (Parameter,name,OreConfigId) VALUES ('../../Input/market_20160205.txt','marketDataFile','Example_15')
INSERT OreParametersSetup (Parameter,name,OreConfigId) VALUES ('../../Input/fixings_20160205.txt','fixingDataFile','Example_15')
INSERT OreParametersSetup (Parameter,name,OreConfigId) VALUES ('N','implyTodaysFixings','Example_15')
INSERT OreParametersSetup (Parameter,name,OreConfigId) VALUES ('../../Input/curveconfig.xml','curveConfigFile','Example_15')
INSERT OreParametersSetup (Parameter,name,OreConfigId) VALUES ('../../Input/conventions.xml','conventionsFile','Example_15')
INSERT OreParametersSetup (Parameter,name,OreConfigId) VALUES ('../../Input/todaysmarket.xml','marketConfigFile','Example_15')
INSERT OreParametersSetup (Parameter,name,OreConfigId) VALUES ('../../Input/pricingengine.xml','pricingEnginesFile','Example_15')
INSERT OreParametersSetup (Parameter,name,OreConfigId) VALUES ('portfolio.xml','portfolioFile','Example_15')
INSERT OreParametersSetup (Parameter,name,OreConfigId) VALUES ('None','observationModel','Example_15')
INSERT OreParametersMarkets (Parameter,name,OreConfigId) VALUES ('collateral_inccy','lgmcalibration','Example_15')
INSERT OreParametersMarkets (Parameter,name,OreConfigId) VALUES ('collateral_eur','fxcalibration','Example_15')
INSERT OreParametersMarkets (Parameter,name,OreConfigId) VALUES ('collateral_eur','pricing','Example_15')
INSERT OreParametersMarkets (Parameter,name,OreConfigId) VALUES ('collateral_eur','simulation','Example_15')
INSERT OreParametersMarkets (Parameter,name,OreConfigId) VALUES ('collateral_eur','sensitivity','Example_15')
INSERT OreParametersAnalytics (Parameter,name,type,OreConfigId) VALUES ('Y','active','npv','Example_15')
INSERT OreParametersAnalytics (Parameter,name,type,OreConfigId) VALUES ('EUR','baseCurrency','npv','Example_15')
INSERT OreParametersAnalytics (Parameter,name,type,OreConfigId) VALUES ('npv.csv','outputFileName','npv','Example_15')
INSERT OreParametersAnalytics (Parameter,name,type,OreConfigId) VALUES ('Y','active','cashflow','Example_15')
INSERT OreParametersAnalytics (Parameter,name,type,OreConfigId) VALUES ('flows.csv','outputFileName','cashflow','Example_15')
INSERT OreParametersAnalytics (Parameter,name,type,OreConfigId) VALUES ('Y','active','curves','Example_15')
INSERT OreParametersAnalytics (Parameter,name,type,OreConfigId) VALUES ('default','configuration','curves','Example_15')
INSERT OreParametersAnalytics (Parameter,name,type,OreConfigId) VALUES ('240,1M','grid','curves','Example_15')
INSERT OreParametersAnalytics (Parameter,name,type,OreConfigId) VALUES ('curves.csv','outputFileName','curves','Example_15')
INSERT OreParametersAnalytics (Parameter,name,type,OreConfigId) VALUES ('N','active','simulation','Example_15')
INSERT OreParametersAnalytics (Parameter,name,type,OreConfigId) VALUES ('mcsimulation.xml','simulationConfigFile','simulation','Example_15')
INSERT OreParametersAnalytics (Parameter,name,type,OreConfigId) VALUES ('../../Input/pricingengine.xml','pricingEnginesFile','simulation','Example_15')
INSERT OreParametersAnalytics (Parameter,name,type,OreConfigId) VALUES ('EUR','baseCurrency','simulation','Example_15')
INSERT OreParametersAnalytics (Parameter,name,type,OreConfigId) VALUES ('N','storeScenarios','simulation','Example_15')
INSERT OreParametersAnalytics (Parameter,name,type,OreConfigId) VALUES ('cube.dat','cubeFile','simulation','Example_15')
INSERT OreParametersAnalytics (Parameter,name,type,OreConfigId) VALUES ('scenariodata.dat','aggregationScenarioDataFileName','simulation','Example_15')
INSERT OreParametersAnalytics (Parameter,name,type,OreConfigId) VALUES ('N','active','xva','Example_15')
INSERT OreParametersAnalytics (Parameter,name,type,OreConfigId) VALUES ('netting.xml','csaFile','xva','Example_15')
INSERT OreParametersAnalytics (Parameter,name,type,OreConfigId) VALUES ('cube.dat','cubeFile','xva','Example_15')
INSERT OreParametersAnalytics (Parameter,name,type,OreConfigId) VALUES ('scenariodata.dat','scenarioFile','xva','Example_15')
INSERT OreParametersAnalytics (Parameter,name,type,OreConfigId) VALUES ('EUR','baseCurrency','xva','Example_15')
INSERT OreParametersAnalytics (Parameter,name,type,OreConfigId) VALUES ('Y','exposureProfiles','xva','Example_15')
INSERT OreParametersAnalytics (Parameter,name,type,OreConfigId) VALUES ('0.95','quantile','xva','Example_15')
INSERT OreParametersAnalytics (Parameter,name,type,OreConfigId) VALUES ('Symmetric','calculationType','xva','Example_15')
INSERT OreParametersAnalytics (Parameter,name,type,OreConfigId) VALUES ('None','allocationMethod','xva','Example_15')
INSERT OreParametersAnalytics (Parameter,name,type,OreConfigId) VALUES ('1.0','marginalAllocationLimit','xva','Example_15')
INSERT OreParametersAnalytics (Parameter,name,type,OreConfigId) VALUES ('N','exerciseNextBreak','xva','Example_15')
INSERT OreParametersAnalytics (Parameter,name,type,OreConfigId) VALUES ('Y','cva','xva','Example_15')
INSERT OreParametersAnalytics (Parameter,name,type,OreConfigId) VALUES ('N','dva','xva','Example_15')
INSERT OreParametersAnalytics (Parameter,name,type,OreConfigId) VALUES ('BANK','dvaName','xva','Example_15')
INSERT OreParametersAnalytics (Parameter,name,type,OreConfigId) VALUES ('N','fva','xva','Example_15')
INSERT OreParametersAnalytics (Parameter,name,type,OreConfigId) VALUES ('BANK_EUR_BORROW','fvaBorrowingCurve','xva','Example_15')
INSERT OreParametersAnalytics (Parameter,name,type,OreConfigId) VALUES ('BANK_EUR_LEND','fvaLendingCurve','xva','Example_15')
INSERT OreParametersAnalytics (Parameter,name,type,OreConfigId) VALUES ('N','colva','xva','Example_15')
INSERT OreParametersAnalytics (Parameter,name,type,OreConfigId) VALUES ('N','collateralFloor','xva','Example_15')
INSERT OreParametersAnalytics (Parameter,name,type,OreConfigId) VALUES ('rawcube.csv','rawCubeOutputFile','xva','Example_15')
INSERT OreParametersAnalytics (Parameter,name,type,OreConfigId) VALUES ('netcube.csv','netCubeOutputFile','xva','Example_15')
INSERT OreParametersAnalytics (Parameter,name,type,OreConfigId) VALUES ('N','active','initialMargin','Example_15')
INSERT OreParametersAnalytics (name,type,OreConfigId) VALUES ('method','initialMargin','Example_15')
INSERT OreParametersAnalytics (Parameter,name,type,OreConfigId) VALUES ('Y','active','sensitivity','Example_15')
INSERT OreParametersAnalytics (Parameter,name,type,OreConfigId) VALUES ('simulation.xml','marketConfigFile','sensitivity','Example_15')
INSERT OreParametersAnalytics (Parameter,name,type,OreConfigId) VALUES ('sensitivity.xml','sensitivityConfigFile','sensitivity','Example_15')
INSERT OreParametersAnalytics (Parameter,name,type,OreConfigId) VALUES ('../../Input/pricingengine.xml','pricingEnginesFile','sensitivity','Example_15')
INSERT OreParametersAnalytics (Parameter,name,type,OreConfigId) VALUES ('scenario.csv','scenarioOutputFile','sensitivity','Example_15')
INSERT OreParametersAnalytics (Parameter,name,type,OreConfigId) VALUES ('sensitivity.csv','sensitivityOutputFile','sensitivity','Example_15')
INSERT OreParametersAnalytics (Parameter,name,type,OreConfigId) VALUES ('crossgamma.csv','crossGammaOutputFile','sensitivity','Example_15')
INSERT OreParametersAnalytics (Parameter,name,type,OreConfigId) VALUES ('0.000001','outputSensitivityThreshold','sensitivity','Example_15')
INSERT OreParametersAnalytics (Parameter,name,type,OreConfigId) VALUES ('Y','recalibrateModels','sensitivity','Example_15')
INSERT OreParametersAnalytics (Parameter,name,type,OreConfigId) VALUES ('Y','active','stress','Example_15')
INSERT OreParametersAnalytics (Parameter,name,type,OreConfigId) VALUES ('simulation.xml','marketConfigFile','stress','Example_15')
INSERT OreParametersAnalytics (Parameter,name,type,OreConfigId) VALUES ('stresstest.xml','stressConfigFile','stress','Example_15')
INSERT OreParametersAnalytics (Parameter,name,type,OreConfigId) VALUES ('../../Input/pricingengine.xml','pricingEnginesFile','stress','Example_15')
INSERT OreParametersAnalytics (Parameter,name,type,OreConfigId) VALUES ('stresstest.csv','scenarioOutputFile','stress','Example_15')
INSERT OreParametersAnalytics (Parameter,name,type,OreConfigId) VALUES ('0.000001','outputThreshold','stress','Example_15')
INSERT OreParametersAnalytics (Parameter,name,type,OreConfigId) VALUES ('Y','active','parametricVar','Example_15')
INSERT OreParametersAnalytics (Parameter,name,type,OreConfigId) VALUES ('../Output/sensitivity.csv,../Output/crossgamma.csv','sensitivityInputFile','parametricVar','Example_15')
INSERT OreParametersAnalytics (Parameter,name,type,OreConfigId) VALUES ('covariance.csv','covarianceInputFile','parametricVar','Example_15')
INSERT OreParametersAnalytics (Parameter,name,type,OreConfigId) VALUES ('N','salvageCovarianceMatrix','parametricVar','Example_15')
INSERT OreParametersAnalytics (Parameter,name,type,OreConfigId) VALUES ('0.01,0.05,0.95,0.99','quantiles','parametricVar','Example_15')
INSERT OreParametersAnalytics (Parameter,name,type,OreConfigId) VALUES ('Y','breakdown','parametricVar','Example_15')
INSERT OreParametersAnalytics (Parameter,name,type,OreConfigId) VALUES ('PF1|PF2','portfolioFilter','parametricVar','Example_15')
INSERT OreParametersAnalytics (Parameter,name,type,OreConfigId) VALUES ('DeltaGammaNormal','method','parametricVar','Example_15')
INSERT OreParametersAnalytics (Parameter,name,type,OreConfigId) VALUES ('var.csv','outputFile','parametricVar','Example_15')
INSERT OreParametersConfigs (id,Description) VALUES ('Example_16','Example_16 Description')
INSERT OreParametersSetup (Parameter,name,OreConfigId) VALUES ('2016-02-05','asofDate','Example_16')
INSERT OreParametersSetup (Parameter,name,OreConfigId) VALUES ('Input','inputPath','Example_16')
INSERT OreParametersSetup (Parameter,name,OreConfigId) VALUES ('Output','outputPath','Example_16')
INSERT OreParametersSetup (Parameter,name,OreConfigId) VALUES ('log.txt','logFile','Example_16')
INSERT OreParametersSetup (Parameter,name,OreConfigId) VALUES ('255','logMask','Example_16')
INSERT OreParametersSetup (Parameter,name,OreConfigId) VALUES ('../../Input/market_20160205.txt','marketDataFile','Example_16')
INSERT OreParametersSetup (Parameter,name,OreConfigId) VALUES ('../../Input/fixings_20160205.txt','fixingDataFile','Example_16')
INSERT OreParametersSetup (Parameter,name,OreConfigId) VALUES ('N','implyTodaysFixings','Example_16')
INSERT OreParametersSetup (Parameter,name,OreConfigId) VALUES ('../../Input/curveconfig.xml','curveConfigFile','Example_16')
INSERT OreParametersSetup (Parameter,name,OreConfigId) VALUES ('../../Input/conventions.xml','conventionsFile','Example_16')
INSERT OreParametersSetup (Parameter,name,OreConfigId) VALUES ('../../Input/todaysmarket.xml','marketConfigFile','Example_16')
INSERT OreParametersSetup (Parameter,name,OreConfigId) VALUES ('../../Input/pricingengine.xml','pricingEnginesFile','Example_16')
INSERT OreParametersSetup (Parameter,name,OreConfigId) VALUES ('portfolio.xml','portfolioFile','Example_16')
INSERT OreParametersSetup (Parameter,name,OreConfigId) VALUES ('Disable','observationModel','Example_16')
INSERT OreParametersMarkets (Parameter,name,OreConfigId) VALUES ('collateral_inccy','lgmcalibration','Example_16')
INSERT OreParametersMarkets (Parameter,name,OreConfigId) VALUES ('collateral_eur','fxcalibration','Example_16')
INSERT OreParametersMarkets (Parameter,name,OreConfigId) VALUES ('collateral_eur','pricing','Example_16')
INSERT OreParametersMarkets (Parameter,name,OreConfigId) VALUES ('collateral_eur','simulation','Example_16')
INSERT OreParametersAnalytics (Parameter,name,type,OreConfigId) VALUES ('Y','active','npv','Example_16')
INSERT OreParametersAnalytics (Parameter,name,type,OreConfigId) VALUES ('EUR','baseCurrency','npv','Example_16')
INSERT OreParametersAnalytics (Parameter,name,type,OreConfigId) VALUES ('npv.csv','outputFileName','npv','Example_16')
INSERT OreParametersAnalytics (Parameter,name,type,OreConfigId) VALUES ('Y','active','cashflow','Example_16')
INSERT OreParametersAnalytics (Parameter,name,type,OreConfigId) VALUES ('flows.csv','outputFileName','cashflow','Example_16')
INSERT OreParametersAnalytics (Parameter,name,type,OreConfigId) VALUES ('Y','active','curves','Example_16')
INSERT OreParametersAnalytics (Parameter,name,type,OreConfigId) VALUES ('default','configuration','curves','Example_16')
INSERT OreParametersAnalytics (Parameter,name,type,OreConfigId) VALUES ('240,1M','grid','curves','Example_16')
INSERT OreParametersAnalytics (Parameter,name,type,OreConfigId) VALUES ('curves.csv','outputFileName','curves','Example_16')
INSERT OreParametersAnalytics (Parameter,name,type,OreConfigId) VALUES ('Y','active','simulation','Example_16')
INSERT OreParametersAnalytics (Parameter,name,type,OreConfigId) VALUES ('simulation.xml','simulationConfigFile','simulation','Example_16')
INSERT OreParametersAnalytics (Parameter,name,type,OreConfigId) VALUES ('../../Input/pricingengine.xml','pricingEnginesFile','simulation','Example_16')
INSERT OreParametersAnalytics (Parameter,name,type,OreConfigId) VALUES ('EUR','baseCurrency','simulation','Example_16')
INSERT OreParametersAnalytics (Parameter,name,type,OreConfigId) VALUES ('N','storeScenarios','simulation','Example_16')
INSERT OreParametersAnalytics (Parameter,name,type,OreConfigId) VALUES ('cube.dat','cubeFile','simulation','Example_16')
INSERT OreParametersAnalytics (Parameter,name,type,OreConfigId) VALUES ('scenariodata.dat','aggregationScenarioDataFileName','simulation','Example_16')
INSERT OreParametersAnalytics (Parameter,name,type,OreConfigId) VALUES ('Y','active','xva','Example_16')
INSERT OreParametersAnalytics (Parameter,name,type,OreConfigId) VALUES ('netting.xml','csaFile','xva','Example_16')
INSERT OreParametersAnalytics (Parameter,name,type,OreConfigId) VALUES ('cube.dat','cubeFile','xva','Example_16')
INSERT OreParametersAnalytics (Parameter,name,type,OreConfigId) VALUES ('scenariodata.dat','scenarioFile','xva','Example_16')
INSERT OreParametersAnalytics (Parameter,name,type,OreConfigId) VALUES ('EUR','baseCurrency','xva','Example_16')
INSERT OreParametersAnalytics (Parameter,name,type,OreConfigId) VALUES ('Y','exposureProfiles','xva','Example_16')
INSERT OreParametersAnalytics (Parameter,name,type,OreConfigId) VALUES ('0.95','quantile','xva','Example_16')
INSERT OreParametersAnalytics (Parameter,name,type,OreConfigId) VALUES ('Symmetric','calculationType','xva','Example_16')
INSERT OreParametersAnalytics (Parameter,name,type,OreConfigId) VALUES ('None','allocationMethod','xva','Example_16')
INSERT OreParametersAnalytics (Parameter,name,type,OreConfigId) VALUES ('1.0','marginalAllocationLimit','xva','Example_16')
INSERT OreParametersAnalytics (Parameter,name,type,OreConfigId) VALUES ('N','exerciseNextBreak','xva','Example_16')
INSERT OreParametersAnalytics (Parameter,name,type,OreConfigId) VALUES ('Y','cva','xva','Example_16')
INSERT OreParametersAnalytics (Parameter,name,type,OreConfigId) VALUES ('N','dva','xva','Example_16')
INSERT OreParametersAnalytics (Parameter,name,type,OreConfigId) VALUES ('BANK','dvaName','xva','Example_16')
INSERT OreParametersAnalytics (Parameter,name,type,OreConfigId) VALUES ('N','fva','xva','Example_16')
INSERT OreParametersAnalytics (Parameter,name,type,OreConfigId) VALUES ('BANK_EUR_BORROW','fvaBorrowingCurve','xva','Example_16')
INSERT OreParametersAnalytics (Parameter,name,type,OreConfigId) VALUES ('BANK_EUR_LEND','fvaLendingCurve','xva','Example_16')
INSERT OreParametersAnalytics (Parameter,name,type,OreConfigId) VALUES ('N','colva','xva','Example_16')
INSERT OreParametersAnalytics (Parameter,name,type,OreConfigId) VALUES ('N','collateralFloor','xva','Example_16')
INSERT OreParametersAnalytics (Parameter,name,type,OreConfigId) VALUES ('rawcube.csv','rawCubeOutputFile','xva','Example_16')
INSERT OreParametersAnalytics (Parameter,name,type,OreConfigId) VALUES ('netcube.csv','netCubeOutputFile','xva','Example_16')
INSERT OreParametersAnalytics (Parameter,name,type,OreConfigId) VALUES ('N','active','initialMargin','Example_16')
INSERT OreParametersAnalytics (name,type,OreConfigId) VALUES ('method','initialMargin','Example_16')
INSERT OreParametersConfigs (id,Description) VALUES ('Example_17','Example_17 Description')
INSERT OreParametersSetup (Parameter,name,OreConfigId) VALUES ('2016-02-05','asofDate','Example_17')
INSERT OreParametersSetup (Parameter,name,OreConfigId) VALUES ('Input','inputPath','Example_17')
INSERT OreParametersSetup (Parameter,name,OreConfigId) VALUES ('Output','outputPath','Example_17')
INSERT OreParametersSetup (Parameter,name,OreConfigId) VALUES ('log.txt','logFile','Example_17')
INSERT OreParametersSetup (Parameter,name,OreConfigId) VALUES ('255','logMask','Example_17')
INSERT OreParametersSetup (Parameter,name,OreConfigId) VALUES ('../../Input/market_20160205.txt','marketDataFile','Example_17')
INSERT OreParametersSetup (Parameter,name,OreConfigId) VALUES ('../../Input/fixings_20160205.txt','fixingDataFile','Example_17')
INSERT OreParametersSetup (Parameter,name,OreConfigId) VALUES ('Y','implyTodaysFixings','Example_17')
INSERT OreParametersSetup (Parameter,name,OreConfigId) VALUES ('../../Input/curveconfig.xml','curveConfigFile','Example_17')
INSERT OreParametersSetup (Parameter,name,OreConfigId) VALUES ('../../Input/conventions.xml','conventionsFile','Example_17')
INSERT OreParametersSetup (Parameter,name,OreConfigId) VALUES ('../../Input/todaysmarket.xml','marketConfigFile','Example_17')
INSERT OreParametersSetup (Parameter,name,OreConfigId) VALUES ('../../Input/pricingengine.xml','pricingEnginesFile','Example_17')
INSERT OreParametersSetup (Parameter,name,OreConfigId) VALUES ('portfolio.xml','portfolioFile','Example_17')
INSERT OreParametersSetup (Parameter,name,OreConfigId) VALUES ('None','observationModel','Example_17')
INSERT OreParametersMarkets (Parameter,name,OreConfigId) VALUES ('collateral_inccy','lgmcalibration','Example_17')
INSERT OreParametersMarkets (Parameter,name,OreConfigId) VALUES ('collateral_eur','fxcalibration','Example_17')
INSERT OreParametersMarkets (Parameter,name,OreConfigId) VALUES ('collateral_eur','pricing','Example_17')
INSERT OreParametersMarkets (Parameter,name,OreConfigId) VALUES ('collateral_eur','simulation','Example_17')
INSERT OreParametersAnalytics (Parameter,name,type,OreConfigId) VALUES ('Y','active','npv','Example_17')
INSERT OreParametersAnalytics (Parameter,name,type,OreConfigId) VALUES ('GBP','baseCurrency','npv','Example_17')
INSERT OreParametersAnalytics (Parameter,name,type,OreConfigId) VALUES ('npv.csv','outputFileName','npv','Example_17')
INSERT OreParametersAnalytics (Parameter,name,type,OreConfigId) VALUES ('Y','active','cashflow','Example_17')
INSERT OreParametersAnalytics (Parameter,name,type,OreConfigId) VALUES ('flows.csv','outputFileName','cashflow','Example_17')
INSERT OreParametersAnalytics (Parameter,name,type,OreConfigId) VALUES ('Y','active','curves','Example_17')
INSERT OreParametersAnalytics (Parameter,name,type,OreConfigId) VALUES ('default','configuration','curves','Example_17')
INSERT OreParametersAnalytics (Parameter,name,type,OreConfigId) VALUES ('240,1M','grid','curves','Example_17')
INSERT OreParametersAnalytics (Parameter,name,type,OreConfigId) VALUES ('curves.csv','outputFileName','curves','Example_17')
INSERT OreParametersAnalytics (Parameter,name,type,OreConfigId) VALUES ('Y','active','simulation','Example_17')
INSERT OreParametersAnalytics (Parameter,name,type,OreConfigId) VALUES ('simulation.xml','simulationConfigFile','simulation','Example_17')
INSERT OreParametersAnalytics (Parameter,name,type,OreConfigId) VALUES ('../../Input/pricingengine.xml','pricingEnginesFile','simulation','Example_17')
INSERT OreParametersAnalytics (Parameter,name,type,OreConfigId) VALUES ('EUR','baseCurrency','simulation','Example_17')
INSERT OreParametersAnalytics (Parameter,name,type,OreConfigId) VALUES ('N','storeScenarios','simulation','Example_17')
INSERT OreParametersAnalytics (Parameter,name,type,OreConfigId) VALUES ('cube.dat','cubeFile','simulation','Example_17')
INSERT OreParametersAnalytics (Parameter,name,type,OreConfigId) VALUES ('scenariodata.dat','aggregationScenarioDataFileName','simulation','Example_17')
INSERT OreParametersAnalytics (Parameter,name,type,OreConfigId) VALUES ('Y','active','xva','Example_17')
INSERT OreParametersAnalytics (Parameter,name,type,OreConfigId) VALUES ('netting.xml','csaFile','xva','Example_17')
INSERT OreParametersAnalytics (Parameter,name,type,OreConfigId) VALUES ('cube.dat','cubeFile','xva','Example_17')
INSERT OreParametersAnalytics (Parameter,name,type,OreConfigId) VALUES ('scenariodata.dat','scenarioFile','xva','Example_17')
INSERT OreParametersAnalytics (Parameter,name,type,OreConfigId) VALUES ('EUR','baseCurrency','xva','Example_17')
INSERT OreParametersAnalytics (Parameter,name,type,OreConfigId) VALUES ('Y','exposureProfiles','xva','Example_17')
INSERT OreParametersAnalytics (Parameter,name,type,OreConfigId) VALUES ('0.95','quantile','xva','Example_17')
INSERT OreParametersAnalytics (Parameter,name,type,OreConfigId) VALUES ('Symmetric','calculationType','xva','Example_17')
INSERT OreParametersAnalytics (Parameter,name,type,OreConfigId) VALUES ('None','allocationMethod','xva','Example_17')
INSERT OreParametersAnalytics (Parameter,name,type,OreConfigId) VALUES ('1.0','marginalAllocationLimit','xva','Example_17')
INSERT OreParametersAnalytics (Parameter,name,type,OreConfigId) VALUES ('N','exerciseNextBreak','xva','Example_17')
INSERT OreParametersAnalytics (Parameter,name,type,OreConfigId) VALUES ('Y','cva','xva','Example_17')
INSERT OreParametersAnalytics (Parameter,name,type,OreConfigId) VALUES ('N','dva','xva','Example_17')
INSERT OreParametersAnalytics (Parameter,name,type,OreConfigId) VALUES ('BANK','dvaName','xva','Example_17')
INSERT OreParametersAnalytics (Parameter,name,type,OreConfigId) VALUES ('N','fva','xva','Example_17')
INSERT OreParametersAnalytics (Parameter,name,type,OreConfigId) VALUES ('BANK_EUR_BORROW','fvaBorrowingCurve','xva','Example_17')
INSERT OreParametersAnalytics (Parameter,name,type,OreConfigId) VALUES ('BANK_EUR_LEND','fvaLendingCurve','xva','Example_17')
INSERT OreParametersAnalytics (Parameter,name,type,OreConfigId) VALUES ('N','colva','xva','Example_17')
INSERT OreParametersAnalytics (Parameter,name,type,OreConfigId) VALUES ('N','collateralFloor','xva','Example_17')
INSERT OreParametersAnalytics (Parameter,name,type,OreConfigId) VALUES ('rawcube.csv','rawCubeOutputFile','xva','Example_17')
INSERT OreParametersAnalytics (Parameter,name,type,OreConfigId) VALUES ('netcube.csv','netCubeOutputFile','xva','Example_17')
INSERT OreParametersAnalytics (Parameter,name,type,OreConfigId) VALUES ('N','active','initialMargin','Example_17')
INSERT OreParametersAnalytics (name,type,OreConfigId) VALUES ('method','initialMargin','Example_17')
INSERT OreParametersConfigs (id,Description) VALUES ('Example_18','Example_18 Description')
INSERT OreParametersSetup (Parameter,name,OreConfigId) VALUES ('2016-02-05','asofDate','Example_18')
INSERT OreParametersSetup (Parameter,name,OreConfigId) VALUES ('Input','inputPath','Example_18')
INSERT OreParametersSetup (Parameter,name,OreConfigId) VALUES ('Output','outputPath','Example_18')
INSERT OreParametersSetup (Parameter,name,OreConfigId) VALUES ('log.txt','logFile','Example_18')
INSERT OreParametersSetup (Parameter,name,OreConfigId) VALUES ('255','logMask','Example_18')
INSERT OreParametersSetup (Parameter,name,OreConfigId) VALUES ('../../Input/market_20160205_flat.txt','marketDataFile','Example_18')
INSERT OreParametersSetup (Parameter,name,OreConfigId) VALUES ('../../Input/fixings_20160205.txt','fixingDataFile','Example_18')
INSERT OreParametersSetup (Parameter,name,OreConfigId) VALUES ('Y','implyTodaysFixings','Example_18')
INSERT OreParametersSetup (Parameter,name,OreConfigId) VALUES ('../../Input/curveconfig.xml','curveConfigFile','Example_18')
INSERT OreParametersSetup (Parameter,name,OreConfigId) VALUES ('../../Input/conventions.xml','conventionsFile','Example_18')
INSERT OreParametersSetup (Parameter,name,OreConfigId) VALUES ('../../Input/todaysmarket.xml','marketConfigFile','Example_18')
INSERT OreParametersSetup (Parameter,name,OreConfigId) VALUES ('../../Input/pricingengine.xml','pricingEnginesFile','Example_18')
INSERT OreParametersSetup (Parameter,name,OreConfigId) VALUES ('portfolio.xml','portfolioFile','Example_18')
INSERT OreParametersSetup (Parameter,name,OreConfigId) VALUES ('Disable','observationModel','Example_18')
INSERT OreParametersMarkets (Parameter,name,OreConfigId) VALUES ('libor','lgmcalibration','Example_18')
INSERT OreParametersMarkets (Parameter,name,OreConfigId) VALUES ('libor','fxcalibration','Example_18')
INSERT OreParametersMarkets (Parameter,name,OreConfigId) VALUES ('libor','pricing','Example_18')
INSERT OreParametersMarkets (Parameter,name,OreConfigId) VALUES ('libor','simulation','Example_18')
INSERT OreParametersAnalytics (Parameter,name,type,OreConfigId) VALUES ('Y','active','npv','Example_18')
INSERT OreParametersAnalytics (Parameter,name,type,OreConfigId) VALUES ('EUR','baseCurrency','npv','Example_18')
INSERT OreParametersAnalytics (Parameter,name,type,OreConfigId) VALUES ('npv.csv','outputFileName','npv','Example_18')
INSERT OreParametersAnalytics (Parameter,name,type,OreConfigId) VALUES ('Y','active','cashflow','Example_18')
INSERT OreParametersAnalytics (Parameter,name,type,OreConfigId) VALUES ('flows.csv','outputFileName','cashflow','Example_18')
INSERT OreParametersAnalytics (Parameter,name,type,OreConfigId) VALUES ('N','active','xva','Example_18')
INSERT OreParametersConfigs (id,Description) VALUES ('Example_20','Example_20 Description')
INSERT OreParametersSetup (Parameter,name,OreConfigId) VALUES ('2016-02-05','asofDate','Example_20')
INSERT OreParametersSetup (Parameter,name,OreConfigId) VALUES ('Input','inputPath','Example_20')
INSERT OreParametersSetup (Parameter,name,OreConfigId) VALUES ('Output','outputPath','Example_20')
INSERT OreParametersSetup (Parameter,name,OreConfigId) VALUES ('log.txt','logFile','Example_20')
INSERT OreParametersSetup (Parameter,name,OreConfigId) VALUES ('255','logMask','Example_20')
INSERT OreParametersSetup (Parameter,name,OreConfigId) VALUES ('../../Input/market_20160205.txt','marketDataFile','Example_20')
INSERT OreParametersSetup (Parameter,name,OreConfigId) VALUES ('../../Input/fixings_20160205.txt','fixingDataFile','Example_20')
INSERT OreParametersSetup (Parameter,name,OreConfigId) VALUES ('N','implyTodaysFixings','Example_20')
INSERT OreParametersSetup (Parameter,name,OreConfigId) VALUES ('../../Input/curveconfig.xml','curveConfigFile','Example_20')
INSERT OreParametersSetup (Parameter,name,OreConfigId) VALUES ('../../Input/conventions.xml','conventionsFile','Example_20')
INSERT OreParametersSetup (Parameter,name,OreConfigId) VALUES ('../../Input/todaysmarket.xml','marketConfigFile','Example_20')
INSERT OreParametersSetup (Parameter,name,OreConfigId) VALUES ('../../Input/pricingengine.xml','pricingEnginesFile','Example_20')
INSERT OreParametersSetup (Parameter,name,OreConfigId) VALUES ('portfolio.xml','portfolioFile','Example_20')
INSERT OreParametersSetup (Parameter,name,OreConfigId) VALUES ('None','observationModel','Example_20')
INSERT OreParametersMarkets (Parameter,name,OreConfigId) VALUES ('collateral_inccy','lgmcalibration','Example_20')
INSERT OreParametersMarkets (Parameter,name,OreConfigId) VALUES ('collateral_eur','fxcalibration','Example_20')
INSERT OreParametersMarkets (Parameter,name,OreConfigId) VALUES ('collateral_eur','pricing','Example_20')
INSERT OreParametersMarkets (Parameter,name,OreConfigId) VALUES ('collateral_eur','simulation','Example_20')
INSERT OreParametersAnalytics (Parameter,name,type,OreConfigId) VALUES ('Y','active','npv','Example_20')
INSERT OreParametersAnalytics (Parameter,name,type,OreConfigId) VALUES ('EUR','baseCurrency','npv','Example_20')
INSERT OreParametersAnalytics (Parameter,name,type,OreConfigId) VALUES ('npv.csv','outputFileName','npv','Example_20')
INSERT OreParametersAnalytics (Parameter,name,type,OreConfigId) VALUES ('Y','active','cashflow','Example_20')
INSERT OreParametersAnalytics (Parameter,name,type,OreConfigId) VALUES ('flows.csv','outputFileName','cashflow','Example_20')
INSERT OreParametersAnalytics (Parameter,name,type,OreConfigId) VALUES ('N','active','curves','Example_20')
INSERT OreParametersAnalytics (Parameter,name,type,OreConfigId) VALUES ('default','configuration','curves','Example_20')
INSERT OreParametersAnalytics (Parameter,name,type,OreConfigId) VALUES ('240,1M','grid','curves','Example_20')
INSERT OreParametersAnalytics (Parameter,name,type,OreConfigId) VALUES ('curves.csv','outputFileName','curves','Example_20')
INSERT OreParametersAnalytics (Parameter,name,type,OreConfigId) VALUES ('N','active','simulation','Example_20')
INSERT OreParametersAnalytics (Parameter,name,type,OreConfigId) VALUES ('mcsimulation.xml','simulationConfigFile','simulation','Example_20')
INSERT OreParametersAnalytics (Parameter,name,type,OreConfigId) VALUES ('../../Input/pricingengine.xml','pricingEnginesFile','simulation','Example_20')
INSERT OreParametersAnalytics (Parameter,name,type,OreConfigId) VALUES ('EUR','baseCurrency','simulation','Example_20')
INSERT OreParametersAnalytics (Parameter,name,type,OreConfigId) VALUES ('N','storeScenarios','simulation','Example_20')
INSERT OreParametersAnalytics (Parameter,name,type,OreConfigId) VALUES ('cube.dat','cubeFile','simulation','Example_20')
INSERT OreParametersAnalytics (Parameter,name,type,OreConfigId) VALUES ('scenariodata.dat','aggregationScenarioDataFileName','simulation','Example_20')
INSERT OreParametersAnalytics (Parameter,name,type,OreConfigId) VALUES ('N','active','xva','Example_20')
INSERT OreParametersAnalytics (Parameter,name,type,OreConfigId) VALUES ('netting.xml','csaFile','xva','Example_20')
INSERT OreParametersAnalytics (Parameter,name,type,OreConfigId) VALUES ('cube.dat','cubeFile','xva','Example_20')
INSERT OreParametersAnalytics (Parameter,name,type,OreConfigId) VALUES ('scenariodata.dat','scenarioFile','xva','Example_20')
INSERT OreParametersAnalytics (Parameter,name,type,OreConfigId) VALUES ('EUR','baseCurrency','xva','Example_20')
INSERT OreParametersAnalytics (Parameter,name,type,OreConfigId) VALUES ('Y','exposureProfiles','xva','Example_20')
INSERT OreParametersAnalytics (Parameter,name,type,OreConfigId) VALUES ('0.95','quantile','xva','Example_20')
INSERT OreParametersAnalytics (Parameter,name,type,OreConfigId) VALUES ('Symmetric','calculationType','xva','Example_20')
INSERT OreParametersAnalytics (Parameter,name,type,OreConfigId) VALUES ('None','allocationMethod','xva','Example_20')
INSERT OreParametersAnalytics (Parameter,name,type,OreConfigId) VALUES ('1.0','marginalAllocationLimit','xva','Example_20')
INSERT OreParametersAnalytics (Parameter,name,type,OreConfigId) VALUES ('N','exerciseNextBreak','xva','Example_20')
INSERT OreParametersAnalytics (Parameter,name,type,OreConfigId) VALUES ('Y','cva','xva','Example_20')
INSERT OreParametersAnalytics (Parameter,name,type,OreConfigId) VALUES ('N','dva','xva','Example_20')
INSERT OreParametersAnalytics (Parameter,name,type,OreConfigId) VALUES ('BANK','dvaName','xva','Example_20')
INSERT OreParametersAnalytics (Parameter,name,type,OreConfigId) VALUES ('N','fva','xva','Example_20')
INSERT OreParametersAnalytics (Parameter,name,type,OreConfigId) VALUES ('BANK_EUR_BORROW','fvaBorrowingCurve','xva','Example_20')
INSERT OreParametersAnalytics (Parameter,name,type,OreConfigId) VALUES ('BANK_EUR_LEND','fvaLendingCurve','xva','Example_20')
INSERT OreParametersAnalytics (Parameter,name,type,OreConfigId) VALUES ('N','colva','xva','Example_20')
INSERT OreParametersAnalytics (Parameter,name,type,OreConfigId) VALUES ('N','collateralFloor','xva','Example_20')
INSERT OreParametersAnalytics (Parameter,name,type,OreConfigId) VALUES ('rawcube.csv','rawCubeOutputFile','xva','Example_20')
INSERT OreParametersAnalytics (Parameter,name,type,OreConfigId) VALUES ('netcube.csv','netCubeOutputFile','xva','Example_20')
INSERT OreParametersAnalytics (Parameter,name,type,OreConfigId) VALUES ('N','active','initialMargin','Example_20')
INSERT OreParametersAnalytics (name,type,OreConfigId) VALUES ('method','initialMargin','Example_20')
INSERT OreParametersAnalytics (Parameter,name,type,OreConfigId) VALUES ('N','active','sensitivity','Example_20')
INSERT OreParametersAnalytics (Parameter,name,type,OreConfigId) VALUES ('simulation.xml','marketConfigFile','sensitivity','Example_20')
INSERT OreParametersAnalytics (Parameter,name,type,OreConfigId) VALUES ('sensitivity.xml','sensitivityConfigFile','sensitivity','Example_20')
INSERT OreParametersAnalytics (Parameter,name,type,OreConfigId) VALUES ('../../Input/pricingengine.xml','pricingEnginesFile','sensitivity','Example_20')
INSERT OreParametersAnalytics (Parameter,name,type,OreConfigId) VALUES ('scenario.csv','scenarioOutputFile','sensitivity','Example_20')
INSERT OreParametersAnalytics (Parameter,name,type,OreConfigId) VALUES ('sensitivity.csv','sensitivityOutputFile','sensitivity','Example_20')
INSERT OreParametersAnalytics (Parameter,name,type,OreConfigId) VALUES ('crossgamma.csv','crossGammaOutputFile','sensitivity','Example_20')
INSERT OreParametersAnalytics (Parameter,name,type,OreConfigId) VALUES ('parsensi.csv','parRateSensitivityOutputFile','sensitivity','Example_20')
INSERT OreParametersAnalytics (Parameter,name,type,OreConfigId) VALUES ('0.000001','outputSensitivityThreshold','sensitivity','Example_20')
INSERT OreParametersAnalytics (Parameter,name,type,OreConfigId) VALUES ('Y','recalibrateModels','sensitivity','Example_20')
INSERT OreParametersAnalytics (Parameter,name,type,OreConfigId) VALUES ('N','active','stress','Example_20')
INSERT OreParametersAnalytics (Parameter,name,type,OreConfigId) VALUES ('simulation.xml','marketConfigFile','stress','Example_20')
INSERT OreParametersAnalytics (Parameter,name,type,OreConfigId) VALUES ('stresstest.xml','stressConfigFile','stress','Example_20')
INSERT OreParametersAnalytics (Parameter,name,type,OreConfigId) VALUES ('../../Input/pricingengine.xml','pricingEnginesFile','stress','Example_20')
INSERT OreParametersAnalytics (Parameter,name,type,OreConfigId) VALUES ('stresstest.csv','scenarioOutputFile','stress','Example_20')
INSERT OreParametersAnalytics (Parameter,name,type,OreConfigId) VALUES ('0.000001','outputThreshold','stress','Example_20')
INSERT OreParametersConfigs (id,Description) VALUES ('Example_21','Example_21 Description')
INSERT OreParametersSetup (Parameter,name,OreConfigId) VALUES ('2016-02-05','asofDate','Example_21')
INSERT OreParametersSetup (Parameter,name,OreConfigId) VALUES ('Input','inputPath','Example_21')
INSERT OreParametersSetup (Parameter,name,OreConfigId) VALUES ('Output','outputPath','Example_21')
INSERT OreParametersSetup (Parameter,name,OreConfigId) VALUES ('log.txt','logFile','Example_21')
INSERT OreParametersSetup (Parameter,name,OreConfigId) VALUES ('31','logMask','Example_21')
INSERT OreParametersSetup (Parameter,name,OreConfigId) VALUES ('../../Input/market_20160205_flat.txt','marketDataFile','Example_21')
INSERT OreParametersSetup (Parameter,name,OreConfigId) VALUES ('../../Input/fixings_20160205.txt','fixingDataFile','Example_21')
INSERT OreParametersSetup (Parameter,name,OreConfigId) VALUES ('Y','implyTodaysFixings','Example_21')
INSERT OreParametersSetup (Parameter,name,OreConfigId) VALUES ('../../Input/curveconfig.xml','curveConfigFile','Example_21')
INSERT OreParametersSetup (Parameter,name,OreConfigId) VALUES ('../../Input/conventions.xml','conventionsFile','Example_21')
INSERT OreParametersSetup (Parameter,name,OreConfigId) VALUES ('../../Input/todaysmarket.xml','marketConfigFile','Example_21')
INSERT OreParametersSetup (Parameter,name,OreConfigId) VALUES ('../../Input/pricingengine.xml','pricingEnginesFile','Example_21')
INSERT OreParametersSetup (Parameter,name,OreConfigId) VALUES ('portfolio_CMS.xml','portfolioFile','Example_21')
INSERT OreParametersSetup (Parameter,name,OreConfigId) VALUES ('Disable','observationModel','Example_21')
INSERT OreParametersMarkets (Parameter,name,OreConfigId) VALUES ('libor','lgmcalibration','Example_21')
INSERT OreParametersMarkets (Parameter,name,OreConfigId) VALUES ('libor','fxcalibration','Example_21')
INSERT OreParametersMarkets (Parameter,name,OreConfigId) VALUES ('libor','eqcalibration','Example_21')
INSERT OreParametersMarkets (Parameter,name,OreConfigId) VALUES ('libor','pricing','Example_21')
INSERT OreParametersMarkets (Parameter,name,OreConfigId) VALUES ('libor','simulation','Example_21')
INSERT OreParametersAnalytics (Parameter,name,type,OreConfigId) VALUES ('Y','active','npv','Example_21')
INSERT OreParametersAnalytics (Parameter,name,type,OreConfigId) VALUES ('EUR','baseCurrency','npv','Example_21')
INSERT OreParametersAnalytics (Parameter,name,type,OreConfigId) VALUES ('npv.csv','outputFileName','npv','Example_21')
INSERT OreParametersAnalytics (Parameter,name,type,OreConfigId) VALUES ('Y','active','cashflow','Example_21')
INSERT OreParametersAnalytics (Parameter,name,type,OreConfigId) VALUES ('flows.csv','outputFileName','cashflow','Example_21')
INSERT OreParametersAnalytics (Parameter,name,type,OreConfigId) VALUES ('Y','active','curves','Example_21')
INSERT OreParametersAnalytics (Parameter,name,type,OreConfigId) VALUES ('default','configuration','curves','Example_21')
INSERT OreParametersAnalytics (Parameter,name,type,OreConfigId) VALUES ('240,1M','grid','curves','Example_21')
INSERT OreParametersAnalytics (Parameter,name,type,OreConfigId) VALUES ('curves.csv','outputFileName','curves','Example_21')
INSERT OreParametersAnalytics (Parameter,name,type,OreConfigId) VALUES ('N','active','simulation','Example_21')
INSERT OreParametersAnalytics (Parameter,name,type,OreConfigId) VALUES ('simulation.xml','simulationConfigFile','simulation','Example_21')
INSERT OreParametersAnalytics (Parameter,name,type,OreConfigId) VALUES ('../../Input/pricingengine.xml','pricingEnginesFile','simulation','Example_21')
INSERT OreParametersAnalytics (Parameter,name,type,OreConfigId) VALUES ('EUR','baseCurrency','simulation','Example_21')
INSERT OreParametersAnalytics (Parameter,name,type,OreConfigId) VALUES ('N','storeScenarios','simulation','Example_21')
INSERT OreParametersAnalytics (Parameter,name,type,OreConfigId) VALUES ('cube.dat','cubeFile','simulation','Example_21')
INSERT OreParametersAnalytics (Parameter,name,type,OreConfigId) VALUES ('scenariodata.dat','aggregationScenarioDataFileName','simulation','Example_21')
INSERT OreParametersAnalytics (Parameter,name,type,OreConfigId) VALUES ('N','active','xva','Example_21')
INSERT OreParametersAnalytics (Parameter,name,type,OreConfigId) VALUES ('netting.xml','csaFile','xva','Example_21')
INSERT OreParametersAnalytics (Parameter,name,type,OreConfigId) VALUES ('cube.dat','cubeFile','xva','Example_21')
INSERT OreParametersAnalytics (Parameter,name,type,OreConfigId) VALUES ('scenariodata.dat','scenarioFile','xva','Example_21')
INSERT OreParametersAnalytics (Parameter,name,type,OreConfigId) VALUES ('EUR','baseCurrency','xva','Example_21')
INSERT OreParametersAnalytics (Parameter,name,type,OreConfigId) VALUES ('Y','exposureProfiles','xva','Example_21')
INSERT OreParametersAnalytics (Parameter,name,type,OreConfigId) VALUES ('0.95','quantile','xva','Example_21')
INSERT OreParametersAnalytics (Parameter,name,type,OreConfigId) VALUES ('Symmetric','calculationType','xva','Example_21')
INSERT OreParametersAnalytics (Parameter,name,type,OreConfigId) VALUES ('None','allocationMethod','xva','Example_21')
INSERT OreParametersAnalytics (Parameter,name,type,OreConfigId) VALUES ('1.0','marginalAllocationLimit','xva','Example_21')
INSERT OreParametersAnalytics (Parameter,name,type,OreConfigId) VALUES ('N','exerciseNextBreak','xva','Example_21')
INSERT OreParametersAnalytics (Parameter,name,type,OreConfigId) VALUES ('Y','cva','xva','Example_21')
INSERT OreParametersAnalytics (Parameter,name,type,OreConfigId) VALUES ('N','dva','xva','Example_21')
INSERT OreParametersAnalytics (Parameter,name,type,OreConfigId) VALUES ('BANK','dvaName','xva','Example_21')
INSERT OreParametersAnalytics (Parameter,name,type,OreConfigId) VALUES ('N','fva','xva','Example_21')
INSERT OreParametersAnalytics (Parameter,name,type,OreConfigId) VALUES ('BANK_EUR_BORROW','fvaBorrowingCurve','xva','Example_21')
INSERT OreParametersAnalytics (Parameter,name,type,OreConfigId) VALUES ('BANK_EUR_LEND','fvaLendingCurve','xva','Example_21')
INSERT OreParametersAnalytics (Parameter,name,type,OreConfigId) VALUES ('N','colva','xva','Example_21')
INSERT OreParametersAnalytics (Parameter,name,type,OreConfigId) VALUES ('N','collateralFloor','xva','Example_21')
INSERT OreParametersAnalytics (Parameter,name,type,OreConfigId) VALUES ('rawcube.csv','rawCubeOutputFile','xva','Example_21')
INSERT OreParametersAnalytics (Parameter,name,type,OreConfigId) VALUES ('netcube.csv','netCubeOutputFile','xva','Example_21')
INSERT OreParametersAnalytics (Parameter,name,type,OreConfigId) VALUES ('N','active','initialMargin','Example_21')
INSERT OreParametersAnalytics (name,type,OreConfigId) VALUES ('method','initialMargin','Example_21')
INSERT OreParametersConfigs (id,Description) VALUES ('Example_23','Example_23 Description')
INSERT OreParametersSetup (Parameter,name,OreConfigId) VALUES ('2016-02-05','asofDate','Example_23')
INSERT OreParametersSetup (Parameter,name,OreConfigId) VALUES ('Input','inputPath','Example_23')
INSERT OreParametersSetup (Parameter,name,OreConfigId) VALUES ('Output','outputPath','Example_23')
INSERT OreParametersSetup (Parameter,name,OreConfigId) VALUES ('log.txt','logFile','Example_23')
INSERT OreParametersSetup (Parameter,name,OreConfigId) VALUES ('31','logMask','Example_23')
INSERT OreParametersSetup (Parameter,name,OreConfigId) VALUES ('../../Input/market_20160205.txt','marketDataFile','Example_23')
INSERT OreParametersSetup (Parameter,name,OreConfigId) VALUES ('../../Input/fixings_20160205.txt','fixingDataFile','Example_23')
INSERT OreParametersSetup (Parameter,name,OreConfigId) VALUES ('N','implyTodaysFixings','Example_23')
INSERT OreParametersSetup (Parameter,name,OreConfigId) VALUES ('curveconfig.xml','curveConfigFile','Example_23')
INSERT OreParametersSetup (Parameter,name,OreConfigId) VALUES ('../../Input/conventions.xml','conventionsFile','Example_23')
INSERT OreParametersSetup (Parameter,name,OreConfigId) VALUES ('../../Input/todaysmarket.xml','marketConfigFile','Example_23')
INSERT OreParametersSetup (Parameter,name,OreConfigId) VALUES ('../../Input/pricingengine.xml','pricingEnginesFile','Example_23')
INSERT OreParametersSetup (Parameter,name,OreConfigId) VALUES ('portfolio.xml','portfolioFile','Example_23')
INSERT OreParametersSetup (Parameter,name,OreConfigId) VALUES ('Disable','observationModel','Example_23')
INSERT OreParametersMarkets (Parameter,name,OreConfigId) VALUES ('collateral_inccy','lgmcalibration','Example_23')
INSERT OreParametersMarkets (Parameter,name,OreConfigId) VALUES ('collateral_inccy','fxcalibration','Example_23')
INSERT OreParametersMarkets (Parameter,name,OreConfigId) VALUES ('collateral_inccy','pricing','Example_23')
INSERT OreParametersMarkets (Parameter,name,OreConfigId) VALUES ('collateral_inccy','simulation','Example_23')
INSERT OreParametersAnalytics (Parameter,name,type,OreConfigId) VALUES ('Y','active','npv','Example_23')
INSERT OreParametersAnalytics (Parameter,name,type,OreConfigId) VALUES ('EUR','baseCurrency','npv','Example_23')
INSERT OreParametersAnalytics (Parameter,name,type,OreConfigId) VALUES ('npv.csv','outputFileName','npv','Example_23')
INSERT OreParametersAnalytics (Parameter,name,type,OreConfigId) VALUES ('Y','active','cashflow','Example_23')
INSERT OreParametersAnalytics (Parameter,name,type,OreConfigId) VALUES ('flows.csv','outputFileName','cashflow','Example_23')
INSERT OreParametersAnalytics (Parameter,name,type,OreConfigId) VALUES ('Y','active','curves','Example_23')
INSERT OreParametersAnalytics (Parameter,name,type,OreConfigId) VALUES ('default','configuration','curves','Example_23')
INSERT OreParametersAnalytics (Parameter,name,type,OreConfigId) VALUES ('240,1M','grid','curves','Example_23')
INSERT OreParametersAnalytics (Parameter,name,type,OreConfigId) VALUES ('curves.csv','outputFileName','curves','Example_23')
INSERT OreParametersAnalytics (Parameter,name,type,OreConfigId) VALUES ('Y','active','simulation','Example_23')
INSERT OreParametersAnalytics (Parameter,name,type,OreConfigId) VALUES ('simulation.xml','simulationConfigFile','simulation','Example_23')
INSERT OreParametersAnalytics (Parameter,name,type,OreConfigId) VALUES ('../../Input/pricingengine.xml','pricingEnginesFile','simulation','Example_23')
INSERT OreParametersAnalytics (Parameter,name,type,OreConfigId) VALUES ('EUR','baseCurrency','simulation','Example_23')
INSERT OreParametersAnalytics (Parameter,name,type,OreConfigId) VALUES ('cube.dat','cubeFile','simulation','Example_23')
INSERT OreParametersAnalytics (Parameter,name,type,OreConfigId) VALUES ('scenariodata.dat','aggregationScenarioDataFileName','simulation','Example_23')
INSERT OreParametersAnalytics (Parameter,name,type,OreConfigId) VALUES ('Y','active','xva','Example_23')
INSERT OreParametersAnalytics (Parameter,name,type,OreConfigId) VALUES ('netting.xml','csaFile','xva','Example_23')
INSERT OreParametersAnalytics (Parameter,name,type,OreConfigId) VALUES ('cube.dat','cubeFile','xva','Example_23')
INSERT OreParametersAnalytics (Parameter,name,type,OreConfigId) VALUES ('scenariodata.dat','scenarioFile','xva','Example_23')
INSERT OreParametersAnalytics (Parameter,name,type,OreConfigId) VALUES ('EUR','baseCurrency','xva','Example_23')
INSERT OreParametersAnalytics (Parameter,name,type,OreConfigId) VALUES ('Y','exposureProfiles','xva','Example_23')
INSERT OreParametersAnalytics (Parameter,name,type,OreConfigId) VALUES ('0.95','quantile','xva','Example_23')
INSERT OreParametersAnalytics (Parameter,name,type,OreConfigId) VALUES ('Symmetric','calculationType','xva','Example_23')
INSERT OreParametersAnalytics (Parameter,name,type,OreConfigId) VALUES ('None','allocationMethod','xva','Example_23')
INSERT OreParametersAnalytics (Parameter,name,type,OreConfigId) VALUES ('1.0','marginalAllocationLimit','xva','Example_23')
INSERT OreParametersAnalytics (Parameter,name,type,OreConfigId) VALUES ('N','exerciseNextBreak','xva','Example_23')
INSERT OreParametersAnalytics (Parameter,name,type,OreConfigId) VALUES ('Y','cva','xva','Example_23')
INSERT OreParametersAnalytics (Parameter,name,type,OreConfigId) VALUES ('N','dva','xva','Example_23')
INSERT OreParametersAnalytics (Parameter,name,type,OreConfigId) VALUES ('BANK','dvaName','xva','Example_23')
INSERT OreParametersAnalytics (Parameter,name,type,OreConfigId) VALUES ('N','fva','xva','Example_23')
INSERT OreParametersAnalytics (Parameter,name,type,OreConfigId) VALUES ('BANK_EUR_BORROW','fvaBorrowingCurve','xva','Example_23')
INSERT OreParametersAnalytics (Parameter,name,type,OreConfigId) VALUES ('BANK_EUR_LEND','fvaLendingCurve','xva','Example_23')
INSERT OreParametersAnalytics (Parameter,name,type,OreConfigId) VALUES ('N','colva','xva','Example_23')
INSERT OreParametersAnalytics (Parameter,name,type,OreConfigId) VALUES ('N','collateralFloor','xva','Example_23')
INSERT OreParametersAnalytics (Parameter,name,type,OreConfigId) VALUES ('rawcube.csv','rawCubeOutputFile','xva','Example_23')
INSERT OreParametersAnalytics (Parameter,name,type,OreConfigId) VALUES ('netcube.csv','netCubeOutputFile','xva','Example_23')
INSERT OreParametersAnalytics (Parameter,name,type,OreConfigId) VALUES ('N','active','initialMargin','Example_23')
INSERT OreParametersAnalytics (name,type,OreConfigId) VALUES ('method','initialMargin','Example_23')
