use ORE

INSERT PortfolioTrades (TradeType,id,CounterParty,NettingSetId) VALUES ('Swap','1Swap_20','CPTY_A','1CPTY_A')
INSERT PortfolioAdditionalFields (GroupingId,TradeId) VALUES ('Example_1','1Swap_20')
INSERT PortfolioSwapData (TradeId) VALUES ('1Swap_20')
INSERT PortfolioLegData (LegType,Payer,Currency,DayCounter,PaymentConvention,Id,TradeId) VALUES ('Fixed','false','EUR','30/360','F',1001,'1Swap_20')
INSERT PortfolioLegNotionals (Notional,LegDataId,SeqId) VALUES (10000000.000000,1001,0)
INSERT PortfolioFixedLegCPIRates (Rate,LegDataId,SeqId) VALUES (0.02,1001,0)
INSERT PortfolioScheduleDataRules (StartDate,EndDate,Tenor,Calendar,Convention,TermConvention,RuleName,LegDataId,Id) VALUES ('20151028','20351028','1Y','TARGET','F','F','Forward',1001,1000)
INSERT PortfolioScheduleDataDates (ScheduleDate,LegDataId,Id) VALUES ('20170101',1001,1000)
INSERT PortfolioLegData (LegType,Payer,Currency,DayCounter,PaymentConvention,Id,TradeId,FloatingLegIndexName,FloatingLegIsInArrears,FloatingLegFixingDays) VALUES ('Floating','true','EUR','A360','MF',1002,'1Swap_20','EUR-EURIBOR-6M','false',2)
INSERT PortfolioLegNotionals (Notional,LegDataId,SeqId) VALUES (10000000.000000,1002,0)
INSERT PortfolioFloatingLegSpreads (Spread,LegDataId,SeqId) VALUES (0.000000,1002,0)
INSERT PortfolioScheduleDataRules (StartDate,EndDate,Tenor,Calendar,Convention,TermConvention,RuleName,LegDataId,Id) VALUES ('20151028','20351028','6M','TARGET','MF','MF','Forward',1002,1001)

INSERT PortfolioTrades (TradeType,id,CounterParty,NettingSetId) VALUES ('Swaption','1Swaption_1_19','CPTY_A','1CPTY_A')
INSERT PortfolioAdditionalFields (GroupingId,TradeId) VALUES ('Example_1','1Swaption_1_19')
INSERT PortfolioSwaptionData (TradeId,OptionDataLongShort,OptionDataOptionType,OptionDataStyle,OptionDataSettlement,OptionDataPayOffAtExpiry) VALUES ('1Swaption_1_19','Long','Call','European','Cash','false')
INSERT PortfolioOptionExercises (ExerciseDate,TradeId,ExerciseFee,ExercisePrice) VALUES ('20161028','1Swaption_1_19',1.4,1.5)
INSERT PortfolioOptionExercises (ExerciseDate,TradeId,ExerciseFee,ExercisePrice) VALUES ('20171028','1Swaption_1_19',2.3,2.5)
INSERT PortfolioLegData (LegType,Payer,Currency,DayCounter,PaymentConvention,Id,TradeId) VALUES ('Fixed','false','EUR','30/360','F',1003,'1Swaption_1_19')
INSERT PortfolioLegNotionals (Notional,LegDataId,SeqId) VALUES (10000000.000000,1003,0)
INSERT PortfolioFixedLegCPIRates (Rate,LegDataId,SeqId) VALUES (0.02,1003,0)
INSERT PortfolioScheduleDataRules (StartDate,EndDate,Tenor,Calendar,Convention,TermConvention,RuleName,LegDataId,Id) VALUES ('20161028','20351028','1Y','TARGET','F','F','Forward',1003,1002)
INSERT PortfolioLegData (LegType,Payer,Currency,DayCounter,PaymentConvention,Id,TradeId,FloatingLegIndexName,FloatingLegIsInArrears,FloatingLegFixingDays) VALUES ('Floating','true','EUR','A360','MF',1004,'1Swaption_1_19','EUR-EURIBOR-6M','false',2)
INSERT PortfolioLegNotionals (Notional,LegDataId,SeqId) VALUES (10000000.000000,1004,0)
INSERT PortfolioFloatingLegSpreads (Spread,LegDataId,SeqId) VALUES (0.000000,1004,0)
INSERT PortfolioScheduleDataRules (StartDate,EndDate,Tenor,Calendar,Convention,TermConvention,RuleName,LegDataId,Id) VALUES ('20161028','20351028','6M','TARGET','MF','MF','Forward',1004,1003)

INSERT PortfolioTrades (TradeType,id,CounterParty,NettingSetId) VALUES ('Swaption','1Swaption_2_18','CPTY_A','1CPTY_A')
INSERT PortfolioAdditionalFields (GroupingId,TradeId) VALUES ('Example_1','1Swaption_2_18')
INSERT PortfolioSwaptionData (TradeId,OptionDataLongShort,OptionDataOptionType,OptionDataStyle,OptionDataSettlement,OptionDataPayOffAtExpiry) VALUES ('1Swaption_2_18','Long','Call','European','Cash','false')
INSERT PortfolioOptionExercises (ExerciseDate,TradeId) VALUES ('20171028','1Swaption_2_18')
INSERT PortfolioLegData (LegType,Payer,Currency,DayCounter,PaymentConvention,Id,TradeId) VALUES ('Fixed','false','EUR','30/360','F',1005,'1Swaption_2_18')
INSERT PortfolioLegNotionals (Notional,LegDataId,SeqId) VALUES (10000000.000000,1005,0)
INSERT PortfolioFixedLegCPIRates (Rate,LegDataId,SeqId) VALUES (0.02,1005,0)
INSERT PortfolioScheduleDataRules (StartDate,EndDate,Tenor,Calendar,Convention,TermConvention,RuleName,LegDataId,Id) VALUES ('20171028','20351028','1Y','TARGET','F','F','Forward',1005,1004)
INSERT PortfolioLegData (LegType,Payer,Currency,DayCounter,PaymentConvention,Id,TradeId,FloatingLegIndexName,FloatingLegIsInArrears,FloatingLegFixingDays) VALUES ('Floating','true','EUR','A360','MF',1006,'1Swaption_2_18','EUR-EURIBOR-6M','false',2)
INSERT PortfolioLegNotionals (Notional,LegDataId,SeqId) VALUES (10000000.000000,1006,0)
INSERT PortfolioFloatingLegSpreads (Spread,LegDataId,SeqId) VALUES (0.000000,1006,0)
INSERT PortfolioScheduleDataRules (StartDate,EndDate,Tenor,Calendar,Convention,TermConvention,RuleName,LegDataId,Id) VALUES ('20171028','20351028','6M','TARGET','MF','MF','Forward',1006,1005)

INSERT PortfolioTrades (TradeType,id,CounterParty,NettingSetId) VALUES ('Swaption','1Swaption_4_16','CPTY_A','1CPTY_A')
INSERT PortfolioAdditionalFields (GroupingId,TradeId) VALUES ('Example_1','1Swaption_4_16')
INSERT PortfolioSwaptionData (TradeId,OptionDataLongShort,OptionDataOptionType,OptionDataStyle,OptionDataSettlement,OptionDataPayOffAtExpiry) VALUES ('1Swaption_4_16','Long','Call','European','Cash','false')
INSERT PortfolioOptionExercises (ExerciseDate,TradeId) VALUES ('20191028','1Swaption_4_16')
INSERT PortfolioLegData (LegType,Payer,Currency,DayCounter,PaymentConvention,Id,TradeId) VALUES ('Fixed','false','EUR','30/360','F',1007,'1Swaption_4_16')
INSERT PortfolioLegNotionals (Notional,LegDataId,SeqId) VALUES (10000000.000000,1007,0)
INSERT PortfolioFixedLegCPIRates (Rate,LegDataId,SeqId) VALUES (0.02,1007,0)
INSERT PortfolioScheduleDataRules (StartDate,EndDate,Tenor,Calendar,Convention,TermConvention,RuleName,LegDataId,Id) VALUES ('20191028','20351028','1Y','TARGET','F','F','Forward',1007,1006)
INSERT PortfolioLegData (LegType,Payer,Currency,DayCounter,PaymentConvention,Id,TradeId,FloatingLegIndexName,FloatingLegIsInArrears,FloatingLegFixingDays) VALUES ('Floating','true','EUR','A360','MF',1008,'1Swaption_4_16','EUR-EURIBOR-6M','false',2)
INSERT PortfolioLegNotionals (Notional,LegDataId,SeqId) VALUES (10000000.000000,1008,0)
INSERT PortfolioFloatingLegSpreads (Spread,LegDataId,SeqId) VALUES (0.000000,1008,0)
INSERT PortfolioScheduleDataRules (StartDate,EndDate,Tenor,Calendar,Convention,TermConvention,RuleName,LegDataId,Id) VALUES ('20191028','20351028','6M','TARGET','MF','MF','Forward',1008,1007)

INSERT PortfolioTrades (TradeType,id,CounterParty,NettingSetId) VALUES ('Swaption','1Swaption_6_14','CPTY_A','1CPTY_A')
INSERT PortfolioAdditionalFields (GroupingId,TradeId) VALUES ('Example_1','1Swaption_6_14')
INSERT PortfolioSwaptionData (TradeId,OptionDataLongShort,OptionDataOptionType,OptionDataStyle,OptionDataSettlement,OptionDataPayOffAtExpiry) VALUES ('1Swaption_6_14','Long','Call','European','Cash','false')
INSERT PortfolioOptionExercises (ExerciseDate,TradeId) VALUES ('20211028','1Swaption_6_14')
INSERT PortfolioLegData (LegType,Payer,Currency,DayCounter,PaymentConvention,Id,TradeId) VALUES ('Fixed','false','EUR','30/360','F',1009,'1Swaption_6_14')
INSERT PortfolioLegNotionals (Notional,LegDataId,SeqId) VALUES (10000000.000000,1009,0)
INSERT PortfolioFixedLegCPIRates (Rate,LegDataId,SeqId) VALUES (0.02,1009,0)
INSERT PortfolioScheduleDataRules (StartDate,EndDate,Tenor,Calendar,Convention,TermConvention,RuleName,LegDataId,Id) VALUES ('20211028','20351028','1Y','TARGET','F','F','Forward',1009,1008)
INSERT PortfolioLegData (LegType,Payer,Currency,DayCounter,PaymentConvention,Id,TradeId,FloatingLegIndexName,FloatingLegIsInArrears,FloatingLegFixingDays) VALUES ('Floating','true','EUR','A360','MF',1010,'1Swaption_6_14','EUR-EURIBOR-6M','false',2)
INSERT PortfolioLegNotionals (Notional,LegDataId,SeqId) VALUES (10000000.000000,1010,0)
INSERT PortfolioFloatingLegSpreads (Spread,LegDataId,SeqId) VALUES (0.000000,1010,0)
INSERT PortfolioScheduleDataRules (StartDate,EndDate,Tenor,Calendar,Convention,TermConvention,RuleName,LegDataId,Id) VALUES ('20211028','20351028','6M','TARGET','MF','MF','Forward',1010,1009)

INSERT PortfolioTrades (TradeType,id,CounterParty,NettingSetId) VALUES ('Swaption','1Swaption_8_12','CPTY_A','1CPTY_A')
INSERT PortfolioAdditionalFields (GroupingId,TradeId) VALUES ('Example_1','1Swaption_8_12')
INSERT PortfolioSwaptionData (TradeId,OptionDataLongShort,OptionDataOptionType,OptionDataStyle,OptionDataSettlement,OptionDataPayOffAtExpiry) VALUES ('1Swaption_8_12','Long','Call','European','Cash','false')
INSERT PortfolioOptionExercises (ExerciseDate,TradeId) VALUES ('20231028','1Swaption_8_12')
INSERT PortfolioLegData (LegType,Payer,Currency,DayCounter,PaymentConvention,Id,TradeId) VALUES ('Fixed','false','EUR','30/360','F',1011,'1Swaption_8_12')
INSERT PortfolioLegNotionals (Notional,LegDataId,SeqId) VALUES (10000000.000000,1011,0)
INSERT PortfolioFixedLegCPIRates (Rate,LegDataId,SeqId) VALUES (0.02,1011,0)
INSERT PortfolioScheduleDataRules (StartDate,EndDate,Tenor,Calendar,Convention,TermConvention,RuleName,LegDataId,Id) VALUES ('20231028','20351028','1Y','TARGET','F','F','Forward',1011,1010)
INSERT PortfolioLegData (LegType,Payer,Currency,DayCounter,PaymentConvention,Id,TradeId,FloatingLegIndexName,FloatingLegIsInArrears,FloatingLegFixingDays) VALUES ('Floating','true','EUR','A360','MF',1012,'1Swaption_8_12','EUR-EURIBOR-6M','false',2)
INSERT PortfolioLegNotionals (Notional,LegDataId,SeqId) VALUES (10000000.000000,1012,0)
INSERT PortfolioFloatingLegSpreads (Spread,LegDataId,SeqId) VALUES (0.000000,1012,0)
INSERT PortfolioScheduleDataRules (StartDate,EndDate,Tenor,Calendar,Convention,TermConvention,RuleName,LegDataId,Id) VALUES ('20231028','20351028','6M','TARGET','MF','MF','Forward',1012,1011)

INSERT PortfolioTrades (TradeType,id,CounterParty,NettingSetId) VALUES ('Swaption','1Swaption_10_10','CPTY_A','1CPTY_A')
INSERT PortfolioAdditionalFields (GroupingId,TradeId) VALUES ('Example_1','1Swaption_10_10')
INSERT PortfolioSwaptionData (TradeId,OptionDataLongShort,OptionDataOptionType,OptionDataStyle,OptionDataSettlement,OptionDataPayOffAtExpiry) VALUES ('1Swaption_10_10','Long','Call','European','Cash','false')
INSERT PortfolioOptionExercises (ExerciseDate,TradeId) VALUES ('20251028','1Swaption_10_10')
INSERT PortfolioLegData (LegType,Payer,Currency,DayCounter,PaymentConvention,Id,TradeId) VALUES ('Fixed','false','EUR','30/360','F',1013,'1Swaption_10_10')
INSERT PortfolioLegNotionals (Notional,LegDataId,SeqId) VALUES (10000000.000000,1013,0)
INSERT PortfolioFixedLegCPIRates (Rate,LegDataId,SeqId) VALUES (0.02,1013,0)
INSERT PortfolioScheduleDataRules (StartDate,EndDate,Tenor,Calendar,Convention,TermConvention,RuleName,LegDataId,Id) VALUES ('20251028','20351028','1Y','TARGET','F','F','Forward',1013,1012)
INSERT PortfolioLegData (LegType,Payer,Currency,DayCounter,PaymentConvention,Id,TradeId,FloatingLegIndexName,FloatingLegIsInArrears,FloatingLegFixingDays) VALUES ('Floating','true','EUR','A360','MF',1014,'1Swaption_10_10','EUR-EURIBOR-6M','false',2)
INSERT PortfolioLegNotionals (Notional,LegDataId,SeqId) VALUES (10000000.000000,1014,0)
INSERT PortfolioFloatingLegSpreads (Spread,LegDataId,SeqId) VALUES (0.000000,1014,0)
INSERT PortfolioScheduleDataRules (StartDate,EndDate,Tenor,Calendar,Convention,TermConvention,RuleName,LegDataId,Id) VALUES ('20251028','20351028','6M','TARGET','MF','MF','Forward',1014,1013)

INSERT PortfolioTrades (TradeType,id,CounterParty,NettingSetId) VALUES ('Swaption','1Swaption_12_8','CPTY_A','1CPTY_A')
INSERT PortfolioAdditionalFields (GroupingId,TradeId) VALUES ('Example_1','1Swaption_12_8')
INSERT PortfolioSwaptionData (TradeId,OptionDataLongShort,OptionDataOptionType,OptionDataStyle,OptionDataSettlement,OptionDataPayOffAtExpiry) VALUES ('1Swaption_12_8','Long','Call','European','Cash','false')
INSERT PortfolioOptionExercises (ExerciseDate,TradeId) VALUES ('20271028','1Swaption_12_8')
INSERT PortfolioLegData (LegType,Payer,Currency,DayCounter,PaymentConvention,Id,TradeId) VALUES ('Fixed','false','EUR','30/360','F',1015,'1Swaption_12_8')
INSERT PortfolioLegNotionals (Notional,LegDataId,SeqId) VALUES (10000000.000000,1015,0)
INSERT PortfolioFixedLegCPIRates (Rate,LegDataId,SeqId) VALUES (0.02,1015,0)
INSERT PortfolioScheduleDataRules (StartDate,EndDate,Tenor,Calendar,Convention,TermConvention,RuleName,LegDataId,Id) VALUES ('20271028','20351028','1Y','TARGET','F','F','Forward',1015,1014)
INSERT PortfolioLegData (LegType,Payer,Currency,DayCounter,PaymentConvention,Id,TradeId,FloatingLegIndexName,FloatingLegIsInArrears,FloatingLegFixingDays) VALUES ('Floating','true','EUR','A360','MF',1016,'1Swaption_12_8','EUR-EURIBOR-6M','false',2)
INSERT PortfolioLegNotionals (Notional,LegDataId,SeqId) VALUES (10000000.000000,1016,0)
INSERT PortfolioFloatingLegSpreads (Spread,LegDataId,SeqId) VALUES (0.000000,1016,0)
INSERT PortfolioScheduleDataRules (StartDate,EndDate,Tenor,Calendar,Convention,TermConvention,RuleName,LegDataId,Id) VALUES ('20271028','20351028','6M','TARGET','MF','MF','Forward',1016,1015)

INSERT PortfolioTrades (TradeType,id,CounterParty,NettingSetId) VALUES ('Swaption','1Swaption_14_6','CPTY_A','1CPTY_A')
INSERT PortfolioAdditionalFields (GroupingId,TradeId) VALUES ('Example_1','1Swaption_14_6')
INSERT PortfolioSwaptionData (TradeId,OptionDataLongShort,OptionDataOptionType,OptionDataStyle,OptionDataSettlement,OptionDataPayOffAtExpiry) VALUES ('1Swaption_14_6','Long','Call','European','Cash','false')
INSERT PortfolioOptionExercises (ExerciseDate,TradeId) VALUES ('20291028','1Swaption_14_6')
INSERT PortfolioLegData (LegType,Payer,Currency,DayCounter,PaymentConvention,Id,TradeId) VALUES ('Fixed','false','EUR','30/360','F',1017,'1Swaption_14_6')
INSERT PortfolioLegNotionals (Notional,LegDataId,SeqId) VALUES (10000000.000000,1017,0)
INSERT PortfolioFixedLegCPIRates (Rate,LegDataId,SeqId) VALUES (0.02,1017,0)
INSERT PortfolioScheduleDataRules (StartDate,EndDate,Tenor,Calendar,Convention,TermConvention,RuleName,LegDataId,Id) VALUES ('20291028','20351028','1Y','TARGET','F','F','Forward',1017,1016)
INSERT PortfolioLegData (LegType,Payer,Currency,DayCounter,PaymentConvention,Id,TradeId,FloatingLegIndexName,FloatingLegIsInArrears,FloatingLegFixingDays) VALUES ('Floating','true','EUR','A360','MF',1018,'1Swaption_14_6','EUR-EURIBOR-6M','false',2)
INSERT PortfolioLegNotionals (Notional,LegDataId,SeqId) VALUES (10000000.000000,1018,0)
INSERT PortfolioFloatingLegSpreads (Spread,LegDataId,SeqId) VALUES (0.000000,1018,0)
INSERT PortfolioScheduleDataRules (StartDate,EndDate,Tenor,Calendar,Convention,TermConvention,RuleName,LegDataId,Id) VALUES ('20291028','20351028','6M','TARGET','MF','MF','Forward',1018,1017)

INSERT PortfolioTrades (TradeType,id,CounterParty,NettingSetId) VALUES ('Swaption','1Swaption_16_4','CPTY_A','1CPTY_A')
INSERT PortfolioAdditionalFields (GroupingId,TradeId) VALUES ('Example_1','1Swaption_16_4')
INSERT PortfolioSwaptionData (TradeId,OptionDataLongShort,OptionDataOptionType,OptionDataStyle,OptionDataSettlement,OptionDataPayOffAtExpiry) VALUES ('1Swaption_16_4','Long','Call','European','Cash','false')
INSERT PortfolioOptionExercises (ExerciseDate,TradeId) VALUES ('20311028','1Swaption_16_4')
INSERT PortfolioLegData (LegType,Payer,Currency,DayCounter,PaymentConvention,Id,TradeId) VALUES ('Fixed','false','EUR','30/360','F',1019,'1Swaption_16_4')
INSERT PortfolioLegNotionals (Notional,LegDataId,SeqId) VALUES (10000000.000000,1019,0)
INSERT PortfolioFixedLegCPIRates (Rate,LegDataId,SeqId) VALUES (0.02,1019,0)
INSERT PortfolioScheduleDataRules (StartDate,EndDate,Tenor,Calendar,Convention,TermConvention,RuleName,LegDataId,Id) VALUES ('20311028','20351028','1Y','TARGET','F','F','Forward',1019,1018)
INSERT PortfolioLegData (LegType,Payer,Currency,DayCounter,PaymentConvention,Id,TradeId,FloatingLegIndexName,FloatingLegIsInArrears,FloatingLegFixingDays) VALUES ('Floating','true','EUR','A360','MF',1020,'1Swaption_16_4','EUR-EURIBOR-6M','false',2)
INSERT PortfolioLegNotionals (Notional,LegDataId,SeqId) VALUES (10000000.000000,1020,0)
INSERT PortfolioFloatingLegSpreads (Spread,LegDataId,SeqId) VALUES (0.000000,1020,0)
INSERT PortfolioScheduleDataRules (StartDate,EndDate,Tenor,Calendar,Convention,TermConvention,RuleName,LegDataId,Id) VALUES ('20311028','20351028','6M','TARGET','MF','MF','Forward',1020,1019)

INSERT PortfolioTrades (TradeType,id,CounterParty,NettingSetId) VALUES ('Swaption','1Swaption_18_2','CPTY_A','1CPTY_A')
INSERT PortfolioAdditionalFields (GroupingId,TradeId) VALUES ('Example_1','1Swaption_18_2')
INSERT PortfolioSwaptionData (TradeId,OptionDataLongShort,OptionDataOptionType,OptionDataStyle,OptionDataSettlement,OptionDataPayOffAtExpiry) VALUES ('1Swaption_18_2','Long','Call','European','Cash','false')
INSERT PortfolioOptionExercises (ExerciseDate,TradeId) VALUES ('20331028','1Swaption_18_2')
INSERT PortfolioLegData (LegType,Payer,Currency,DayCounter,PaymentConvention,Id,TradeId) VALUES ('Fixed','false','EUR','30/360','F',1021,'1Swaption_18_2')
INSERT PortfolioLegNotionals (Notional,LegDataId,SeqId) VALUES (10000000.000000,1021,0)
INSERT PortfolioFixedLegCPIRates (Rate,LegDataId,SeqId) VALUES (0.02,1021,0)
INSERT PortfolioScheduleDataRules (StartDate,EndDate,Tenor,Calendar,Convention,TermConvention,RuleName,LegDataId,Id) VALUES ('20331028','20351028','1Y','TARGET','F','F','Forward',1021,1020)
INSERT PortfolioLegData (LegType,Payer,Currency,DayCounter,PaymentConvention,Id,TradeId,FloatingLegIndexName,FloatingLegIsInArrears,FloatingLegFixingDays) VALUES ('Floating','true','EUR','A360','MF',1022,'1Swaption_18_2','EUR-EURIBOR-6M','false',2)
INSERT PortfolioLegNotionals (Notional,LegDataId,SeqId) VALUES (10000000.000000,1022,0)
INSERT PortfolioFloatingLegSpreads (Spread,LegDataId,SeqId) VALUES (0.000000,1022,0)
INSERT PortfolioScheduleDataRules (StartDate,EndDate,Tenor,Calendar,Convention,TermConvention,RuleName,LegDataId,Id) VALUES ('20331028','20351028','6M','TARGET','MF','MF','Forward',1022,1021)

INSERT PortfolioTrades (TradeType,id,CounterParty,NettingSetId) VALUES ('Swaption','1Swaption_19_1','CPTY_A','1CPTY_A')
INSERT PortfolioAdditionalFields (GroupingId,TradeId) VALUES ('Example_1','1Swaption_19_1')
INSERT PortfolioSwaptionData (TradeId,OptionDataLongShort,OptionDataOptionType,OptionDataStyle,OptionDataSettlement,OptionDataPayOffAtExpiry) VALUES ('1Swaption_19_1','Long','Call','European','Cash','false')
INSERT PortfolioOptionExercises (ExerciseDate,TradeId) VALUES ('20341028','1Swaption_19_1')
INSERT PortfolioLegData (LegType,Payer,Currency,DayCounter,PaymentConvention,Id,TradeId) VALUES ('Fixed','false','EUR','30/360','F',1023,'1Swaption_19_1')
INSERT PortfolioLegNotionals (Notional,LegDataId,SeqId) VALUES (10000000.000000,1023,0)
INSERT PortfolioFixedLegCPIRates (Rate,LegDataId,SeqId) VALUES (0.02,1023,0)
INSERT PortfolioScheduleDataRules (StartDate,EndDate,Tenor,Calendar,Convention,TermConvention,RuleName,LegDataId,Id) VALUES ('20341028','20351028','1Y','TARGET','F','F','Forward',1023,1022)
INSERT PortfolioLegData (LegType,Payer,Currency,DayCounter,PaymentConvention,Id,TradeId,FloatingLegIndexName,FloatingLegIsInArrears,FloatingLegFixingDays) VALUES ('Floating','true','EUR','A360','MF',1024,'1Swaption_19_1','EUR-EURIBOR-6M','false',2)
INSERT PortfolioLegNotionals (Notional,LegDataId,SeqId) VALUES (10000000.000000,1024,0)
INSERT PortfolioFloatingLegSpreads (Spread,LegDataId,SeqId) VALUES (0.000000,1024,0)
INSERT PortfolioScheduleDataRules (StartDate,EndDate,Tenor,Calendar,Convention,TermConvention,RuleName,LegDataId,Id) VALUES ('20341028','20351028','6M','TARGET','MF','MF','Forward',1024,1023)

INSERT PortfolioTrades (TradeType,id,CounterParty,NettingSetId) VALUES ('Swap','2Swap_20','CPTY_A','2CPTY_A')
INSERT PortfolioAdditionalFields (GroupingId,TradeId) VALUES ('Example_2','2Swap_20')
INSERT PortfolioSwapData (TradeId) VALUES ('2Swap_20')
INSERT PortfolioLegData (LegType,Payer,Currency,DayCounter,PaymentConvention,Id,TradeId) VALUES ('Fixed','false','EUR','30/360','F',2001,'2Swap_20')
INSERT PortfolioLegNotionals (Notional,LegDataId,SeqId) VALUES (10000000.000000,2001,0)
INSERT PortfolioFixedLegCPIRates (Rate,LegDataId,SeqId) VALUES (0.02,2001,0)
INSERT PortfolioScheduleDataRules (StartDate,EndDate,Tenor,Calendar,Convention,TermConvention,RuleName,LegDataId,Id) VALUES ('20151028','20351028','1Y','TARGET','F','F','Forward',2001,2000)
INSERT PortfolioLegData (LegType,Payer,Currency,DayCounter,PaymentConvention,Id,TradeId,FloatingLegIndexName,FloatingLegIsInArrears,FloatingLegFixingDays) VALUES ('Floating','true','EUR','A360','MF',2002,'2Swap_20','EUR-EURIBOR-6M','false',2)
INSERT PortfolioLegNotionals (Notional,LegDataId,SeqId) VALUES (10000000.000000,2002,0)
INSERT PortfolioFloatingLegSpreads (Spread,LegDataId,SeqId) VALUES (0.000000,2002,0)
INSERT PortfolioScheduleDataRules (StartDate,EndDate,Tenor,Calendar,Convention,TermConvention,RuleName,LegDataId,Id) VALUES ('20151028','20351028','6M','TARGET','MF','MF','Forward',2002,2001)

INSERT PortfolioTrades (TradeType,id,CounterParty,NettingSetId) VALUES ('Swaption','2Swaption_1_19','CPTY_A','2CPTY_A')
INSERT PortfolioAdditionalFields (GroupingId,TradeId) VALUES ('Example_2','2Swaption_1_19')
INSERT PortfolioSwaptionData (TradeId,OptionDataLongShort,OptionDataOptionType,OptionDataStyle,OptionDataSettlement,OptionDataPayOffAtExpiry) VALUES ('2Swaption_1_19','Long','Call','European','Cash','false')
INSERT PortfolioOptionExercises (ExerciseDate,TradeId) VALUES ('20161028','2Swaption_1_19')
INSERT PortfolioLegData (LegType,Payer,Currency,DayCounter,PaymentConvention,Id,TradeId) VALUES ('Fixed','false','EUR','30/360','F',2003,'2Swaption_1_19')
INSERT PortfolioLegNotionals (Notional,LegDataId,SeqId) VALUES (10000000.000000,2003,0)
INSERT PortfolioFixedLegCPIRates (Rate,LegDataId,SeqId) VALUES (0.02,2003,0)
INSERT PortfolioScheduleDataRules (StartDate,EndDate,Tenor,Calendar,Convention,TermConvention,RuleName,LegDataId,Id) VALUES ('20161028','20351028','1Y','TARGET','F','F','Forward',2003,2002)
INSERT PortfolioLegData (LegType,Payer,Currency,DayCounter,PaymentConvention,Id,TradeId,FloatingLegIndexName,FloatingLegIsInArrears,FloatingLegFixingDays) VALUES ('Floating','true','EUR','A360','MF',2004,'2Swaption_1_19','EUR-EURIBOR-6M','false',2)
INSERT PortfolioLegNotionals (Notional,LegDataId,SeqId) VALUES (10000000.000000,2004,0)
INSERT PortfolioFloatingLegSpreads (Spread,LegDataId,SeqId) VALUES (0.000000,2004,0)
INSERT PortfolioScheduleDataRules (StartDate,EndDate,Tenor,Calendar,Convention,TermConvention,RuleName,LegDataId,Id) VALUES ('20161028','20351028','6M','TARGET','MF','MF','Forward',2004,2003)

INSERT PortfolioTrades (TradeType,id,CounterParty,NettingSetId) VALUES ('Swaption','2Swaption_2_18','CPTY_A','2CPTY_A')
INSERT PortfolioAdditionalFields (GroupingId,TradeId) VALUES ('Example_2','2Swaption_2_18')
INSERT PortfolioSwaptionData (TradeId,OptionDataLongShort,OptionDataOptionType,OptionDataStyle,OptionDataSettlement,OptionDataPayOffAtExpiry) VALUES ('2Swaption_2_18','Long','Call','European','Cash','false')
INSERT PortfolioOptionExercises (ExerciseDate,TradeId) VALUES ('20171028','2Swaption_2_18')
INSERT PortfolioLegData (LegType,Payer,Currency,DayCounter,PaymentConvention,Id,TradeId) VALUES ('Fixed','false','EUR','30/360','F',2005,'2Swaption_2_18')
INSERT PortfolioLegNotionals (Notional,LegDataId,SeqId) VALUES (10000000.000000,2005,0)
INSERT PortfolioFixedLegCPIRates (Rate,LegDataId,SeqId) VALUES (0.02,2005,0)
INSERT PortfolioScheduleDataRules (StartDate,EndDate,Tenor,Calendar,Convention,TermConvention,RuleName,LegDataId,Id) VALUES ('20171028','20351028','1Y','TARGET','F','F','Forward',2005,2004)
INSERT PortfolioLegData (LegType,Payer,Currency,DayCounter,PaymentConvention,Id,TradeId,FloatingLegIndexName,FloatingLegIsInArrears,FloatingLegFixingDays) VALUES ('Floating','true','EUR','A360','MF',2006,'2Swaption_2_18','EUR-EURIBOR-6M','false',2)
INSERT PortfolioLegNotionals (Notional,LegDataId,SeqId) VALUES (10000000.000000,2006,0)
INSERT PortfolioFloatingLegSpreads (Spread,LegDataId,SeqId) VALUES (0.000000,2006,0)
INSERT PortfolioScheduleDataRules (StartDate,EndDate,Tenor,Calendar,Convention,TermConvention,RuleName,LegDataId,Id) VALUES ('20171028','20351028','6M','TARGET','MF','MF','Forward',2006,2005)

INSERT PortfolioTrades (TradeType,id,CounterParty,NettingSetId) VALUES ('Swaption','2Swaption_4_16','CPTY_A','2CPTY_A')
INSERT PortfolioAdditionalFields (GroupingId,TradeId) VALUES ('Example_2','2Swaption_4_16')
INSERT PortfolioSwaptionData (TradeId,OptionDataLongShort,OptionDataOptionType,OptionDataStyle,OptionDataSettlement,OptionDataPayOffAtExpiry) VALUES ('2Swaption_4_16','Long','Call','European','Cash','false')
INSERT PortfolioOptionExercises (ExerciseDate,TradeId) VALUES ('20191028','2Swaption_4_16')
INSERT PortfolioLegData (LegType,Payer,Currency,DayCounter,PaymentConvention,Id,TradeId) VALUES ('Fixed','false','EUR','30/360','F',2007,'2Swaption_4_16')
INSERT PortfolioLegNotionals (Notional,LegDataId,SeqId) VALUES (10000000.000000,2007,0)
INSERT PortfolioFixedLegCPIRates (Rate,LegDataId,SeqId) VALUES (0.02,2007,0)
INSERT PortfolioScheduleDataRules (StartDate,EndDate,Tenor,Calendar,Convention,TermConvention,RuleName,LegDataId,Id) VALUES ('20191028','20351028','1Y','TARGET','F','F','Forward',2007,2006)
INSERT PortfolioLegData (LegType,Payer,Currency,DayCounter,PaymentConvention,Id,TradeId,FloatingLegIndexName,FloatingLegIsInArrears,FloatingLegFixingDays) VALUES ('Floating','true','EUR','A360','MF',2008,'2Swaption_4_16','EUR-EURIBOR-6M','false',2)
INSERT PortfolioLegNotionals (Notional,LegDataId,SeqId) VALUES (10000000.000000,2008,0)
INSERT PortfolioFloatingLegSpreads (Spread,LegDataId,SeqId) VALUES (0.000000,2008,0)
INSERT PortfolioScheduleDataRules (StartDate,EndDate,Tenor,Calendar,Convention,TermConvention,RuleName,LegDataId,Id) VALUES ('20191028','20351028','6M','TARGET','MF','MF','Forward',2008,2007)

INSERT PortfolioTrades (TradeType,id,CounterParty,NettingSetId) VALUES ('Swaption','2Swaption_6_14','CPTY_A','2CPTY_A')
INSERT PortfolioAdditionalFields (GroupingId,TradeId) VALUES ('Example_2','2Swaption_6_14')
INSERT PortfolioSwaptionData (TradeId,OptionDataLongShort,OptionDataOptionType,OptionDataStyle,OptionDataSettlement,OptionDataPayOffAtExpiry) VALUES ('2Swaption_6_14','Long','Call','European','Cash','false')
INSERT PortfolioOptionExercises (ExerciseDate,TradeId) VALUES ('20211028','2Swaption_6_14')
INSERT PortfolioLegData (LegType,Payer,Currency,DayCounter,PaymentConvention,Id,TradeId) VALUES ('Fixed','false','EUR','30/360','F',2009,'2Swaption_6_14')
INSERT PortfolioLegNotionals (Notional,LegDataId,SeqId) VALUES (10000000.000000,2009,0)
INSERT PortfolioFixedLegCPIRates (Rate,LegDataId,SeqId) VALUES (0.02,2009,0)
INSERT PortfolioScheduleDataRules (StartDate,EndDate,Tenor,Calendar,Convention,TermConvention,RuleName,LegDataId,Id) VALUES ('20211028','20351028','1Y','TARGET','F','F','Forward',2009,2008)
INSERT PortfolioLegData (LegType,Payer,Currency,DayCounter,PaymentConvention,Id,TradeId,FloatingLegIndexName,FloatingLegIsInArrears,FloatingLegFixingDays) VALUES ('Floating','true','EUR','A360','MF',2010,'2Swaption_6_14','EUR-EURIBOR-6M','false',2)
INSERT PortfolioLegNotionals (Notional,LegDataId,SeqId) VALUES (10000000.000000,2010,0)
INSERT PortfolioFloatingLegSpreads (Spread,LegDataId,SeqId) VALUES (0.000000,2010,0)
INSERT PortfolioScheduleDataRules (StartDate,EndDate,Tenor,Calendar,Convention,TermConvention,RuleName,LegDataId,Id) VALUES ('20211028','20351028','6M','TARGET','MF','MF','Forward',2010,2009)

INSERT PortfolioTrades (TradeType,id,CounterParty,NettingSetId) VALUES ('Swaption','2Swaption_8_12','CPTY_A','2CPTY_A')
INSERT PortfolioAdditionalFields (GroupingId,TradeId) VALUES ('Example_2','2Swaption_8_12')
INSERT PortfolioSwaptionData (TradeId,OptionDataLongShort,OptionDataOptionType,OptionDataStyle,OptionDataSettlement,OptionDataPayOffAtExpiry) VALUES ('2Swaption_8_12','Long','Call','European','Cash','false')
INSERT PortfolioOptionExercises (ExerciseDate,TradeId) VALUES ('20231028','2Swaption_8_12')
INSERT PortfolioLegData (LegType,Payer,Currency,DayCounter,PaymentConvention,Id,TradeId) VALUES ('Fixed','false','EUR','30/360','F',2011,'2Swaption_8_12')
INSERT PortfolioLegNotionals (Notional,LegDataId,SeqId) VALUES (10000000.000000,2011,0)
INSERT PortfolioFixedLegCPIRates (Rate,LegDataId,SeqId) VALUES (0.02,2011,0)
INSERT PortfolioScheduleDataRules (StartDate,EndDate,Tenor,Calendar,Convention,TermConvention,RuleName,LegDataId,Id) VALUES ('20231028','20351028','1Y','TARGET','F','F','Forward',2011,2010)
INSERT PortfolioLegData (LegType,Payer,Currency,DayCounter,PaymentConvention,Id,TradeId,FloatingLegIndexName,FloatingLegIsInArrears,FloatingLegFixingDays) VALUES ('Floating','true','EUR','A360','MF',2012,'2Swaption_8_12','EUR-EURIBOR-6M','false',2)
INSERT PortfolioLegNotionals (Notional,LegDataId,SeqId) VALUES (10000000.000000,2012,0)
INSERT PortfolioFloatingLegSpreads (Spread,LegDataId,SeqId) VALUES (0.000000,2012,0)
INSERT PortfolioScheduleDataRules (StartDate,EndDate,Tenor,Calendar,Convention,TermConvention,RuleName,LegDataId,Id) VALUES ('20231028','20351028','6M','TARGET','MF','MF','Forward',2012,2011)

INSERT PortfolioTrades (TradeType,id,CounterParty,NettingSetId) VALUES ('Swaption','2Swaption_10_10','CPTY_A','2CPTY_A')
INSERT PortfolioAdditionalFields (GroupingId,TradeId) VALUES ('Example_2','2Swaption_10_10')
INSERT PortfolioSwaptionData (TradeId,OptionDataLongShort,OptionDataOptionType,OptionDataStyle,OptionDataSettlement,OptionDataPayOffAtExpiry) VALUES ('2Swaption_10_10','Long','Call','European','Cash','false')
INSERT PortfolioOptionExercises (ExerciseDate,TradeId) VALUES ('20251028','2Swaption_10_10')
INSERT PortfolioLegData (LegType,Payer,Currency,DayCounter,PaymentConvention,Id,TradeId) VALUES ('Fixed','false','EUR','30/360','F',2013,'2Swaption_10_10')
INSERT PortfolioLegNotionals (Notional,LegDataId,SeqId) VALUES (10000000.000000,2013,0)
INSERT PortfolioFixedLegCPIRates (Rate,LegDataId,SeqId) VALUES (0.02,2013,0)
INSERT PortfolioScheduleDataRules (StartDate,EndDate,Tenor,Calendar,Convention,TermConvention,RuleName,LegDataId,Id) VALUES ('20251028','20351028','1Y','TARGET','F','F','Forward',2013,2012)
INSERT PortfolioLegData (LegType,Payer,Currency,DayCounter,PaymentConvention,Id,TradeId,FloatingLegIndexName,FloatingLegIsInArrears,FloatingLegFixingDays) VALUES ('Floating','true','EUR','A360','MF',2014,'2Swaption_10_10','EUR-EURIBOR-6M','false',2)
INSERT PortfolioLegNotionals (Notional,LegDataId,SeqId) VALUES (10000000.000000,2014,0)
INSERT PortfolioFloatingLegSpreads (Spread,LegDataId,SeqId) VALUES (0.000000,2014,0)
INSERT PortfolioScheduleDataRules (StartDate,EndDate,Tenor,Calendar,Convention,TermConvention,RuleName,LegDataId,Id) VALUES ('20251028','20351028','6M','TARGET','MF','MF','Forward',2014,2013)

INSERT PortfolioTrades (TradeType,id,CounterParty,NettingSetId) VALUES ('Swaption','2Swaption_12_8','CPTY_A','2CPTY_A')
INSERT PortfolioAdditionalFields (GroupingId,TradeId) VALUES ('Example_2','2Swaption_12_8')
INSERT PortfolioSwaptionData (TradeId,OptionDataLongShort,OptionDataOptionType,OptionDataStyle,OptionDataSettlement,OptionDataPayOffAtExpiry) VALUES ('2Swaption_12_8','Long','Call','European','Cash','false')
INSERT PortfolioOptionExercises (ExerciseDate,TradeId) VALUES ('20271028','2Swaption_12_8')
INSERT PortfolioLegData (LegType,Payer,Currency,DayCounter,PaymentConvention,Id,TradeId) VALUES ('Fixed','false','EUR','30/360','F',2015,'2Swaption_12_8')
INSERT PortfolioLegNotionals (Notional,LegDataId,SeqId) VALUES (10000000.000000,2015,0)
INSERT PortfolioFixedLegCPIRates (Rate,LegDataId,SeqId) VALUES (0.02,2015,0)
INSERT PortfolioScheduleDataRules (StartDate,EndDate,Tenor,Calendar,Convention,TermConvention,RuleName,LegDataId,Id) VALUES ('20271028','20351028','1Y','TARGET','F','F','Forward',2015,2014)
INSERT PortfolioLegData (LegType,Payer,Currency,DayCounter,PaymentConvention,Id,TradeId,FloatingLegIndexName,FloatingLegIsInArrears,FloatingLegFixingDays) VALUES ('Floating','true','EUR','A360','MF',2016,'2Swaption_12_8','EUR-EURIBOR-6M','false',2)
INSERT PortfolioLegNotionals (Notional,LegDataId,SeqId) VALUES (10000000.000000,2016,0)
INSERT PortfolioFloatingLegSpreads (Spread,LegDataId,SeqId) VALUES (0.000000,2016,0)
INSERT PortfolioScheduleDataRules (StartDate,EndDate,Tenor,Calendar,Convention,TermConvention,RuleName,LegDataId,Id) VALUES ('20271028','20351028','6M','TARGET','MF','MF','Forward',2016,2015)

INSERT PortfolioTrades (TradeType,id,CounterParty,NettingSetId) VALUES ('Swaption','2Swaption_14_6','CPTY_A','2CPTY_A')
INSERT PortfolioAdditionalFields (GroupingId,TradeId) VALUES ('Example_2','2Swaption_14_6')
INSERT PortfolioSwaptionData (TradeId,OptionDataLongShort,OptionDataOptionType,OptionDataStyle,OptionDataSettlement,OptionDataPayOffAtExpiry) VALUES ('2Swaption_14_6','Long','Call','European','Cash','false')
INSERT PortfolioOptionExercises (ExerciseDate,TradeId) VALUES ('20291028','2Swaption_14_6')
INSERT PortfolioLegData (LegType,Payer,Currency,DayCounter,PaymentConvention,Id,TradeId) VALUES ('Fixed','false','EUR','30/360','F',2017,'2Swaption_14_6')
INSERT PortfolioLegNotionals (Notional,LegDataId,SeqId) VALUES (10000000.000000,2017,0)
INSERT PortfolioFixedLegCPIRates (Rate,LegDataId,SeqId) VALUES (0.02,2017,0)
INSERT PortfolioScheduleDataRules (StartDate,EndDate,Tenor,Calendar,Convention,TermConvention,RuleName,LegDataId,Id) VALUES ('20291028','20351028','1Y','TARGET','F','F','Forward',2017,2016)
INSERT PortfolioLegData (LegType,Payer,Currency,DayCounter,PaymentConvention,Id,TradeId,FloatingLegIndexName,FloatingLegIsInArrears,FloatingLegFixingDays) VALUES ('Floating','true','EUR','A360','MF',2018,'2Swaption_14_6','EUR-EURIBOR-6M','false',2)
INSERT PortfolioLegNotionals (Notional,LegDataId,SeqId) VALUES (10000000.000000,2018,0)
INSERT PortfolioFloatingLegSpreads (Spread,LegDataId,SeqId) VALUES (0.000000,2018,0)
INSERT PortfolioScheduleDataRules (StartDate,EndDate,Tenor,Calendar,Convention,TermConvention,RuleName,LegDataId,Id) VALUES ('20291028','20351028','6M','TARGET','MF','MF','Forward',2018,2017)

INSERT PortfolioTrades (TradeType,id,CounterParty,NettingSetId) VALUES ('Swaption','2Swaption_16_4','CPTY_A','2CPTY_A')
INSERT PortfolioAdditionalFields (GroupingId,TradeId) VALUES ('Example_2','2Swaption_16_4')
INSERT PortfolioSwaptionData (TradeId,OptionDataLongShort,OptionDataOptionType,OptionDataStyle,OptionDataSettlement,OptionDataPayOffAtExpiry) VALUES ('2Swaption_16_4','Long','Call','European','Cash','false')
INSERT PortfolioOptionExercises (ExerciseDate,TradeId) VALUES ('20311028','2Swaption_16_4')
INSERT PortfolioLegData (LegType,Payer,Currency,DayCounter,PaymentConvention,Id,TradeId) VALUES ('Fixed','false','EUR','30/360','F',2019,'2Swaption_16_4')
INSERT PortfolioLegNotionals (Notional,LegDataId,SeqId) VALUES (10000000.000000,2019,0)
INSERT PortfolioFixedLegCPIRates (Rate,LegDataId,SeqId) VALUES (0.02,2019,0)
INSERT PortfolioScheduleDataRules (StartDate,EndDate,Tenor,Calendar,Convention,TermConvention,RuleName,LegDataId,Id) VALUES ('20311028','20351028','1Y','TARGET','F','F','Forward',2019,2018)
INSERT PortfolioLegData (LegType,Payer,Currency,DayCounter,PaymentConvention,Id,TradeId,FloatingLegIndexName,FloatingLegIsInArrears,FloatingLegFixingDays) VALUES ('Floating','true','EUR','A360','MF',2020,'2Swaption_16_4','EUR-EURIBOR-6M','false',2)
INSERT PortfolioLegNotionals (Notional,LegDataId,SeqId) VALUES (10000000.000000,2020,0)
INSERT PortfolioFloatingLegSpreads (Spread,LegDataId,SeqId) VALUES (0.000000,2020,0)
INSERT PortfolioScheduleDataRules (StartDate,EndDate,Tenor,Calendar,Convention,TermConvention,RuleName,LegDataId,Id) VALUES ('20311028','20351028','6M','TARGET','MF','MF','Forward',2020,2019)

INSERT PortfolioTrades (TradeType,id,CounterParty,NettingSetId) VALUES ('Swaption','2Swaption_18_2','CPTY_A','2CPTY_A')
INSERT PortfolioAdditionalFields (GroupingId,TradeId) VALUES ('Example_2','2Swaption_18_2')
INSERT PortfolioSwaptionData (TradeId,OptionDataLongShort,OptionDataOptionType,OptionDataStyle,OptionDataSettlement,OptionDataPayOffAtExpiry) VALUES ('2Swaption_18_2','Long','Call','European','Cash','false')
INSERT PortfolioOptionExercises (ExerciseDate,TradeId) VALUES ('20331028','2Swaption_18_2')
INSERT PortfolioLegData (LegType,Payer,Currency,DayCounter,PaymentConvention,Id,TradeId) VALUES ('Fixed','false','EUR','30/360','F',2021,'2Swaption_18_2')
INSERT PortfolioLegNotionals (Notional,LegDataId,SeqId) VALUES (10000000.000000,2021,0)
INSERT PortfolioFixedLegCPIRates (Rate,LegDataId,SeqId) VALUES (0.02,2021,0)
INSERT PortfolioScheduleDataRules (StartDate,EndDate,Tenor,Calendar,Convention,TermConvention,RuleName,LegDataId,Id) VALUES ('20331028','20351028','1Y','TARGET','F','F','Forward',2021,2020)
INSERT PortfolioLegData (LegType,Payer,Currency,DayCounter,PaymentConvention,Id,TradeId,FloatingLegIndexName,FloatingLegIsInArrears,FloatingLegFixingDays) VALUES ('Floating','true','EUR','A360','MF',2022,'2Swaption_18_2','EUR-EURIBOR-6M','false',2)
INSERT PortfolioLegNotionals (Notional,LegDataId,SeqId) VALUES (10000000.000000,2022,0)
INSERT PortfolioFloatingLegSpreads (Spread,LegDataId,SeqId) VALUES (0.000000,2022,0)
INSERT PortfolioScheduleDataRules (StartDate,EndDate,Tenor,Calendar,Convention,TermConvention,RuleName,LegDataId,Id) VALUES ('20331028','20351028','6M','TARGET','MF','MF','Forward',2022,2021)

INSERT PortfolioTrades (TradeType,id,CounterParty,NettingSetId) VALUES ('Swaption','2Swaption_19_1','CPTY_A','2CPTY_A')
INSERT PortfolioAdditionalFields (GroupingId,TradeId) VALUES ('Example_2','2Swaption_19_1')
INSERT PortfolioSwaptionData (TradeId,OptionDataLongShort,OptionDataOptionType,OptionDataStyle,OptionDataSettlement,OptionDataPayOffAtExpiry) VALUES ('2Swaption_19_1','Long','Call','European','Cash','false')
INSERT PortfolioOptionExercises (ExerciseDate,TradeId) VALUES ('20341028','2Swaption_19_1')
INSERT PortfolioLegData (LegType,Payer,Currency,DayCounter,PaymentConvention,Id,TradeId) VALUES ('Fixed','false','EUR','30/360','F',2023,'2Swaption_19_1')
INSERT PortfolioLegNotionals (Notional,LegDataId,SeqId) VALUES (10000000.000000,2023,0)
INSERT PortfolioFixedLegCPIRates (Rate,LegDataId,SeqId) VALUES (0.02,2023,0)
INSERT PortfolioScheduleDataRules (StartDate,EndDate,Tenor,Calendar,Convention,TermConvention,RuleName,LegDataId,Id) VALUES ('20341028','20351028','1Y','TARGET','F','F','Forward',2023,2022)
INSERT PortfolioLegData (LegType,Payer,Currency,DayCounter,PaymentConvention,Id,TradeId,FloatingLegIndexName,FloatingLegIsInArrears,FloatingLegFixingDays) VALUES ('Floating','true','EUR','A360','MF',2024,'2Swaption_19_1','EUR-EURIBOR-6M','false',2)
INSERT PortfolioLegNotionals (Notional,LegDataId,SeqId) VALUES (10000000.000000,2024,0)
INSERT PortfolioFloatingLegSpreads (Spread,LegDataId,SeqId) VALUES (0.000000,2024,0)
INSERT PortfolioScheduleDataRules (StartDate,EndDate,Tenor,Calendar,Convention,TermConvention,RuleName,LegDataId,Id) VALUES ('20341028','20351028','6M','TARGET','MF','MF','Forward',2024,2023)

INSERT PortfolioTrades (TradeType,id,CounterParty,NettingSetId) VALUES ('Swaption','3SwaptionCash','CPTY_A','3CPTY_A')
INSERT PortfolioAdditionalFields (GroupingId,TradeId) VALUES ('Example_3','3SwaptionCash')
INSERT PortfolioSwaptionData (TradeId,OptionDataLongShort,OptionDataOptionType,OptionDataStyle,OptionDataSettlement,OptionDataPayOffAtExpiry) VALUES ('3SwaptionCash','Long','Call','European','Cash','false')
INSERT PortfolioOptionExercises (ExerciseDate,TradeId) VALUES ('2026-03-01','3SwaptionCash')
INSERT PortfolioLegData (LegType,Payer,Currency,DayCounter,PaymentConvention,Id,TradeId,FloatingLegIndexName) VALUES ('Floating','true','EUR','A360','ModifiedFollowing',3001,'3SwaptionCash','EUR-EURIBOR-3M')
INSERT PortfolioLegNotionals (Notional,LegDataId,SeqId) VALUES ('10000000',3001,0)
INSERT PortfolioFloatingLegSpreads (Spread,LegDataId,SeqId) VALUES (0.0,3001,0)
INSERT PortfolioScheduleDataRules (StartDate,EndDate,Tenor,Calendar,Convention,TermConvention,RuleName,LegDataId,Id) VALUES ('2026-03-01','2036-03-01','3M','TARGET','ModifiedFollowing','ModifiedFollowing','Forward',3001,3000)
INSERT PortfolioLegData (LegType,Payer,Currency,DayCounter,PaymentConvention,Id,TradeId) VALUES ('Fixed','false','EUR','ACT/ACT','Following',3002,'3SwaptionCash')
INSERT PortfolioLegNotionals (Notional,LegDataId,SeqId) VALUES ('10000000',3002,0)
INSERT PortfolioFixedLegCPIRates (Rate,LegDataId,SeqId) VALUES (0.02,3002,0)
INSERT PortfolioScheduleDataRules (StartDate,EndDate,Tenor,Calendar,Convention,TermConvention,RuleName,LegDataId,Id) VALUES ('2026-03-01','2036-03-01','1Y','TARGET','Following','Following','Forward',3002,3001)

INSERT PortfolioTrades (TradeType,id,CounterParty,NettingSetId) VALUES ('Swaption','3SwaptionPhysical','CPTY_A','3CPTY_A')
INSERT PortfolioAdditionalFields (GroupingId,TradeId) VALUES ('Example_3','3SwaptionPhysical')
INSERT PortfolioSwaptionData (TradeId,OptionDataLongShort,OptionDataOptionType,OptionDataStyle,OptionDataSettlement,OptionDataPayOffAtExpiry) VALUES ('3SwaptionPhysical','Long','Call','European','Physical','false')
INSERT PortfolioOptionExercises (ExerciseDate,TradeId) VALUES ('2026-03-01','3SwaptionPhysical')
INSERT PortfolioLegData (LegType,Payer,Currency,DayCounter,PaymentConvention,Id,TradeId,FloatingLegIndexName) VALUES ('Floating','true','EUR','A360','ModifiedFollowing',3003,'3SwaptionPhysical','EUR-EURIBOR-3M')
INSERT PortfolioLegNotionals (Notional,LegDataId,SeqId) VALUES ('10000000',3003,0)
INSERT PortfolioFloatingLegSpreads (Spread,LegDataId,SeqId) VALUES (0.0,3003,0)
INSERT PortfolioScheduleDataRules (StartDate,EndDate,Tenor,Calendar,Convention,TermConvention,RuleName,LegDataId,Id) VALUES ('2026-03-01','2036-03-01','3M','TARGET','ModifiedFollowing','ModifiedFollowing','Forward',3003,3002)
INSERT PortfolioLegData (LegType,Payer,Currency,DayCounter,PaymentConvention,Id,TradeId) VALUES ('Fixed','false','EUR','ACT/ACT','Following',3004,'3SwaptionPhysical')
INSERT PortfolioLegNotionals (Notional,LegDataId,SeqId) VALUES ('10000000',3004,0)
INSERT PortfolioFixedLegCPIRates (Rate,LegDataId,SeqId) VALUES (0.02,3004,0)
INSERT PortfolioScheduleDataRules (StartDate,EndDate,Tenor,Calendar,Convention,TermConvention,RuleName,LegDataId,Id) VALUES ('2026-03-01','2036-03-01','1Y','TARGET','Following','Following','Forward',3004,3003)

INSERT PortfolioTrades (TradeType,id,CounterParty,NettingSetId) VALUES ('Swap','3Swap','CPTY_A','3CPTY_A')
INSERT PortfolioAdditionalFields (GroupingId,TradeId) VALUES ('Example_3','3Swap')
INSERT PortfolioSwapData (TradeId) VALUES ('3Swap')
INSERT PortfolioLegData (LegType,Payer,Currency,DayCounter,PaymentConvention,Id,TradeId,FloatingLegIndexName) VALUES ('Floating','true','EUR','A360','ModifiedFollowing',3005,'3Swap','EUR-EURIBOR-3M')
INSERT PortfolioLegNotionals (Notional,LegDataId,SeqId) VALUES ('10000000',3005,0)
INSERT PortfolioFloatingLegSpreads (Spread,LegDataId,SeqId) VALUES (0.0,3005,0)
INSERT PortfolioScheduleDataRules (StartDate,EndDate,Tenor,Calendar,Convention,TermConvention,RuleName,LegDataId,Id) VALUES ('2026-03-01','2036-03-01','3M','TARGET','ModifiedFollowing','ModifiedFollowing','Forward',3005,3004)
INSERT PortfolioLegData (LegType,Payer,Currency,DayCounter,PaymentConvention,Id,TradeId) VALUES ('Fixed','false','EUR','ACT/ACT','Following',3006,'3Swap')
INSERT PortfolioLegNotionals (Notional,LegDataId,SeqId) VALUES ('10000000',3006,0)
INSERT PortfolioFixedLegCPIRates (Rate,LegDataId,SeqId) VALUES (0.02,3006,0)
INSERT PortfolioScheduleDataRules (StartDate,EndDate,Tenor,Calendar,Convention,TermConvention,RuleName,LegDataId,Id) VALUES ('2026-03-01','2036-03-01','1Y','TARGET','Following','Following','Forward',3006,3005)

INSERT PortfolioTrades (TradeType,id,CounterParty,NettingSetId) VALUES ('Swaption','4SwaptionCash','CPTY_A','4CPTY_A')
INSERT PortfolioAdditionalFields (GroupingId,TradeId) VALUES ('Example_4','4SwaptionCash')
INSERT PortfolioSwaptionData (TradeId,OptionDataLongShort,OptionDataOptionType,OptionDataStyle,OptionDataSettlement,OptionDataPayOffAtExpiry) VALUES ('4SwaptionCash','Long','Call','Bermudan','Cash','false')
INSERT PortfolioOptionExercises (ExerciseDate,TradeId) VALUES ('2026-02-25','4SwaptionCash')
INSERT PortfolioOptionExercises (ExerciseDate,TradeId) VALUES ('2027-02-25','4SwaptionCash')
INSERT PortfolioOptionExercises (ExerciseDate,TradeId) VALUES ('2028-02-25','4SwaptionCash')
INSERT PortfolioOptionExercises (ExerciseDate,TradeId) VALUES ('2029-02-25','4SwaptionCash')
INSERT PortfolioOptionExercises (ExerciseDate,TradeId) VALUES ('2030-02-25','4SwaptionCash')
INSERT PortfolioLegData (LegType,Payer,Currency,DayCounter,PaymentConvention,Id,TradeId,FloatingLegIndexName) VALUES ('Floating','true','EUR','A360','ModifiedFollowing',4001,'4SwaptionCash','EUR-EURIBOR-3M')
INSERT PortfolioLegNotionals (Notional,LegDataId,SeqId) VALUES ('10000000',4001,0)
INSERT PortfolioFloatingLegSpreads (Spread,LegDataId,SeqId) VALUES (0.0,4001,0)
INSERT PortfolioScheduleDataRules (StartDate,EndDate,Tenor,Calendar,Convention,TermConvention,RuleName,LegDataId,Id) VALUES ('2026-03-01','2036-03-01','3M','TARGET','Following','Following','Forward',4001,4000)
INSERT PortfolioLegData (LegType,Payer,Currency,DayCounter,PaymentConvention,Id,TradeId) VALUES ('Fixed','false','EUR','ACT/ACT','Following',4002,'4SwaptionCash')
INSERT PortfolioLegNotionals (Notional,LegDataId,SeqId) VALUES ('10000000',4002,0)
INSERT PortfolioFixedLegCPIRates (Rate,LegDataId,SeqId) VALUES (0.02,4002,0)
INSERT PortfolioScheduleDataRules (StartDate,EndDate,Tenor,Calendar,Convention,TermConvention,RuleName,LegDataId,Id) VALUES ('2026-03-01','2036-03-01','1Y','TARGET','Following','Following','Forward',4002,4001)

INSERT PortfolioTrades (TradeType,id,CounterParty,NettingSetId) VALUES ('Swaption','4SwaptionPhysical','CPTY_A','4CPTY_A')
INSERT PortfolioAdditionalFields (GroupingId,TradeId) VALUES ('Example_4','4SwaptionPhysical')
INSERT PortfolioSwaptionData (TradeId,OptionDataLongShort,OptionDataOptionType,OptionDataStyle,OptionDataSettlement,OptionDataPayOffAtExpiry) VALUES ('4SwaptionPhysical','Long','Call','Bermudan','Physical','false')
INSERT PortfolioOptionExercises (ExerciseDate,TradeId) VALUES ('2026-02-25','4SwaptionPhysical')
INSERT PortfolioOptionExercises (ExerciseDate,TradeId) VALUES ('2027-02-25','4SwaptionPhysical')
INSERT PortfolioOptionExercises (ExerciseDate,TradeId) VALUES ('2028-02-25','4SwaptionPhysical')
INSERT PortfolioOptionExercises (ExerciseDate,TradeId) VALUES ('2029-02-25','4SwaptionPhysical')
INSERT PortfolioOptionExercises (ExerciseDate,TradeId) VALUES ('2030-02-25','4SwaptionPhysical')
INSERT PortfolioLegData (LegType,Payer,Currency,DayCounter,PaymentConvention,Id,TradeId,FloatingLegIndexName) VALUES ('Floating','true','EUR','A360','ModifiedFollowing',4003,'4SwaptionPhysical','EUR-EURIBOR-3M')
INSERT PortfolioLegNotionals (Notional,LegDataId,SeqId) VALUES ('10000000',4003,0)
INSERT PortfolioFloatingLegSpreads (Spread,LegDataId,SeqId) VALUES (0.0,4003,0)
INSERT PortfolioScheduleDataRules (StartDate,EndDate,Tenor,Calendar,Convention,TermConvention,RuleName,LegDataId,Id) VALUES ('2026-03-01','2036-03-01','3M','TARGET','Following','Following','Forward',4003,4002)
INSERT PortfolioLegData (LegType,Payer,Currency,DayCounter,PaymentConvention,Id,TradeId) VALUES ('Fixed','false','EUR','ACT/ACT','Following',4004,'4SwaptionPhysical')
INSERT PortfolioLegNotionals (Notional,LegDataId,SeqId) VALUES ('10000000',4004,0)
INSERT PortfolioFixedLegCPIRates (Rate,LegDataId,SeqId) VALUES (0.02,4004,0)
INSERT PortfolioScheduleDataRules (StartDate,EndDate,Tenor,Calendar,Convention,TermConvention,RuleName,LegDataId,Id) VALUES ('2026-03-01','2036-03-01','1Y','TARGET','Following','Following','Forward',4004,4003)

INSERT PortfolioTrades (TradeType,id,CounterParty,NettingSetId) VALUES ('Swap','4Swap','CPTY_A','4CPTY_A')
INSERT PortfolioAdditionalFields (GroupingId,TradeId) VALUES ('Example_4','4Swap')
INSERT PortfolioSwapData (TradeId) VALUES ('4Swap')
INSERT PortfolioLegData (LegType,Payer,Currency,DayCounter,PaymentConvention,Id,TradeId,FloatingLegIndexName) VALUES ('Floating','true','EUR','A360','ModifiedFollowing',4005,'4Swap','EUR-EURIBOR-3M')
INSERT PortfolioLegNotionals (Notional,LegDataId,SeqId) VALUES ('10000000',4005,0)
INSERT PortfolioFloatingLegSpreads (Spread,LegDataId,SeqId) VALUES (0.0,4005,0)
INSERT PortfolioScheduleDataRules (StartDate,EndDate,Tenor,Calendar,Convention,TermConvention,RuleName,LegDataId,Id) VALUES ('2026-03-01','2036-03-01','3M','TARGET','ModifiedFollowing','ModifiedFollowing','Forward',4005,4004)
INSERT PortfolioLegData (LegType,Payer,Currency,DayCounter,PaymentConvention,Id,TradeId) VALUES ('Fixed','false','EUR','ACT/ACT','Following',4006,'4Swap')
INSERT PortfolioLegNotionals (Notional,LegDataId,SeqId) VALUES ('10000000',4006,0)
INSERT PortfolioFixedLegCPIRates (Rate,LegDataId,SeqId) VALUES (0.02,4006,0)
INSERT PortfolioScheduleDataRules (StartDate,EndDate,Tenor,Calendar,Convention,TermConvention,RuleName,LegDataId,Id) VALUES ('2026-03-01','2036-03-01','1Y','TARGET','Following','Following','Forward',4006,4005)

INSERT PortfolioTrades (TradeType,id,CounterParty,NettingSetId) VALUES ('Swap','5Swap','CPTY_A','5CPTY_A')
INSERT PortfolioAdditionalFields (GroupingId,TradeId) VALUES ('Example_5','5Swap')
INSERT PortfolioSwapData (TradeId) VALUES ('5Swap')
INSERT PortfolioLegData (LegType,Payer,Currency,DayCounter,PaymentConvention,Id,TradeId,FloatingLegIndexName) VALUES ('Floating','true','EUR','A360','ModifiedFollowing',5001,'5Swap','EUR-EURIBOR-3M')
INSERT PortfolioLegNotionals (Notional,LegDataId,SeqId) VALUES ('10000000',5001,0)
INSERT PortfolioFloatingLegSpreads (Spread,LegDataId,SeqId) VALUES (0.0,5001,0)
INSERT PortfolioScheduleDataRules (StartDate,EndDate,Tenor,Calendar,Convention,TermConvention,RuleName,LegDataId,Id) VALUES ('2010-10-01','2038-10-01','3M','TARGET','ModifiedFollowing','ModifiedFollowing','Forward',5001,5000)
INSERT PortfolioLegData (LegType,Payer,Currency,DayCounter,PaymentConvention,Id,TradeId) VALUES ('Fixed','false','EUR','ACT/ACT','Following',5002,'5Swap')
INSERT PortfolioLegNotionals (Notional,LegDataId,SeqId) VALUES ('10000000',5002,0)
INSERT PortfolioFixedLegCPIRates (Rate,LegDataId,SeqId) VALUES (0.05,5002,0)
INSERT PortfolioScheduleDataRules (StartDate,EndDate,Tenor,Calendar,Convention,TermConvention,RuleName,LegDataId,Id) VALUES ('2010-10-01','2038-10-01','1Y','TARGET','Following','Following','Forward',5002,5001)

INSERT PortfolioTrades (TradeType,id,CounterParty,NettingSetId) VALUES ('Swaption','5Swaption','CPTY_A','5CPTY_A')
INSERT PortfolioAdditionalFields (GroupingId,TradeId) VALUES ('Example_5','5Swaption')
INSERT PortfolioSwaptionData (TradeId,OptionDataLongShort,OptionDataOptionType,OptionDataStyle,OptionDataSettlement,OptionDataPayOffAtExpiry) VALUES ('5Swaption','Short','Call','European','Physical','false')
INSERT PortfolioOptionExercises (ExerciseDate,TradeId) VALUES ('2017-10-01','5Swaption')
INSERT PortfolioLegData (LegType,Payer,Currency,DayCounter,PaymentConvention,Id,TradeId,FloatingLegIndexName) VALUES ('Floating','true','EUR','A360','ModifiedFollowing',5003,'5Swaption','EUR-EURIBOR-3M')
INSERT PortfolioLegNotionals (Notional,LegDataId,SeqId) VALUES ('10000000',5003,0)
INSERT PortfolioFloatingLegSpreads (Spread,LegDataId,SeqId) VALUES (0.0,5003,0)
INSERT PortfolioScheduleDataRules (StartDate,EndDate,Tenor,Calendar,Convention,TermConvention,RuleName,LegDataId,Id) VALUES ('2017-10-01','2038-10-01','3M','TARGET','ModifiedFollowing','ModifiedFollowing','Forward',5003,5002)
INSERT PortfolioLegData (LegType,Payer,Currency,DayCounter,PaymentConvention,Id,TradeId) VALUES ('Fixed','false','EUR','ACT/ACT','Following',5004,'5Swaption')
INSERT PortfolioLegNotionals (Notional,LegDataId,SeqId) VALUES ('10000000',5004,0)
INSERT PortfolioFixedLegCPIRates (Rate,LegDataId,SeqId) VALUES (0.05,5004,0)
INSERT PortfolioScheduleDataRules (StartDate,EndDate,Tenor,Calendar,Convention,TermConvention,RuleName,LegDataId,Id) VALUES ('2017-10-01','2038-10-01','1Y','TARGET','Following','Following','Forward',5004,5003)

INSERT PortfolioTrades (TradeType,id,CounterParty,NettingSetId) VALUES ('Swap','5ShortSwap','CPTY_B','5CPTY_B')
INSERT PortfolioAdditionalFields (GroupingId,TradeId) VALUES ('Example_5','5ShortSwap')
INSERT PortfolioSwapData (TradeId) VALUES ('5ShortSwap')
INSERT PortfolioLegData (LegType,Payer,Currency,DayCounter,PaymentConvention,Id,TradeId,FloatingLegIndexName) VALUES ('Floating','true','EUR','A360','ModifiedFollowing',5005,'5ShortSwap','EUR-EURIBOR-3M')
INSERT PortfolioLegNotionals (Notional,LegDataId,SeqId) VALUES ('10000000',5005,0)
INSERT PortfolioFloatingLegSpreads (Spread,LegDataId,SeqId) VALUES (0,5005,0)
INSERT PortfolioScheduleDataRules (StartDate,EndDate,Tenor,Calendar,Convention,TermConvention,RuleName,LegDataId,Id) VALUES ('2010-10-01','2017-10-01','3M','TARGET','ModifiedFollowing','ModifiedFollowing','Forward',5005,5004)
INSERT PortfolioLegData (LegType,Payer,Currency,DayCounter,PaymentConvention,Id,TradeId) VALUES ('Fixed','false','EUR','ACT/ACT','Following',5006,'5ShortSwap')
INSERT PortfolioLegNotionals (Notional,LegDataId,SeqId) VALUES ('10000000',5006,0)
INSERT PortfolioFixedLegCPIRates (Rate,LegDataId,SeqId) VALUES (0.05,5006,0)
INSERT PortfolioScheduleDataRules (StartDate,EndDate,Tenor,Calendar,Convention,TermConvention,RuleName,LegDataId,Id) VALUES ('2010-10-01','2017-10-01','1Y','TARGET','Following','Following','Forward',5006,5005)

INSERT PortfolioTrades (TradeType,id,CounterParty,NettingSetId) VALUES ('Swap','6swap','CPTY_B','6CPTY_B')
INSERT PortfolioAdditionalFields (GroupingId,TradeId) VALUES ('Example_6','6swap')
INSERT PortfolioSwapData (TradeId) VALUES ('6swap')
INSERT PortfolioLegData (LegType,Payer,Currency,DayCounter,PaymentConvention,Id,TradeId) VALUES ('Fixed','false','GBP','ACT/365','MF',6001,'6swap')
INSERT PortfolioLegNotionals (Notional,LegDataId,SeqId) VALUES (3000000,6001,0)
INSERT PortfolioLegNotionals (Notional,LegDataId,SeqId) VALUES (2800000,6001,1)
INSERT PortfolioLegNotionals (Notional,LegDataId,SeqId) VALUES (2600000,6001,2)
INSERT PortfolioLegNotionals (Notional,LegDataId,SeqId) VALUES (2400000,6001,3)
INSERT PortfolioLegNotionals (Notional,LegDataId,SeqId) VALUES (2200000,6001,4)
INSERT PortfolioLegNotionals (Notional,LegDataId,SeqId) VALUES (2000000,6001,5)
INSERT PortfolioLegNotionals (Notional,LegDataId,SeqId) VALUES (1800000,6001,6)
INSERT PortfolioLegNotionals (Notional,LegDataId,SeqId) VALUES (1600000,6001,7)
INSERT PortfolioLegNotionals (Notional,LegDataId,SeqId) VALUES (1400000,6001,8)
INSERT PortfolioLegNotionals (Notional,LegDataId,SeqId) VALUES (1200000,6001,9)
INSERT PortfolioLegNotionals (Notional,LegDataId,SeqId) VALUES (1000000,6001,10)
INSERT PortfolioLegNotionals (Notional,LegDataId,SeqId) VALUES (800000,6001,11)
INSERT PortfolioLegNotionals (Notional,LegDataId,SeqId) VALUES (600000,6001,12)
INSERT PortfolioLegNotionals (Notional,LegDataId,SeqId) VALUES (400000,6001,13)
INSERT PortfolioLegNotionals (Notional,LegDataId,SeqId) VALUES (200000,6001,14)
INSERT PortfolioFixedLegCPIRates (Rate,LegDataId,SeqId) VALUES (0.04,6001,0)
INSERT PortfolioScheduleDataRules (StartDate,EndDate,Tenor,Calendar,Convention,TermConvention,RuleName,LegDataId,Id) VALUES ('20161019','20311019','1Y','UK','MF','MF','Forward',6001,6000)
INSERT PortfolioLegData (LegType,Payer,Currency,DayCounter,PaymentConvention,Id,TradeId,FloatingLegIndexName,FloatingLegIsInArrears,FloatingLegFixingDays) VALUES ('Floating','true','GBP','ACT/365','MF',6002,'6swap','GBP-LIBOR-6M','false',0)
INSERT PortfolioLegNotionals (Notional,LegDataId,SeqId) VALUES (3000000,6002,0)
INSERT PortfolioLegNotionals (Notional,LegDataId,SeqId) VALUES (3000000,6002,1)
INSERT PortfolioLegNotionals (Notional,LegDataId,SeqId) VALUES (2800000,6002,2)
INSERT PortfolioLegNotionals (Notional,LegDataId,SeqId) VALUES (2800000,6002,3)
INSERT PortfolioLegNotionals (Notional,LegDataId,SeqId) VALUES (2600000,6002,4)
INSERT PortfolioLegNotionals (Notional,LegDataId,SeqId) VALUES (2600000,6002,5)
INSERT PortfolioLegNotionals (Notional,LegDataId,SeqId) VALUES (2400000,6002,6)
INSERT PortfolioLegNotionals (Notional,LegDataId,SeqId) VALUES (2400000,6002,7)
INSERT PortfolioLegNotionals (Notional,LegDataId,SeqId) VALUES (2200000,6002,8)
INSERT PortfolioLegNotionals (Notional,LegDataId,SeqId) VALUES (2200000,6002,9)
INSERT PortfolioLegNotionals (Notional,LegDataId,SeqId) VALUES (2000000,6002,10)
INSERT PortfolioLegNotionals (Notional,LegDataId,SeqId) VALUES (2000000,6002,11)
INSERT PortfolioLegNotionals (Notional,LegDataId,SeqId) VALUES (1800000,6002,12)
INSERT PortfolioLegNotionals (Notional,LegDataId,SeqId) VALUES (1800000,6002,13)
INSERT PortfolioLegNotionals (Notional,LegDataId,SeqId) VALUES (1600000,6002,14)
INSERT PortfolioLegNotionals (Notional,LegDataId,SeqId) VALUES (1600000,6002,15)
INSERT PortfolioLegNotionals (Notional,LegDataId,SeqId) VALUES (1400000,6002,16)
INSERT PortfolioLegNotionals (Notional,LegDataId,SeqId) VALUES (1400000,6002,17)
INSERT PortfolioLegNotionals (Notional,LegDataId,SeqId) VALUES (1200000,6002,18)
INSERT PortfolioLegNotionals (Notional,LegDataId,SeqId) VALUES (1200000,6002,19)
INSERT PortfolioLegNotionals (Notional,LegDataId,SeqId) VALUES (1000000,6002,20)
INSERT PortfolioLegNotionals (Notional,LegDataId,SeqId) VALUES (1000000,6002,21)
INSERT PortfolioLegNotionals (Notional,LegDataId,SeqId) VALUES (800000,6002,22)
INSERT PortfolioLegNotionals (Notional,LegDataId,SeqId) VALUES (800000,6002,23)
INSERT PortfolioLegNotionals (Notional,LegDataId,SeqId) VALUES (600000,6002,24)
INSERT PortfolioLegNotionals (Notional,LegDataId,SeqId) VALUES (600000,6002,25)
INSERT PortfolioLegNotionals (Notional,LegDataId,SeqId) VALUES (400000,6002,26)
INSERT PortfolioLegNotionals (Notional,LegDataId,SeqId) VALUES (400000,6002,27)
INSERT PortfolioLegNotionals (Notional,LegDataId,SeqId) VALUES (200000,6002,28)
INSERT PortfolioLegNotionals (Notional,LegDataId,SeqId) VALUES (200000,6002,29)
INSERT PortfolioFloatingLegSpreads (Spread,LegDataId,SeqId) VALUES (0.004,6002,0)
INSERT PortfolioFloatingLegSpreads (Spread,LegDataId,SeqId) VALUES (0.004,6002,1)
INSERT PortfolioFloatingLegSpreads (Spread,LegDataId,SeqId) VALUES (0.004,6002,2)
INSERT PortfolioFloatingLegSpreads (Spread,LegDataId,SeqId) VALUES (0.004,6002,3)
INSERT PortfolioFloatingLegSpreads (Spread,LegDataId,SeqId) VALUES (0.004,6002,4)
INSERT PortfolioFloatingLegSpreads (Spread,LegDataId,SeqId) VALUES (0.004,6002,5)
INSERT PortfolioFloatingLegSpreads (Spread,LegDataId,SeqId) VALUES (0.004,6002,6)
INSERT PortfolioFloatingLegSpreads (Spread,LegDataId,SeqId) VALUES (0.004,6002,7)
INSERT PortfolioFloatingLegSpreads (Spread,LegDataId,SeqId) VALUES (0.004,6002,8)
INSERT PortfolioFloatingLegSpreads (Spread,LegDataId,SeqId) VALUES (0.004,6002,9)
INSERT PortfolioFloatingLegSpreads (Spread,LegDataId,SeqId) VALUES (0.005,6002,10)
INSERT PortfolioFloatingLegSpreads (Spread,LegDataId,SeqId) VALUES (0.005,6002,11)
INSERT PortfolioFloatingLegSpreads (Spread,LegDataId,SeqId) VALUES (0.005,6002,12)
INSERT PortfolioFloatingLegSpreads (Spread,LegDataId,SeqId) VALUES (0.005,6002,13)
INSERT PortfolioFloatingLegSpreads (Spread,LegDataId,SeqId) VALUES (0.005,6002,14)
INSERT PortfolioFloatingLegSpreads (Spread,LegDataId,SeqId) VALUES (0.005,6002,15)
INSERT PortfolioFloatingLegSpreads (Spread,LegDataId,SeqId) VALUES (0.005,6002,16)
INSERT PortfolioFloatingLegSpreads (Spread,LegDataId,SeqId) VALUES (0.005,6002,17)
INSERT PortfolioFloatingLegSpreads (Spread,LegDataId,SeqId) VALUES (0.005,6002,18)
INSERT PortfolioFloatingLegSpreads (Spread,LegDataId,SeqId) VALUES (0.005,6002,19)
INSERT PortfolioFloatingLegSpreads (Spread,LegDataId,SeqId) VALUES (0.006,6002,20)
INSERT PortfolioFloatingLegSpreads (Spread,LegDataId,SeqId) VALUES (0.006,6002,21)
INSERT PortfolioFloatingLegSpreads (Spread,LegDataId,SeqId) VALUES (0.006,6002,22)
INSERT PortfolioFloatingLegSpreads (Spread,LegDataId,SeqId) VALUES (0.006,6002,23)
INSERT PortfolioFloatingLegSpreads (Spread,LegDataId,SeqId) VALUES (0.006,6002,24)
INSERT PortfolioFloatingLegSpreads (Spread,LegDataId,SeqId) VALUES (0.006,6002,25)
INSERT PortfolioFloatingLegSpreads (Spread,LegDataId,SeqId) VALUES (0.006,6002,26)
INSERT PortfolioFloatingLegSpreads (Spread,LegDataId,SeqId) VALUES (0.006,6002,27)
INSERT PortfolioFloatingLegSpreads (Spread,LegDataId,SeqId) VALUES (0.006,6002,28)
INSERT PortfolioFloatingLegSpreads (Spread,LegDataId,SeqId) VALUES (0.006,6002,29)
INSERT PortfolioFloatingLegGearings (Gearing,LegDataId,SeqId) VALUES (1.5,6002,0)
INSERT PortfolioFloatingLegGearings (Gearing,LegDataId,SeqId) VALUES (1.5,6002,1)
INSERT PortfolioFloatingLegGearings (Gearing,LegDataId,SeqId) VALUES (1.5,6002,2)
INSERT PortfolioFloatingLegGearings (Gearing,LegDataId,SeqId) VALUES (1.5,6002,3)
INSERT PortfolioFloatingLegGearings (Gearing,LegDataId,SeqId) VALUES (1.5,6002,4)
INSERT PortfolioFloatingLegGearings (Gearing,LegDataId,SeqId) VALUES (1.5,6002,5)
INSERT PortfolioFloatingLegGearings (Gearing,LegDataId,SeqId) VALUES (1.5,6002,6)
INSERT PortfolioFloatingLegGearings (Gearing,LegDataId,SeqId) VALUES (1.5,6002,7)
INSERT PortfolioFloatingLegGearings (Gearing,LegDataId,SeqId) VALUES (1.5,6002,8)
INSERT PortfolioFloatingLegGearings (Gearing,LegDataId,SeqId) VALUES (1.5,6002,9)
INSERT PortfolioFloatingLegGearings (Gearing,LegDataId,SeqId) VALUES (1.5,6002,10)
INSERT PortfolioFloatingLegGearings (Gearing,LegDataId,SeqId) VALUES (1.5,6002,11)
INSERT PortfolioFloatingLegGearings (Gearing,LegDataId,SeqId) VALUES (1.5,6002,12)
INSERT PortfolioFloatingLegGearings (Gearing,LegDataId,SeqId) VALUES (1.5,6002,13)
INSERT PortfolioFloatingLegGearings (Gearing,LegDataId,SeqId) VALUES (1.5,6002,14)
INSERT PortfolioFloatingLegGearings (Gearing,LegDataId,SeqId) VALUES (2,6002,15)
INSERT PortfolioFloatingLegGearings (Gearing,LegDataId,SeqId) VALUES (2,6002,16)
INSERT PortfolioFloatingLegGearings (Gearing,LegDataId,SeqId) VALUES (2,6002,17)
INSERT PortfolioFloatingLegGearings (Gearing,LegDataId,SeqId) VALUES (2,6002,18)
INSERT PortfolioFloatingLegGearings (Gearing,LegDataId,SeqId) VALUES (2,6002,19)
INSERT PortfolioFloatingLegGearings (Gearing,LegDataId,SeqId) VALUES (2,6002,20)
INSERT PortfolioFloatingLegGearings (Gearing,LegDataId,SeqId) VALUES (2,6002,21)
INSERT PortfolioFloatingLegGearings (Gearing,LegDataId,SeqId) VALUES (2,6002,22)
INSERT PortfolioFloatingLegGearings (Gearing,LegDataId,SeqId) VALUES (2,6002,23)
INSERT PortfolioFloatingLegGearings (Gearing,LegDataId,SeqId) VALUES (2,6002,24)
INSERT PortfolioFloatingLegGearings (Gearing,LegDataId,SeqId) VALUES (2,6002,25)
INSERT PortfolioFloatingLegGearings (Gearing,LegDataId,SeqId) VALUES (2,6002,26)
INSERT PortfolioFloatingLegGearings (Gearing,LegDataId,SeqId) VALUES (2,6002,27)
INSERT PortfolioFloatingLegGearings (Gearing,LegDataId,SeqId) VALUES (2,6002,28)
INSERT PortfolioFloatingLegGearings (Gearing,LegDataId,SeqId) VALUES (2,6002,29)
INSERT PortfolioScheduleDataRules (StartDate,EndDate,Tenor,Calendar,Convention,TermConvention,RuleName,LegDataId,Id) VALUES ('20161019','20311019','6M','UK','MF','MF','Forward',6002,6001)

INSERT PortfolioTrades (TradeType,id,CounterParty,NettingSetId) VALUES ('CapFloor','6cap','CPTY_B','6CPTY_B')
INSERT PortfolioAdditionalFields (GroupingId,TradeId) VALUES ('Example_6','6cap')
INSERT PortfolioCapFloorData (LongShort,TradeId) VALUES ('Long','6cap')
INSERT PortfolioCapRates (Rate,TradeId,SeqId) VALUES (0.025,'6cap',0)
INSERT PortfolioCapRates (Rate,TradeId,SeqId) VALUES (0.025,'6cap',1)
INSERT PortfolioCapRates (Rate,TradeId,SeqId) VALUES (0.025,'6cap',2)
INSERT PortfolioCapRates (Rate,TradeId,SeqId) VALUES (0.025,'6cap',3)
INSERT PortfolioCapRates (Rate,TradeId,SeqId) VALUES (0.025,'6cap',4)
INSERT PortfolioCapRates (Rate,TradeId,SeqId) VALUES (0.025,'6cap',5)
INSERT PortfolioCapRates (Rate,TradeId,SeqId) VALUES (0.025,'6cap',6)
INSERT PortfolioCapRates (Rate,TradeId,SeqId) VALUES (0.025,'6cap',7)
INSERT PortfolioCapRates (Rate,TradeId,SeqId) VALUES (0.025,'6cap',8)
INSERT PortfolioCapRates (Rate,TradeId,SeqId) VALUES (0.025,'6cap',9)
INSERT PortfolioCapRates (Rate,TradeId,SeqId) VALUES (0.030,'6cap',10)
INSERT PortfolioCapRates (Rate,TradeId,SeqId) VALUES (0.030,'6cap',11)
INSERT PortfolioCapRates (Rate,TradeId,SeqId) VALUES (0.030,'6cap',12)
INSERT PortfolioCapRates (Rate,TradeId,SeqId) VALUES (0.030,'6cap',13)
INSERT PortfolioCapRates (Rate,TradeId,SeqId) VALUES (0.030,'6cap',14)
INSERT PortfolioCapRates (Rate,TradeId,SeqId) VALUES (0.030,'6cap',15)
INSERT PortfolioCapRates (Rate,TradeId,SeqId) VALUES (0.030,'6cap',16)
INSERT PortfolioCapRates (Rate,TradeId,SeqId) VALUES (0.030,'6cap',17)
INSERT PortfolioCapRates (Rate,TradeId,SeqId) VALUES (0.030,'6cap',18)
INSERT PortfolioCapRates (Rate,TradeId,SeqId) VALUES (0.030,'6cap',19)
INSERT PortfolioCapRates (Rate,TradeId,SeqId) VALUES (0.045,'6cap',20)
INSERT PortfolioCapRates (Rate,TradeId,SeqId) VALUES (0.045,'6cap',21)
INSERT PortfolioCapRates (Rate,TradeId,SeqId) VALUES (0.045,'6cap',22)
INSERT PortfolioCapRates (Rate,TradeId,SeqId) VALUES (0.045,'6cap',23)
INSERT PortfolioCapRates (Rate,TradeId,SeqId) VALUES (0.045,'6cap',24)
INSERT PortfolioCapRates (Rate,TradeId,SeqId) VALUES (0.045,'6cap',25)
INSERT PortfolioCapRates (Rate,TradeId,SeqId) VALUES (0.045,'6cap',26)
INSERT PortfolioCapRates (Rate,TradeId,SeqId) VALUES (0.045,'6cap',27)
INSERT PortfolioCapRates (Rate,TradeId,SeqId) VALUES (0.045,'6cap',28)
INSERT PortfolioCapRates (Rate,TradeId,SeqId) VALUES (0.045,'6cap',29)
INSERT PortfolioLegData (LegType,Currency,DayCounter,PaymentConvention,Id,TradeId,FloatingLegIndexName,FloatingLegIsInArrears,FloatingLegFixingDays) VALUES ('Floating','GBP','ACT/365','MF',6003,'6cap','GBP-LIBOR-6M','false',0)
INSERT PortfolioLegNotionals (Notional,LegDataId,SeqId) VALUES (3000000,6003,0)
INSERT PortfolioLegNotionals (Notional,LegDataId,SeqId) VALUES (3000000,6003,1)
INSERT PortfolioLegNotionals (Notional,LegDataId,SeqId) VALUES (2800000,6003,2)
INSERT PortfolioLegNotionals (Notional,LegDataId,SeqId) VALUES (2800000,6003,3)
INSERT PortfolioLegNotionals (Notional,LegDataId,SeqId) VALUES (2600000,6003,4)
INSERT PortfolioLegNotionals (Notional,LegDataId,SeqId) VALUES (2600000,6003,5)
INSERT PortfolioLegNotionals (Notional,LegDataId,SeqId) VALUES (2400000,6003,6)
INSERT PortfolioLegNotionals (Notional,LegDataId,SeqId) VALUES (2400000,6003,7)
INSERT PortfolioLegNotionals (Notional,LegDataId,SeqId) VALUES (2200000,6003,8)
INSERT PortfolioLegNotionals (Notional,LegDataId,SeqId) VALUES (2200000,6003,9)
INSERT PortfolioLegNotionals (Notional,LegDataId,SeqId) VALUES (2000000,6003,10)
INSERT PortfolioLegNotionals (Notional,LegDataId,SeqId) VALUES (2000000,6003,11)
INSERT PortfolioLegNotionals (Notional,LegDataId,SeqId) VALUES (1800000,6003,12)
INSERT PortfolioLegNotionals (Notional,LegDataId,SeqId) VALUES (1800000,6003,13)
INSERT PortfolioLegNotionals (Notional,LegDataId,SeqId) VALUES (1600000,6003,14)
INSERT PortfolioLegNotionals (Notional,LegDataId,SeqId) VALUES (1600000,6003,15)
INSERT PortfolioLegNotionals (Notional,LegDataId,SeqId) VALUES (1400000,6003,16)
INSERT PortfolioLegNotionals (Notional,LegDataId,SeqId) VALUES (1400000,6003,17)
INSERT PortfolioLegNotionals (Notional,LegDataId,SeqId) VALUES (1200000,6003,18)
INSERT PortfolioLegNotionals (Notional,LegDataId,SeqId) VALUES (1200000,6003,19)
INSERT PortfolioLegNotionals (Notional,LegDataId,SeqId) VALUES (1000000,6003,20)
INSERT PortfolioLegNotionals (Notional,LegDataId,SeqId) VALUES (1000000,6003,21)
INSERT PortfolioLegNotionals (Notional,LegDataId,SeqId) VALUES (800000,6003,22)
INSERT PortfolioLegNotionals (Notional,LegDataId,SeqId) VALUES (800000,6003,23)
INSERT PortfolioLegNotionals (Notional,LegDataId,SeqId) VALUES (600000,6003,24)
INSERT PortfolioLegNotionals (Notional,LegDataId,SeqId) VALUES (600000,6003,25)
INSERT PortfolioLegNotionals (Notional,LegDataId,SeqId) VALUES (400000,6003,26)
INSERT PortfolioLegNotionals (Notional,LegDataId,SeqId) VALUES (400000,6003,27)
INSERT PortfolioLegNotionals (Notional,LegDataId,SeqId) VALUES (200000,6003,28)
INSERT PortfolioLegNotionals (Notional,LegDataId,SeqId) VALUES (200000,6003,29)
INSERT PortfolioFloatingLegSpreads (Spread,LegDataId,SeqId) VALUES (0.004,6003,0)
INSERT PortfolioFloatingLegSpreads (Spread,LegDataId,SeqId) VALUES (0.004,6003,1)
INSERT PortfolioFloatingLegSpreads (Spread,LegDataId,SeqId) VALUES (0.004,6003,2)
INSERT PortfolioFloatingLegSpreads (Spread,LegDataId,SeqId) VALUES (0.004,6003,3)
INSERT PortfolioFloatingLegSpreads (Spread,LegDataId,SeqId) VALUES (0.004,6003,4)
INSERT PortfolioFloatingLegSpreads (Spread,LegDataId,SeqId) VALUES (0.004,6003,5)
INSERT PortfolioFloatingLegSpreads (Spread,LegDataId,SeqId) VALUES (0.004,6003,6)
INSERT PortfolioFloatingLegSpreads (Spread,LegDataId,SeqId) VALUES (0.004,6003,7)
INSERT PortfolioFloatingLegSpreads (Spread,LegDataId,SeqId) VALUES (0.004,6003,8)
INSERT PortfolioFloatingLegSpreads (Spread,LegDataId,SeqId) VALUES (0.004,6003,9)
INSERT PortfolioFloatingLegSpreads (Spread,LegDataId,SeqId) VALUES (0.005,6003,10)
INSERT PortfolioFloatingLegSpreads (Spread,LegDataId,SeqId) VALUES (0.005,6003,11)
INSERT PortfolioFloatingLegSpreads (Spread,LegDataId,SeqId) VALUES (0.005,6003,12)
INSERT PortfolioFloatingLegSpreads (Spread,LegDataId,SeqId) VALUES (0.005,6003,13)
INSERT PortfolioFloatingLegSpreads (Spread,LegDataId,SeqId) VALUES (0.005,6003,14)
INSERT PortfolioFloatingLegSpreads (Spread,LegDataId,SeqId) VALUES (0.005,6003,15)
INSERT PortfolioFloatingLegSpreads (Spread,LegDataId,SeqId) VALUES (0.005,6003,16)
INSERT PortfolioFloatingLegSpreads (Spread,LegDataId,SeqId) VALUES (0.005,6003,17)
INSERT PortfolioFloatingLegSpreads (Spread,LegDataId,SeqId) VALUES (0.005,6003,18)
INSERT PortfolioFloatingLegSpreads (Spread,LegDataId,SeqId) VALUES (0.005,6003,19)
INSERT PortfolioFloatingLegSpreads (Spread,LegDataId,SeqId) VALUES (0.006,6003,20)
INSERT PortfolioFloatingLegSpreads (Spread,LegDataId,SeqId) VALUES (0.006,6003,21)
INSERT PortfolioFloatingLegSpreads (Spread,LegDataId,SeqId) VALUES (0.006,6003,22)
INSERT PortfolioFloatingLegSpreads (Spread,LegDataId,SeqId) VALUES (0.006,6003,23)
INSERT PortfolioFloatingLegSpreads (Spread,LegDataId,SeqId) VALUES (0.006,6003,24)
INSERT PortfolioFloatingLegSpreads (Spread,LegDataId,SeqId) VALUES (0.006,6003,25)
INSERT PortfolioFloatingLegSpreads (Spread,LegDataId,SeqId) VALUES (0.006,6003,26)
INSERT PortfolioFloatingLegSpreads (Spread,LegDataId,SeqId) VALUES (0.006,6003,27)
INSERT PortfolioFloatingLegSpreads (Spread,LegDataId,SeqId) VALUES (0.006,6003,28)
INSERT PortfolioFloatingLegSpreads (Spread,LegDataId,SeqId) VALUES (0.006,6003,29)
INSERT PortfolioFloatingLegGearings (Gearing,LegDataId,SeqId) VALUES (1.5,6003,0)
INSERT PortfolioFloatingLegGearings (Gearing,LegDataId,SeqId) VALUES (1.5,6003,1)
INSERT PortfolioFloatingLegGearings (Gearing,LegDataId,SeqId) VALUES (1.5,6003,2)
INSERT PortfolioFloatingLegGearings (Gearing,LegDataId,SeqId) VALUES (1.5,6003,3)
INSERT PortfolioFloatingLegGearings (Gearing,LegDataId,SeqId) VALUES (1.5,6003,4)
INSERT PortfolioFloatingLegGearings (Gearing,LegDataId,SeqId) VALUES (1.5,6003,5)
INSERT PortfolioFloatingLegGearings (Gearing,LegDataId,SeqId) VALUES (1.5,6003,6)
INSERT PortfolioFloatingLegGearings (Gearing,LegDataId,SeqId) VALUES (1.5,6003,7)
INSERT PortfolioFloatingLegGearings (Gearing,LegDataId,SeqId) VALUES (1.5,6003,8)
INSERT PortfolioFloatingLegGearings (Gearing,LegDataId,SeqId) VALUES (1.5,6003,9)
INSERT PortfolioFloatingLegGearings (Gearing,LegDataId,SeqId) VALUES (1.5,6003,10)
INSERT PortfolioFloatingLegGearings (Gearing,LegDataId,SeqId) VALUES (1.5,6003,11)
INSERT PortfolioFloatingLegGearings (Gearing,LegDataId,SeqId) VALUES (1.5,6003,12)
INSERT PortfolioFloatingLegGearings (Gearing,LegDataId,SeqId) VALUES (1.5,6003,13)
INSERT PortfolioFloatingLegGearings (Gearing,LegDataId,SeqId) VALUES (1.5,6003,14)
INSERT PortfolioFloatingLegGearings (Gearing,LegDataId,SeqId) VALUES (2,6003,15)
INSERT PortfolioFloatingLegGearings (Gearing,LegDataId,SeqId) VALUES (2,6003,16)
INSERT PortfolioFloatingLegGearings (Gearing,LegDataId,SeqId) VALUES (2,6003,17)
INSERT PortfolioFloatingLegGearings (Gearing,LegDataId,SeqId) VALUES (2,6003,18)
INSERT PortfolioFloatingLegGearings (Gearing,LegDataId,SeqId) VALUES (2,6003,19)
INSERT PortfolioFloatingLegGearings (Gearing,LegDataId,SeqId) VALUES (2,6003,20)
INSERT PortfolioFloatingLegGearings (Gearing,LegDataId,SeqId) VALUES (2,6003,21)
INSERT PortfolioFloatingLegGearings (Gearing,LegDataId,SeqId) VALUES (2,6003,22)
INSERT PortfolioFloatingLegGearings (Gearing,LegDataId,SeqId) VALUES (2,6003,23)
INSERT PortfolioFloatingLegGearings (Gearing,LegDataId,SeqId) VALUES (2,6003,24)
INSERT PortfolioFloatingLegGearings (Gearing,LegDataId,SeqId) VALUES (2,6003,25)
INSERT PortfolioFloatingLegGearings (Gearing,LegDataId,SeqId) VALUES (2,6003,26)
INSERT PortfolioFloatingLegGearings (Gearing,LegDataId,SeqId) VALUES (2,6003,27)
INSERT PortfolioFloatingLegGearings (Gearing,LegDataId,SeqId) VALUES (2,6003,28)
INSERT PortfolioFloatingLegGearings (Gearing,LegDataId,SeqId) VALUES (2,6003,29)
INSERT PortfolioScheduleDataRules (StartDate,EndDate,Tenor,Calendar,Convention,TermConvention,RuleName,LegDataId,Id) VALUES ('20161019','20311019','6M','UK','MF','MF','Forward',6003,6002)

INSERT PortfolioTrades (TradeType,id,CounterParty,NettingSetId) VALUES ('Swap','6capped_swap','CPTY_A','6CPTY_A')
INSERT PortfolioAdditionalFields (GroupingId,TradeId) VALUES ('Example_6','6capped_swap')
INSERT PortfolioSwapData (TradeId) VALUES ('6capped_swap')
INSERT PortfolioLegData (LegType,Payer,Currency,DayCounter,PaymentConvention,Id,TradeId) VALUES ('Fixed','false','GBP','ACT/365','MF',6004,'6capped_swap')
INSERT PortfolioLegNotionals (Notional,LegDataId,SeqId) VALUES (3000000,6004,0)
INSERT PortfolioLegNotionals (Notional,LegDataId,SeqId) VALUES (2800000,6004,1)
INSERT PortfolioLegNotionals (Notional,LegDataId,SeqId) VALUES (2600000,6004,2)
INSERT PortfolioLegNotionals (Notional,LegDataId,SeqId) VALUES (2400000,6004,3)
INSERT PortfolioLegNotionals (Notional,LegDataId,SeqId) VALUES (2200000,6004,4)
INSERT PortfolioLegNotionals (Notional,LegDataId,SeqId) VALUES (2000000,6004,5)
INSERT PortfolioLegNotionals (Notional,LegDataId,SeqId) VALUES (1800000,6004,6)
INSERT PortfolioLegNotionals (Notional,LegDataId,SeqId) VALUES (1600000,6004,7)
INSERT PortfolioLegNotionals (Notional,LegDataId,SeqId) VALUES (1400000,6004,8)
INSERT PortfolioLegNotionals (Notional,LegDataId,SeqId) VALUES (1200000,6004,9)
INSERT PortfolioLegNotionals (Notional,LegDataId,SeqId) VALUES (1000000,6004,10)
INSERT PortfolioLegNotionals (Notional,LegDataId,SeqId) VALUES (800000,6004,11)
INSERT PortfolioLegNotionals (Notional,LegDataId,SeqId) VALUES (600000,6004,12)
INSERT PortfolioLegNotionals (Notional,LegDataId,SeqId) VALUES (400000,6004,13)
INSERT PortfolioLegNotionals (Notional,LegDataId,SeqId) VALUES (200000,6004,14)
INSERT PortfolioFixedLegCPIRates (Rate,LegDataId,SeqId) VALUES (0.04,6004,0)
INSERT PortfolioScheduleDataRules (StartDate,EndDate,Tenor,Calendar,Convention,TermConvention,RuleName,LegDataId,Id) VALUES ('20161019','20311019','1Y','UK','MF','MF','Forward',6004,6003)
INSERT PortfolioLegData (LegType,Payer,Currency,DayCounter,PaymentConvention,Id,TradeId,FloatingLegIndexName,FloatingLegIsInArrears,FloatingLegFixingDays) VALUES ('Floating','true','GBP','ACT/365','MF',6005,'6capped_swap','GBP-LIBOR-6M','false',0)
INSERT PortfolioLegNotionals (Notional,LegDataId,SeqId) VALUES (3000000,6005,0)
INSERT PortfolioLegNotionals (Notional,LegDataId,SeqId) VALUES (3000000,6005,1)
INSERT PortfolioLegNotionals (Notional,LegDataId,SeqId) VALUES (2800000,6005,2)
INSERT PortfolioLegNotionals (Notional,LegDataId,SeqId) VALUES (2800000,6005,3)
INSERT PortfolioLegNotionals (Notional,LegDataId,SeqId) VALUES (2600000,6005,4)
INSERT PortfolioLegNotionals (Notional,LegDataId,SeqId) VALUES (2600000,6005,5)
INSERT PortfolioLegNotionals (Notional,LegDataId,SeqId) VALUES (2400000,6005,6)
INSERT PortfolioLegNotionals (Notional,LegDataId,SeqId) VALUES (2400000,6005,7)
INSERT PortfolioLegNotionals (Notional,LegDataId,SeqId) VALUES (2200000,6005,8)
INSERT PortfolioLegNotionals (Notional,LegDataId,SeqId) VALUES (2200000,6005,9)
INSERT PortfolioLegNotionals (Notional,LegDataId,SeqId) VALUES (2000000,6005,10)
INSERT PortfolioLegNotionals (Notional,LegDataId,SeqId) VALUES (2000000,6005,11)
INSERT PortfolioLegNotionals (Notional,LegDataId,SeqId) VALUES (1800000,6005,12)
INSERT PortfolioLegNotionals (Notional,LegDataId,SeqId) VALUES (1800000,6005,13)
INSERT PortfolioLegNotionals (Notional,LegDataId,SeqId) VALUES (1600000,6005,14)
INSERT PortfolioLegNotionals (Notional,LegDataId,SeqId) VALUES (1600000,6005,15)
INSERT PortfolioLegNotionals (Notional,LegDataId,SeqId) VALUES (1400000,6005,16)
INSERT PortfolioLegNotionals (Notional,LegDataId,SeqId) VALUES (1400000,6005,17)
INSERT PortfolioLegNotionals (Notional,LegDataId,SeqId) VALUES (1200000,6005,18)
INSERT PortfolioLegNotionals (Notional,LegDataId,SeqId) VALUES (1200000,6005,19)
INSERT PortfolioLegNotionals (Notional,LegDataId,SeqId) VALUES (1000000,6005,20)
INSERT PortfolioLegNotionals (Notional,LegDataId,SeqId) VALUES (1000000,6005,21)
INSERT PortfolioLegNotionals (Notional,LegDataId,SeqId) VALUES (800000,6005,22)
INSERT PortfolioLegNotionals (Notional,LegDataId,SeqId) VALUES (800000,6005,23)
INSERT PortfolioLegNotionals (Notional,LegDataId,SeqId) VALUES (600000,6005,24)
INSERT PortfolioLegNotionals (Notional,LegDataId,SeqId) VALUES (600000,6005,25)
INSERT PortfolioLegNotionals (Notional,LegDataId,SeqId) VALUES (400000,6005,26)
INSERT PortfolioLegNotionals (Notional,LegDataId,SeqId) VALUES (400000,6005,27)
INSERT PortfolioLegNotionals (Notional,LegDataId,SeqId) VALUES (200000,6005,28)
INSERT PortfolioLegNotionals (Notional,LegDataId,SeqId) VALUES (200000,6005,29)
INSERT PortfolioFloatingLegSpreads (Spread,LegDataId,SeqId) VALUES (0.004,6005,0)
INSERT PortfolioFloatingLegSpreads (Spread,LegDataId,SeqId) VALUES (0.004,6005,1)
INSERT PortfolioFloatingLegSpreads (Spread,LegDataId,SeqId) VALUES (0.004,6005,2)
INSERT PortfolioFloatingLegSpreads (Spread,LegDataId,SeqId) VALUES (0.004,6005,3)
INSERT PortfolioFloatingLegSpreads (Spread,LegDataId,SeqId) VALUES (0.004,6005,4)
INSERT PortfolioFloatingLegSpreads (Spread,LegDataId,SeqId) VALUES (0.004,6005,5)
INSERT PortfolioFloatingLegSpreads (Spread,LegDataId,SeqId) VALUES (0.004,6005,6)
INSERT PortfolioFloatingLegSpreads (Spread,LegDataId,SeqId) VALUES (0.004,6005,7)
INSERT PortfolioFloatingLegSpreads (Spread,LegDataId,SeqId) VALUES (0.004,6005,8)
INSERT PortfolioFloatingLegSpreads (Spread,LegDataId,SeqId) VALUES (0.004,6005,9)
INSERT PortfolioFloatingLegSpreads (Spread,LegDataId,SeqId) VALUES (0.005,6005,10)
INSERT PortfolioFloatingLegSpreads (Spread,LegDataId,SeqId) VALUES (0.005,6005,11)
INSERT PortfolioFloatingLegSpreads (Spread,LegDataId,SeqId) VALUES (0.005,6005,12)
INSERT PortfolioFloatingLegSpreads (Spread,LegDataId,SeqId) VALUES (0.005,6005,13)
INSERT PortfolioFloatingLegSpreads (Spread,LegDataId,SeqId) VALUES (0.005,6005,14)
INSERT PortfolioFloatingLegSpreads (Spread,LegDataId,SeqId) VALUES (0.005,6005,15)
INSERT PortfolioFloatingLegSpreads (Spread,LegDataId,SeqId) VALUES (0.005,6005,16)
INSERT PortfolioFloatingLegSpreads (Spread,LegDataId,SeqId) VALUES (0.005,6005,17)
INSERT PortfolioFloatingLegSpreads (Spread,LegDataId,SeqId) VALUES (0.005,6005,18)
INSERT PortfolioFloatingLegSpreads (Spread,LegDataId,SeqId) VALUES (0.005,6005,19)
INSERT PortfolioFloatingLegSpreads (Spread,LegDataId,SeqId) VALUES (0.006,6005,20)
INSERT PortfolioFloatingLegSpreads (Spread,LegDataId,SeqId) VALUES (0.006,6005,21)
INSERT PortfolioFloatingLegSpreads (Spread,LegDataId,SeqId) VALUES (0.006,6005,22)
INSERT PortfolioFloatingLegSpreads (Spread,LegDataId,SeqId) VALUES (0.006,6005,23)
INSERT PortfolioFloatingLegSpreads (Spread,LegDataId,SeqId) VALUES (0.006,6005,24)
INSERT PortfolioFloatingLegSpreads (Spread,LegDataId,SeqId) VALUES (0.006,6005,25)
INSERT PortfolioFloatingLegSpreads (Spread,LegDataId,SeqId) VALUES (0.006,6005,26)
INSERT PortfolioFloatingLegSpreads (Spread,LegDataId,SeqId) VALUES (0.006,6005,27)
INSERT PortfolioFloatingLegSpreads (Spread,LegDataId,SeqId) VALUES (0.006,6005,28)
INSERT PortfolioFloatingLegSpreads (Spread,LegDataId,SeqId) VALUES (0.006,6005,29)
INSERT PortfolioFloatingLegCaps (Cap,LegDataId,SeqId) VALUES (0.025,6005,0)
INSERT PortfolioFloatingLegCaps (Cap,LegDataId,SeqId) VALUES (0.025,6005,1)
INSERT PortfolioFloatingLegCaps (Cap,LegDataId,SeqId) VALUES (0.025,6005,2)
INSERT PortfolioFloatingLegCaps (Cap,LegDataId,SeqId) VALUES (0.025,6005,3)
INSERT PortfolioFloatingLegCaps (Cap,LegDataId,SeqId) VALUES (0.025,6005,4)
INSERT PortfolioFloatingLegCaps (Cap,LegDataId,SeqId) VALUES (0.025,6005,5)
INSERT PortfolioFloatingLegCaps (Cap,LegDataId,SeqId) VALUES (0.025,6005,6)
INSERT PortfolioFloatingLegCaps (Cap,LegDataId,SeqId) VALUES (0.025,6005,7)
INSERT PortfolioFloatingLegCaps (Cap,LegDataId,SeqId) VALUES (0.025,6005,8)
INSERT PortfolioFloatingLegCaps (Cap,LegDataId,SeqId) VALUES (0.025,6005,9)
INSERT PortfolioFloatingLegCaps (Cap,LegDataId,SeqId) VALUES (0.030,6005,10)
INSERT PortfolioFloatingLegCaps (Cap,LegDataId,SeqId) VALUES (0.030,6005,11)
INSERT PortfolioFloatingLegCaps (Cap,LegDataId,SeqId) VALUES (0.030,6005,12)
INSERT PortfolioFloatingLegCaps (Cap,LegDataId,SeqId) VALUES (0.030,6005,13)
INSERT PortfolioFloatingLegCaps (Cap,LegDataId,SeqId) VALUES (0.030,6005,14)
INSERT PortfolioFloatingLegCaps (Cap,LegDataId,SeqId) VALUES (0.030,6005,15)
INSERT PortfolioFloatingLegCaps (Cap,LegDataId,SeqId) VALUES (0.030,6005,16)
INSERT PortfolioFloatingLegCaps (Cap,LegDataId,SeqId) VALUES (0.030,6005,17)
INSERT PortfolioFloatingLegCaps (Cap,LegDataId,SeqId) VALUES (0.030,6005,18)
INSERT PortfolioFloatingLegCaps (Cap,LegDataId,SeqId) VALUES (0.030,6005,19)
INSERT PortfolioFloatingLegCaps (Cap,LegDataId,SeqId) VALUES (0.045,6005,20)
INSERT PortfolioFloatingLegCaps (Cap,LegDataId,SeqId) VALUES (0.045,6005,21)
INSERT PortfolioFloatingLegCaps (Cap,LegDataId,SeqId) VALUES (0.045,6005,22)
INSERT PortfolioFloatingLegCaps (Cap,LegDataId,SeqId) VALUES (0.045,6005,23)
INSERT PortfolioFloatingLegCaps (Cap,LegDataId,SeqId) VALUES (0.045,6005,24)
INSERT PortfolioFloatingLegCaps (Cap,LegDataId,SeqId) VALUES (0.045,6005,25)
INSERT PortfolioFloatingLegCaps (Cap,LegDataId,SeqId) VALUES (0.045,6005,26)
INSERT PortfolioFloatingLegCaps (Cap,LegDataId,SeqId) VALUES (0.045,6005,27)
INSERT PortfolioFloatingLegCaps (Cap,LegDataId,SeqId) VALUES (0.045,6005,28)
INSERT PortfolioFloatingLegCaps (Cap,LegDataId,SeqId) VALUES (0.045,6005,29)
INSERT PortfolioFloatingLegGearings (Gearing,LegDataId,SeqId) VALUES (1.5,6005,0)
INSERT PortfolioFloatingLegGearings (Gearing,LegDataId,SeqId) VALUES (1.5,6005,1)
INSERT PortfolioFloatingLegGearings (Gearing,LegDataId,SeqId) VALUES (1.5,6005,2)
INSERT PortfolioFloatingLegGearings (Gearing,LegDataId,SeqId) VALUES (1.5,6005,3)
INSERT PortfolioFloatingLegGearings (Gearing,LegDataId,SeqId) VALUES (1.5,6005,4)
INSERT PortfolioFloatingLegGearings (Gearing,LegDataId,SeqId) VALUES (1.5,6005,5)
INSERT PortfolioFloatingLegGearings (Gearing,LegDataId,SeqId) VALUES (1.5,6005,6)
INSERT PortfolioFloatingLegGearings (Gearing,LegDataId,SeqId) VALUES (1.5,6005,7)
INSERT PortfolioFloatingLegGearings (Gearing,LegDataId,SeqId) VALUES (1.5,6005,8)
INSERT PortfolioFloatingLegGearings (Gearing,LegDataId,SeqId) VALUES (1.5,6005,9)
INSERT PortfolioFloatingLegGearings (Gearing,LegDataId,SeqId) VALUES (1.5,6005,10)
INSERT PortfolioFloatingLegGearings (Gearing,LegDataId,SeqId) VALUES (1.5,6005,11)
INSERT PortfolioFloatingLegGearings (Gearing,LegDataId,SeqId) VALUES (1.5,6005,12)
INSERT PortfolioFloatingLegGearings (Gearing,LegDataId,SeqId) VALUES (1.5,6005,13)
INSERT PortfolioFloatingLegGearings (Gearing,LegDataId,SeqId) VALUES (1.5,6005,14)
INSERT PortfolioFloatingLegGearings (Gearing,LegDataId,SeqId) VALUES (2,6005,15)
INSERT PortfolioFloatingLegGearings (Gearing,LegDataId,SeqId) VALUES (2,6005,16)
INSERT PortfolioFloatingLegGearings (Gearing,LegDataId,SeqId) VALUES (2,6005,17)
INSERT PortfolioFloatingLegGearings (Gearing,LegDataId,SeqId) VALUES (2,6005,18)
INSERT PortfolioFloatingLegGearings (Gearing,LegDataId,SeqId) VALUES (2,6005,19)
INSERT PortfolioFloatingLegGearings (Gearing,LegDataId,SeqId) VALUES (2,6005,20)
INSERT PortfolioFloatingLegGearings (Gearing,LegDataId,SeqId) VALUES (2,6005,21)
INSERT PortfolioFloatingLegGearings (Gearing,LegDataId,SeqId) VALUES (2,6005,22)
INSERT PortfolioFloatingLegGearings (Gearing,LegDataId,SeqId) VALUES (2,6005,23)
INSERT PortfolioFloatingLegGearings (Gearing,LegDataId,SeqId) VALUES (2,6005,24)
INSERT PortfolioFloatingLegGearings (Gearing,LegDataId,SeqId) VALUES (2,6005,25)
INSERT PortfolioFloatingLegGearings (Gearing,LegDataId,SeqId) VALUES (2,6005,26)
INSERT PortfolioFloatingLegGearings (Gearing,LegDataId,SeqId) VALUES (2,6005,27)
INSERT PortfolioFloatingLegGearings (Gearing,LegDataId,SeqId) VALUES (2,6005,28)
INSERT PortfolioFloatingLegGearings (Gearing,LegDataId,SeqId) VALUES (2,6005,29)
INSERT PortfolioScheduleDataRules (StartDate,EndDate,Tenor,Calendar,Convention,TermConvention,RuleName,LegDataId,Id) VALUES ('20161019','20311019','6M','UK','MF','MF','Forward',6005,6004)

INSERT PortfolioTrades (TradeType,id,CounterParty,NettingSetId) VALUES ('FxForward','7FXFWD_EURUSD_10Y','CPTY_A','7CPTY_A')
INSERT PortfolioAdditionalFields (GroupingId,TradeId) VALUES ('Example_7','7FXFWD_EURUSD_10Y')
INSERT PortfolioFxForwardData (ValueDate,BoughtCurrency,BoughtAmount,SoldCurrency,SoldAmount,TradeId) VALUES ('2026-03-01','EUR',1000000,'USD',1100000,'7FXFWD_EURUSD_10Y')

INSERT PortfolioTrades (TradeType,id,CounterParty,NettingSetId) VALUES ('FxOption','7FX_CALL_OPTION_EURUSD_10Y','CPTY_A','7CPTY_A')
INSERT PortfolioAdditionalFields (GroupingId,TradeId) VALUES ('Example_7','7FX_CALL_OPTION_EURUSD_10Y')
INSERT PortfolioFxOptionData (BoughtCurrency,BoughtAmount,SoldCurrency,SoldAmount,TradeId,OptionDataLongShort,OptionDataOptionType,OptionDataStyle,OptionDataSettlement,OptionDataPayOffAtExpiry) VALUES ('EUR',1000000,'USD',1100000,'7FX_CALL_OPTION_EURUSD_10Y','Long','Call','European','Cash','false')
INSERT PortfolioOptionExercises (ExerciseDate,TradeId) VALUES ('2026-03-01','7FX_CALL_OPTION_EURUSD_10Y')

INSERT PortfolioTrades (TradeType,id,CounterParty,NettingSetId) VALUES ('FxOption','7FX_PUT_OPTION_EURUSD_10Y','CPTY_A','7CPTY_A')
INSERT PortfolioAdditionalFields (GroupingId,TradeId) VALUES ('Example_7','7FX_PUT_OPTION_EURUSD_10Y')
INSERT PortfolioFxOptionData (BoughtCurrency,BoughtAmount,SoldCurrency,SoldAmount,TradeId,OptionDataLongShort,OptionDataOptionType,OptionDataStyle,OptionDataSettlement,OptionDataPayOffAtExpiry) VALUES ('EUR',1000000,'USD',1100000,'7FX_PUT_OPTION_EURUSD_10Y','Long','Put','European','Cash','false')
INSERT PortfolioOptionExercises (ExerciseDate,TradeId) VALUES ('2026-03-01','7FX_PUT_OPTION_EURUSD_10Y')

INSERT PortfolioTrades (TradeType,id,CounterParty,NettingSetId) VALUES ('Swap','8CCSwap','CPTY_A','8CPTY_A')
INSERT PortfolioAdditionalFields (GroupingId,TradeId) VALUES ('Example_8','8CCSwap')
INSERT PortfolioSwapData (TradeId) VALUES ('8CCSwap')
INSERT PortfolioLegData (LegType,Payer,Currency,DayCounter,PaymentConvention,Id,TradeId,NotionalInitialExchange,NotionalFinalExchange,FloatingLegIndexName) VALUES ('Floating','true','EUR','A360','ModifiedFollowing',8001,'8CCSwap','true','true','EUR-EURIBOR-3M')
INSERT PortfolioLegNotionals (Notional,LegDataId,SeqId) VALUES ('10000000',8001,0)
INSERT PortfolioFloatingLegSpreads (Spread,LegDataId,SeqId) VALUES (0.0,8001,0)
INSERT PortfolioScheduleDataRules (StartDate,EndDate,Tenor,Calendar,Convention,TermConvention,RuleName,LegDataId,Id) VALUES ('2015-03-01','2036-03-01','3M','TARGET','ModifiedFollowing','ModifiedFollowing','Forward',8001,8000)
INSERT PortfolioLegData (LegType,Payer,Currency,DayCounter,PaymentConvention,Id,TradeId,NotionalInitialExchange,NotionalFinalExchange) VALUES ('Fixed','false','USD','ACT/ACT','Following',8002,'8CCSwap','true','true')
INSERT PortfolioLegNotionals (Notional,LegDataId,SeqId) VALUES ('11000000',8002,0)
INSERT PortfolioFixedLegCPIRates (Rate,LegDataId,SeqId) VALUES (0.02,8002,0)
INSERT PortfolioScheduleDataRules (StartDate,EndDate,Tenor,Calendar,Convention,TermConvention,RuleName,LegDataId,Id) VALUES ('2015-03-01','2036-03-01','1Y','TARGET','Following','Following','Forward',8002,8001)

INSERT PortfolioTrades (TradeType,id,CounterParty,NettingSetId) VALUES ('Swap','9XCCY_Swap_EUR_USD','CPTY_A','9CPTY_A')
INSERT PortfolioAdditionalFields (GroupingId,TradeId) VALUES ('Example_9','9XCCY_Swap_EUR_USD')
INSERT PortfolioSwapData (TradeId) VALUES ('9XCCY_Swap_EUR_USD')
INSERT PortfolioLegData (LegType,Payer,Currency,DayCounter,PaymentConvention,Id,TradeId,NotionalInitialExchange,NotionalFinalExchange,FloatingLegIndexName,FloatingLegIsInArrears,FloatingLegFixingDays) VALUES ('Floating','false','USD','A360','MF',9001,'9XCCY_Swap_EUR_USD','true','true','USD-LIBOR-6M','false',2)
INSERT PortfolioLegNotionals (Notional,LegDataId,SeqId) VALUES (100000000,9001,0)
INSERT PortfolioFloatingLegSpreads (Spread,LegDataId,SeqId) VALUES (0.000000,9001,0)
INSERT PortfolioScheduleDataRules (StartDate,EndDate,Tenor,Calendar,Convention,TermConvention,RuleName,LegDataId,Id) VALUES ('20160205','20260205','6M','TARGET','MF','MF','Forward',9001,9000)
INSERT PortfolioLegData (LegType,Payer,Currency,DayCounter,PaymentConvention,Id,TradeId,NotionalInitialExchange,NotionalFinalExchange,FloatingLegIndexName,FloatingLegIsInArrears,FloatingLegFixingDays) VALUES ('Floating','true','EUR','A360','MF',9002,'9XCCY_Swap_EUR_USD','true','true','EUR-EURIBOR-6M','false',2)
INSERT PortfolioLegNotionals (Notional,LegDataId,SeqId) VALUES (88312931.57,9002,0)
INSERT PortfolioFloatingLegSpreads (Spread,LegDataId,SeqId) VALUES (0.015,9002,0)
INSERT PortfolioScheduleDataRules (StartDate,EndDate,Tenor,Calendar,Convention,TermConvention,RuleName,LegDataId,Id) VALUES ('20160205','20260205','6M','TARGET','MF','MF','Forward',9002,9001)

INSERT PortfolioTrades (TradeType,id,CounterParty,NettingSetId) VALUES ('Swap','9XCCY_Swap_EUR_USD_RESET','CPTY_A','9CPTY_A')
INSERT PortfolioAdditionalFields (GroupingId,TradeId) VALUES ('Example_9','9XCCY_Swap_EUR_USD_RESET')
INSERT PortfolioSwapData (TradeId) VALUES ('9XCCY_Swap_EUR_USD_RESET')
INSERT PortfolioLegData (LegType,Payer,Currency,DayCounter,PaymentConvention,Id,TradeId,NotionalInitialExchange,NotionalFinalExchange,FloatingLegIndexName,FloatingLegIsInArrears,FloatingLegFixingDays) VALUES ('Floating','false','USD','A360','MF',9003,'9XCCY_Swap_EUR_USD_RESET','true','true','USD-LIBOR-6M','false',2)
INSERT PortfolioLegNotionals (Notional,LegDataId,SeqId) VALUES (100000000,9003,0)
INSERT PortfolioFloatingLegSpreads (Spread,LegDataId,SeqId) VALUES (0.000000,9003,0)
INSERT PortfolioScheduleDataRules (StartDate,EndDate,Tenor,Calendar,Convention,TermConvention,RuleName,LegDataId,Id) VALUES ('20160205','20260205','6M','TARGET','MF','MF','Forward',9003,9002)
INSERT PortfolioLegData (LegType,Payer,Currency,DayCounter,PaymentConvention,Id,TradeId,NotionalInitialExchange,NotionalFinalExchange,FXResetForeignCurrency,FXResetForeignAmount,FXResetFXIndex,FXResetFixingDays,FloatingLegIndexName,FloatingLegIsInArrears,FloatingLegFixingDays) VALUES ('Floating','true','EUR','A360','MF',9004,'9XCCY_Swap_EUR_USD_RESET','true','true','USD',100000000,'FX-ECB-EUR-USD',2,'EUR-EURIBOR-6M','false',2)
INSERT PortfolioLegNotionals (Notional,LegDataId,SeqId) VALUES (88312931.57,9004,0)
INSERT PortfolioFloatingLegSpreads (Spread,LegDataId,SeqId) VALUES (0.015,9004,0)
INSERT PortfolioScheduleDataRules (StartDate,EndDate,Tenor,Calendar,Convention,TermConvention,RuleName,LegDataId,Id) VALUES ('20160205','20260205','6M','TARGET','MF','MF','Forward',9004,9003)

INSERT PortfolioTrades (TradeType,id,CounterParty,NettingSetId) VALUES ('Swap','10Swap_1','CPTY_A','10CPTY_A')
INSERT PortfolioAdditionalFields (GroupingId,TradeId) VALUES ('Example_10','10Swap_1')
INSERT PortfolioTradeActions (Type,Owner,Id,TradeId) VALUES ('Break','Mutual',10000,'10Swap_1')
INSERT PortfolioScheduleDataRules (StartDate,EndDate,Tenor,Calendar,Convention,TermConvention,RuleName,TradeActionId,Id) VALUES ('2005-03-03','2027-03-03','5Y','UK','ModifiedFollowing','ModifiedFollowing','Forward',10000,10000)
INSERT PortfolioSwapData (TradeId) VALUES ('10Swap_1')
INSERT PortfolioLegData (LegType,Payer,Currency,DayCounter,PaymentConvention,Id,TradeId) VALUES ('Fixed','true','GBP','A365','ModifiedFollowing',10001,'10Swap_1')
INSERT PortfolioLegNotionals (Notional,LegDataId,SeqId) VALUES ('40000000',10001,0)
INSERT PortfolioFixedLegCPIRates (Rate,LegDataId,SeqId) VALUES (0.018,10001,0)
INSERT PortfolioScheduleDataRules (StartDate,EndDate,Tenor,Calendar,Convention,TermConvention,RuleName,FirstDate,LegDataId,Id) VALUES ('2005-03-03','2027-03-03','6M','UK','ModifiedFollowing','ModifiedFollowing','Forward','2005-09-05',10001,10001)
INSERT PortfolioLegData (LegType,Payer,Currency,DayCounter,PaymentConvention,Id,TradeId,FloatingLegIndexName) VALUES ('Floating','false','GBP','A365','ModifiedFollowing',10002,'10Swap_1','GBP-LIBOR-6M')
INSERT PortfolioLegNotionals (Notional,LegDataId,SeqId) VALUES ('40000000',10002,0)
INSERT PortfolioFloatingLegSpreads (Spread,LegDataId,SeqId) VALUES (0.0,10002,0)
INSERT PortfolioScheduleDataRules (StartDate,EndDate,Tenor,Calendar,Convention,TermConvention,RuleName,FirstDate,LegDataId,Id) VALUES ('2005-03-03','2027-03-03','6M','UK','ModifiedFollowing','ModifiedFollowing','Forward','2005-09-05',10002,10002)

INSERT PortfolioTrades (TradeType,id,CounterParty,NettingSetId) VALUES ('Swap','10Swap_3','CPTY_A','10CPTY_A')
INSERT PortfolioAdditionalFields (GroupingId,TradeId) VALUES ('Example_10','10Swap_3')
INSERT PortfolioTradeActions (Type,Owner,Id,TradeId) VALUES ('Break','Mutual',10001,'10Swap_3')
INSERT PortfolioScheduleDataRules (StartDate,EndDate,Tenor,Calendar,Convention,TermConvention,RuleName,TradeActionId,Id) VALUES ('2015-04-22','2024-11-01','5Y','UK','ModifiedFollowing','ModifiedFollowing','Forward',10001,10003)
INSERT PortfolioSwapData (TradeId) VALUES ('10Swap_3')
INSERT PortfolioLegData (LegType,Payer,Currency,DayCounter,PaymentConvention,Id,TradeId) VALUES ('Fixed','false','USD','A360','ModifiedFollowing',10003,'10Swap_3')
INSERT PortfolioLegNotionals (Notional,LegDataId,SeqId) VALUES ('50000000',10003,0)
INSERT PortfolioFixedLegCPIRates (Rate,LegDataId,SeqId) VALUES (0.02,10003,0)
INSERT PortfolioScheduleDataRules (StartDate,EndDate,Tenor,Calendar,Convention,TermConvention,RuleName,LegDataId,Id) VALUES ('2015-04-22','2024-11-01','3M','UK','ModifiedFollowing','ModifiedFollowing','Forward',10003,10004)
INSERT PortfolioLegData (LegType,Payer,Currency,DayCounter,PaymentConvention,Id,TradeId,FloatingLegIndexName) VALUES ('Floating','true','USD','A360','ModifiedFollowing',10004,'10Swap_3','USD-LIBOR-3M')
INSERT PortfolioLegNotionals (Notional,LegDataId,SeqId) VALUES ('50000000',10004,0)
INSERT PortfolioFloatingLegSpreads (Spread,LegDataId,SeqId) VALUES (0.0,10004,0)
INSERT PortfolioScheduleDataRules (StartDate,EndDate,Tenor,Calendar,Convention,TermConvention,RuleName,LegDataId,Id) VALUES ('2015-04-22','2024-11-01','3M','UK','ModifiedFollowing','ModifiedFollowing','Forward',10004,10005)

INSERT PortfolioTrades (TradeType,id,CounterParty,NettingSetId) VALUES ('Swap','10Swap_2','CPTY_A','10CPTY_A')
INSERT PortfolioAdditionalFields (GroupingId,TradeId) VALUES ('Example_10','10Swap_2')
INSERT PortfolioTradeActions (Type,Owner,Id,TradeId) VALUES ('Break','Mutual',10002,'10Swap_2')
INSERT PortfolioScheduleDataRules (StartDate,EndDate,Tenor,Calendar,Convention,TermConvention,RuleName,TradeActionId,Id) VALUES ('2012-09-05','2026-09-05','5Y','UK','ModifiedFollowing','ModifiedFollowing','Forward',10002,10006)
INSERT PortfolioSwapData (TradeId) VALUES ('10Swap_2')
INSERT PortfolioLegData (LegType,Payer,Currency,DayCounter,PaymentConvention,Id,TradeId,FloatingLegIndexName) VALUES ('Floating','true','EUR','A360','ModifiedFollowing',10005,'10Swap_2','EUR-EURIBOR-3M')
INSERT PortfolioLegNotionals (Notional,LegDataId,SeqId) VALUES ('30000000',10005,0)
INSERT PortfolioFloatingLegSpreads (Spread,LegDataId,SeqId) VALUES (0.0,10005,0)
INSERT PortfolioScheduleDataRules (StartDate,EndDate,Tenor,Calendar,Convention,TermConvention,RuleName,LegDataId,Id) VALUES ('2012-09-05','2026-09-05','3M','TARGET','ModifiedFollowing','ModifiedFollowing','Forward',10005,10007)
INSERT PortfolioLegData (LegType,Payer,Currency,DayCounter,PaymentConvention,Id,TradeId) VALUES ('Fixed','false','EUR','T360','ModifiedFollowing',10006,'10Swap_2')
INSERT PortfolioLegNotionals (Notional,LegDataId,SeqId) VALUES ('30000000',10006,0)
INSERT PortfolioFixedLegCPIRates (Rate,LegDataId,SeqId) VALUES (0.01,10006,0)
INSERT PortfolioScheduleDataRules (StartDate,EndDate,Tenor,Calendar,Convention,TermConvention,RuleName,LegDataId,Id) VALUES ('2012-09-05','2026-09-05','1Y','TARGET','ModifiedFollowing','ModifiedFollowing','Forward',10006,10008)

INSERT PortfolioTrades (TradeType,id,CounterParty,NettingSetId) VALUES ('Swap','11Swap','CPTY_A','11CPTY_A')
INSERT PortfolioAdditionalFields (GroupingId,TradeId) VALUES ('Example_11','11Swap')
INSERT PortfolioSwapData (TradeId) VALUES ('11Swap')
INSERT PortfolioLegData (LegType,Payer,Currency,DayCounter,PaymentConvention,Id,TradeId) VALUES ('Fixed','false','EUR','30/360','F',11001,'11Swap')
INSERT PortfolioLegNotionals (Notional,LegDataId,SeqId) VALUES (10000000.000000,11001,0)
INSERT PortfolioFixedLegCPIRates (Rate,LegDataId,SeqId) VALUES (0.02,11001,0)
INSERT PortfolioScheduleDataRules (StartDate,EndDate,Tenor,Calendar,Convention,TermConvention,RuleName,LegDataId,Id) VALUES ('20160301','20360301','1Y','TARGET','F','F','Forward',11001,11000)
INSERT PortfolioLegData (LegType,Payer,Currency,DayCounter,PaymentConvention,Id,TradeId,FloatingLegIndexName,FloatingLegIsInArrears,FloatingLegFixingDays) VALUES ('Floating','true','EUR','A360','MF',11002,'11Swap','EUR-EURIBOR-6M','false',2)
INSERT PortfolioLegNotionals (Notional,LegDataId,SeqId) VALUES (10000000.000000,11002,0)
INSERT PortfolioFloatingLegSpreads (Spread,LegDataId,SeqId) VALUES (0.000000,11002,0)
INSERT PortfolioScheduleDataRules (StartDate,EndDate,Tenor,Calendar,Convention,TermConvention,RuleName,LegDataId,Id) VALUES ('20160301','20360301','6M','TARGET','MF','MF','Forward',11002,11001)

INSERT PortfolioTrades (TradeType,id,CounterParty,NettingSetId) VALUES ('Swap','13Swap_2','CPTY_A','13CPTY_A')
INSERT PortfolioAdditionalFields (GroupingId,TradeId) VALUES ('Example_13','13Swap_2')
INSERT PortfolioTradeActions (Type,Owner,Id,TradeId) VALUES ('Break','Mutual',13000,'13Swap_2')
INSERT PortfolioScheduleDataRules (StartDate,EndDate,Tenor,Calendar,Convention,TermConvention,RuleName,TradeActionId,Id) VALUES ('2012-09-05','2025-09-05','5Y','UK','ModifiedFollowing','ModifiedFollowing','Forward',13000,13000)
INSERT PortfolioSwapData (TradeId) VALUES ('13Swap_2')
INSERT PortfolioLegData (LegType,Payer,Currency,DayCounter,PaymentConvention,Id,TradeId,NotionalInitialExchange,NotionalFinalExchange,FloatingLegIndexName) VALUES ('Floating','true','EUR','A360','ModifiedFollowing',13001,'13Swap_2','Y','Y','EUR-EURIBOR-6M')
INSERT PortfolioLegNotionals (Notional,LegDataId,SeqId) VALUES ('30000000',13001,0)
INSERT PortfolioFloatingLegSpreads (Spread,LegDataId,SeqId) VALUES (0.0,13001,0)
INSERT PortfolioScheduleDataRules (StartDate,EndDate,Tenor,Calendar,Convention,TermConvention,RuleName,LegDataId,Id) VALUES ('2012-09-05','2025-09-05','6M','TARGET','ModifiedFollowing','ModifiedFollowing','Forward',13001,13001)
INSERT PortfolioLegData (LegType,Payer,Currency,DayCounter,PaymentConvention,Id,TradeId,NotionalInitialExchange,NotionalFinalExchange,FloatingLegIndexName) VALUES ('Floating','false','USD','A360','ModifiedFollowing',13002,'13Swap_2','Y','Y','USD-LIBOR-3M')
INSERT PortfolioLegNotionals (Notional,LegDataId,SeqId) VALUES ('33900000',13002,0)
INSERT PortfolioFloatingLegSpreads (Spread,LegDataId,SeqId) VALUES (0.0,13002,0)
INSERT PortfolioScheduleDataRules (StartDate,EndDate,Tenor,Calendar,Convention,TermConvention,RuleName,LegDataId,Id) VALUES ('2012-09-05','2025-09-05','3M','UK','ModifiedFollowing','ModifiedFollowing','Forward',13002,13002)

INSERT PortfolioTrades (TradeType,id,CounterParty,NettingSetId) VALUES ('Swaption','14Swaption_1_19','CPTY_A','14CPTY_A')
INSERT PortfolioAdditionalFields (GroupingId,TradeId) VALUES ('Example_14','14Swaption_1_19')
INSERT PortfolioSwaptionData (TradeId,OptionDataLongShort,OptionDataOptionType,OptionDataStyle,OptionDataSettlement,OptionDataPayOffAtExpiry) VALUES ('14Swaption_1_19','Long','Call','European','Cash','false')
INSERT PortfolioOptionExercises (ExerciseDate,TradeId) VALUES ('20170301','14Swaption_1_19')
INSERT PortfolioLegData (LegType,Payer,Currency,DayCounter,PaymentConvention,Id,TradeId) VALUES ('Fixed','false','EUR','A360','MF',14001,'14Swaption_1_19')
INSERT PortfolioLegNotionals (Notional,LegDataId,SeqId) VALUES (10000000.000000,14001,0)
INSERT PortfolioFixedLegCPIRates (Rate,LegDataId,SeqId) VALUES (0.021,14001,0)
INSERT PortfolioScheduleDataRules (StartDate,EndDate,Tenor,Calendar,Convention,TermConvention,RuleName,LegDataId,Id) VALUES ('20170301','20360301','1Y','TARGET','MF','MF','Forward',14001,14000)
INSERT PortfolioLegData (LegType,Payer,Currency,DayCounter,PaymentConvention,Id,TradeId,FloatingLegIndexName,FloatingLegIsInArrears,FloatingLegFixingDays) VALUES ('Floating','true','EUR','A360','MF',14002,'14Swaption_1_19','EUR-EURIBOR-6M','false',2)
INSERT PortfolioLegNotionals (Notional,LegDataId,SeqId) VALUES (10000000.000000,14002,0)
INSERT PortfolioFloatingLegSpreads (Spread,LegDataId,SeqId) VALUES (0.000000,14002,0)
INSERT PortfolioScheduleDataRules (StartDate,EndDate,Tenor,Calendar,Convention,TermConvention,RuleName,LegDataId,Id) VALUES ('20170301','20360301','6M','TARGET','MF','MF','Forward',14002,14001)

INSERT PortfolioTrades (TradeType,id,CounterParty,NettingSetId) VALUES ('Swaption','14Swaption_2_18','CPTY_A','14CPTY_A')
INSERT PortfolioAdditionalFields (GroupingId,TradeId) VALUES ('Example_14','14Swaption_2_18')
INSERT PortfolioSwaptionData (TradeId,OptionDataLongShort,OptionDataOptionType,OptionDataStyle,OptionDataSettlement,OptionDataPayOffAtExpiry) VALUES ('14Swaption_2_18','Long','Call','European','Cash','false')
INSERT PortfolioOptionExercises (ExerciseDate,TradeId) VALUES ('20180301','14Swaption_2_18')
INSERT PortfolioLegData (LegType,Payer,Currency,DayCounter,PaymentConvention,Id,TradeId) VALUES ('Fixed','false','EUR','A360','MF',14003,'14Swaption_2_18')
INSERT PortfolioLegNotionals (Notional,LegDataId,SeqId) VALUES (10000000.000000,14003,0)
INSERT PortfolioFixedLegCPIRates (Rate,LegDataId,SeqId) VALUES (0.021,14003,0)
INSERT PortfolioScheduleDataRules (StartDate,EndDate,Tenor,Calendar,Convention,TermConvention,RuleName,LegDataId,Id) VALUES ('20180301','20360301','1Y','TARGET','MF','MF','Forward',14003,14002)
INSERT PortfolioLegData (LegType,Payer,Currency,DayCounter,PaymentConvention,Id,TradeId,FloatingLegIndexName,FloatingLegIsInArrears,FloatingLegFixingDays) VALUES ('Floating','true','EUR','A360','MF',14004,'14Swaption_2_18','EUR-EURIBOR-6M','false',2)
INSERT PortfolioLegNotionals (Notional,LegDataId,SeqId) VALUES (10000000.000000,14004,0)
INSERT PortfolioFloatingLegSpreads (Spread,LegDataId,SeqId) VALUES (0.000000,14004,0)
INSERT PortfolioScheduleDataRules (StartDate,EndDate,Tenor,Calendar,Convention,TermConvention,RuleName,LegDataId,Id) VALUES ('20180301','20360301','6M','TARGET','MF','MF','Forward',14004,14003)

INSERT PortfolioTrades (TradeType,id,CounterParty,NettingSetId) VALUES ('Swaption','14Swaption_3_17','CPTY_A','14CPTY_A')
INSERT PortfolioAdditionalFields (GroupingId,TradeId) VALUES ('Example_14','14Swaption_3_17')
INSERT PortfolioSwaptionData (TradeId,OptionDataLongShort,OptionDataOptionType,OptionDataStyle,OptionDataSettlement,OptionDataPayOffAtExpiry) VALUES ('14Swaption_3_17','Long','Call','European','Cash','false')
INSERT PortfolioOptionExercises (ExerciseDate,TradeId) VALUES ('20190301','14Swaption_3_17')
INSERT PortfolioLegData (LegType,Payer,Currency,DayCounter,PaymentConvention,Id,TradeId) VALUES ('Fixed','false','EUR','A360','MF',14005,'14Swaption_3_17')
INSERT PortfolioLegNotionals (Notional,LegDataId,SeqId) VALUES (10000000.000000,14005,0)
INSERT PortfolioFixedLegCPIRates (Rate,LegDataId,SeqId) VALUES (0.021,14005,0)
INSERT PortfolioScheduleDataRules (StartDate,EndDate,Tenor,Calendar,Convention,TermConvention,RuleName,LegDataId,Id) VALUES ('20190301','20360301','1Y','TARGET','MF','MF','Forward',14005,14004)
INSERT PortfolioLegData (LegType,Payer,Currency,DayCounter,PaymentConvention,Id,TradeId,FloatingLegIndexName,FloatingLegIsInArrears,FloatingLegFixingDays) VALUES ('Floating','true','EUR','A360','MF',14006,'14Swaption_3_17','EUR-EURIBOR-6M','false',2)
INSERT PortfolioLegNotionals (Notional,LegDataId,SeqId) VALUES (10000000.000000,14006,0)
INSERT PortfolioFloatingLegSpreads (Spread,LegDataId,SeqId) VALUES (0.000000,14006,0)
INSERT PortfolioScheduleDataRules (StartDate,EndDate,Tenor,Calendar,Convention,TermConvention,RuleName,LegDataId,Id) VALUES ('20190301','20360301','6M','TARGET','MF','MF','Forward',14006,14005)

INSERT PortfolioTrades (TradeType,id,CounterParty,NettingSetId) VALUES ('Swaption','14Swaption_4_16','CPTY_A','14CPTY_A')
INSERT PortfolioAdditionalFields (GroupingId,TradeId) VALUES ('Example_14','14Swaption_4_16')
INSERT PortfolioSwaptionData (TradeId,OptionDataLongShort,OptionDataOptionType,OptionDataStyle,OptionDataSettlement,OptionDataPayOffAtExpiry) VALUES ('14Swaption_4_16','Long','Call','European','Cash','false')
INSERT PortfolioOptionExercises (ExerciseDate,TradeId) VALUES ('20200301','14Swaption_4_16')
INSERT PortfolioLegData (LegType,Payer,Currency,DayCounter,PaymentConvention,Id,TradeId) VALUES ('Fixed','false','EUR','A360','MF',14007,'14Swaption_4_16')
INSERT PortfolioLegNotionals (Notional,LegDataId,SeqId) VALUES (10000000.000000,14007,0)
INSERT PortfolioFixedLegCPIRates (Rate,LegDataId,SeqId) VALUES (0.021,14007,0)
INSERT PortfolioScheduleDataRules (StartDate,EndDate,Tenor,Calendar,Convention,TermConvention,RuleName,LegDataId,Id) VALUES ('20200301','20360301','1Y','TARGET','MF','MF','Forward',14007,14006)
INSERT PortfolioLegData (LegType,Payer,Currency,DayCounter,PaymentConvention,Id,TradeId,FloatingLegIndexName,FloatingLegIsInArrears,FloatingLegFixingDays) VALUES ('Floating','true','EUR','A360','MF',14008,'14Swaption_4_16','EUR-EURIBOR-6M','false',2)
INSERT PortfolioLegNotionals (Notional,LegDataId,SeqId) VALUES (10000000.000000,14008,0)
INSERT PortfolioFloatingLegSpreads (Spread,LegDataId,SeqId) VALUES (0.000000,14008,0)
INSERT PortfolioScheduleDataRules (StartDate,EndDate,Tenor,Calendar,Convention,TermConvention,RuleName,LegDataId,Id) VALUES ('20200301','20360301','6M','TARGET','MF','MF','Forward',14008,14007)

INSERT PortfolioTrades (TradeType,id,CounterParty,NettingSetId) VALUES ('Swaption','14Swaption_5_15','CPTY_A','14CPTY_A')
INSERT PortfolioAdditionalFields (GroupingId,TradeId) VALUES ('Example_14','14Swaption_5_15')
INSERT PortfolioSwaptionData (TradeId,OptionDataLongShort,OptionDataOptionType,OptionDataStyle,OptionDataSettlement,OptionDataPayOffAtExpiry) VALUES ('14Swaption_5_15','Long','Call','European','Cash','false')
INSERT PortfolioOptionExercises (ExerciseDate,TradeId) VALUES ('20210301','14Swaption_5_15')
INSERT PortfolioLegData (LegType,Payer,Currency,DayCounter,PaymentConvention,Id,TradeId) VALUES ('Fixed','false','EUR','A360','MF',14009,'14Swaption_5_15')
INSERT PortfolioLegNotionals (Notional,LegDataId,SeqId) VALUES (10000000.000000,14009,0)
INSERT PortfolioFixedLegCPIRates (Rate,LegDataId,SeqId) VALUES (0.021,14009,0)
INSERT PortfolioScheduleDataRules (StartDate,EndDate,Tenor,Calendar,Convention,TermConvention,RuleName,LegDataId,Id) VALUES ('20210301','20360301','1Y','TARGET','MF','MF','Forward',14009,14008)
INSERT PortfolioLegData (LegType,Payer,Currency,DayCounter,PaymentConvention,Id,TradeId,FloatingLegIndexName,FloatingLegIsInArrears,FloatingLegFixingDays) VALUES ('Floating','true','EUR','A360','MF',14010,'14Swaption_5_15','EUR-EURIBOR-6M','false',2)
INSERT PortfolioLegNotionals (Notional,LegDataId,SeqId) VALUES (10000000.000000,14010,0)
INSERT PortfolioFloatingLegSpreads (Spread,LegDataId,SeqId) VALUES (0.000000,14010,0)
INSERT PortfolioScheduleDataRules (StartDate,EndDate,Tenor,Calendar,Convention,TermConvention,RuleName,LegDataId,Id) VALUES ('20210301','20360301','6M','TARGET','MF','MF','Forward',14010,14009)

INSERT PortfolioTrades (TradeType,id,CounterParty,NettingSetId) VALUES ('Swaption','14Swaption_6_14','CPTY_A','14CPTY_A')
INSERT PortfolioAdditionalFields (GroupingId,TradeId) VALUES ('Example_14','14Swaption_6_14')
INSERT PortfolioSwaptionData (TradeId,OptionDataLongShort,OptionDataOptionType,OptionDataStyle,OptionDataSettlement,OptionDataPayOffAtExpiry) VALUES ('14Swaption_6_14','Long','Call','European','Cash','false')
INSERT PortfolioOptionExercises (ExerciseDate,TradeId) VALUES ('20220301','14Swaption_6_14')
INSERT PortfolioLegData (LegType,Payer,Currency,DayCounter,PaymentConvention,Id,TradeId) VALUES ('Fixed','false','EUR','A360','MF',14011,'14Swaption_6_14')
INSERT PortfolioLegNotionals (Notional,LegDataId,SeqId) VALUES (10000000.000000,14011,0)
INSERT PortfolioFixedLegCPIRates (Rate,LegDataId,SeqId) VALUES (0.021,14011,0)
INSERT PortfolioScheduleDataRules (StartDate,EndDate,Tenor,Calendar,Convention,TermConvention,RuleName,LegDataId,Id) VALUES ('20220301','20360301','1Y','TARGET','MF','MF','Forward',14011,14010)
INSERT PortfolioLegData (LegType,Payer,Currency,DayCounter,PaymentConvention,Id,TradeId,FloatingLegIndexName,FloatingLegIsInArrears,FloatingLegFixingDays) VALUES ('Floating','true','EUR','A360','MF',14012,'14Swaption_6_14','EUR-EURIBOR-6M','false',2)
INSERT PortfolioLegNotionals (Notional,LegDataId,SeqId) VALUES (10000000.000000,14012,0)
INSERT PortfolioFloatingLegSpreads (Spread,LegDataId,SeqId) VALUES (0.000000,14012,0)
INSERT PortfolioScheduleDataRules (StartDate,EndDate,Tenor,Calendar,Convention,TermConvention,RuleName,LegDataId,Id) VALUES ('20220301','20360301','6M','TARGET','MF','MF','Forward',14012,14011)

INSERT PortfolioTrades (TradeType,id,CounterParty,NettingSetId) VALUES ('Swaption','14Swaption_7_13','CPTY_A','14CPTY_A')
INSERT PortfolioAdditionalFields (GroupingId,TradeId) VALUES ('Example_14','14Swaption_7_13')
INSERT PortfolioSwaptionData (TradeId,OptionDataLongShort,OptionDataOptionType,OptionDataStyle,OptionDataSettlement,OptionDataPayOffAtExpiry) VALUES ('14Swaption_7_13','Long','Call','European','Cash','false')
INSERT PortfolioOptionExercises (ExerciseDate,TradeId) VALUES ('20230301','14Swaption_7_13')
INSERT PortfolioLegData (LegType,Payer,Currency,DayCounter,PaymentConvention,Id,TradeId) VALUES ('Fixed','false','EUR','A360','MF',14013,'14Swaption_7_13')
INSERT PortfolioLegNotionals (Notional,LegDataId,SeqId) VALUES (10000000.000000,14013,0)
INSERT PortfolioFixedLegCPIRates (Rate,LegDataId,SeqId) VALUES (0.021,14013,0)
INSERT PortfolioScheduleDataRules (StartDate,EndDate,Tenor,Calendar,Convention,TermConvention,RuleName,LegDataId,Id) VALUES ('20230301','20360301','1Y','TARGET','MF','MF','Forward',14013,14012)
INSERT PortfolioLegData (LegType,Payer,Currency,DayCounter,PaymentConvention,Id,TradeId,FloatingLegIndexName,FloatingLegIsInArrears,FloatingLegFixingDays) VALUES ('Floating','true','EUR','A360','MF',14014,'14Swaption_7_13','EUR-EURIBOR-6M','false',2)
INSERT PortfolioLegNotionals (Notional,LegDataId,SeqId) VALUES (10000000.000000,14014,0)
INSERT PortfolioFloatingLegSpreads (Spread,LegDataId,SeqId) VALUES (0.000000,14014,0)
INSERT PortfolioScheduleDataRules (StartDate,EndDate,Tenor,Calendar,Convention,TermConvention,RuleName,LegDataId,Id) VALUES ('20230301','20360301','6M','TARGET','MF','MF','Forward',14014,14013)

INSERT PortfolioTrades (TradeType,id,CounterParty,NettingSetId) VALUES ('Swaption','14Swaption_8_12','CPTY_A','14CPTY_A')
INSERT PortfolioAdditionalFields (GroupingId,TradeId) VALUES ('Example_14','14Swaption_8_12')
INSERT PortfolioSwaptionData (TradeId,OptionDataLongShort,OptionDataOptionType,OptionDataStyle,OptionDataSettlement,OptionDataPayOffAtExpiry) VALUES ('14Swaption_8_12','Long','Call','European','Cash','false')
INSERT PortfolioOptionExercises (ExerciseDate,TradeId) VALUES ('20240301','14Swaption_8_12')
INSERT PortfolioLegData (LegType,Payer,Currency,DayCounter,PaymentConvention,Id,TradeId) VALUES ('Fixed','false','EUR','A360','MF',14015,'14Swaption_8_12')
INSERT PortfolioLegNotionals (Notional,LegDataId,SeqId) VALUES (10000000.000000,14015,0)
INSERT PortfolioFixedLegCPIRates (Rate,LegDataId,SeqId) VALUES (0.021,14015,0)
INSERT PortfolioScheduleDataRules (StartDate,EndDate,Tenor,Calendar,Convention,TermConvention,RuleName,LegDataId,Id) VALUES ('20240301','20360301','1Y','TARGET','MF','MF','Forward',14015,14014)
INSERT PortfolioLegData (LegType,Payer,Currency,DayCounter,PaymentConvention,Id,TradeId,FloatingLegIndexName,FloatingLegIsInArrears,FloatingLegFixingDays) VALUES ('Floating','true','EUR','A360','MF',14016,'14Swaption_8_12','EUR-EURIBOR-6M','false',2)
INSERT PortfolioLegNotionals (Notional,LegDataId,SeqId) VALUES (10000000.000000,14016,0)
INSERT PortfolioFloatingLegSpreads (Spread,LegDataId,SeqId) VALUES (0.000000,14016,0)
INSERT PortfolioScheduleDataRules (StartDate,EndDate,Tenor,Calendar,Convention,TermConvention,RuleName,LegDataId,Id) VALUES ('20240301','20360301','6M','TARGET','MF','MF','Forward',14016,14015)

INSERT PortfolioTrades (TradeType,id,CounterParty,NettingSetId) VALUES ('Swaption','14Swaption_9_11','CPTY_A','14CPTY_A')
INSERT PortfolioAdditionalFields (GroupingId,TradeId) VALUES ('Example_14','14Swaption_9_11')
INSERT PortfolioSwaptionData (TradeId,OptionDataLongShort,OptionDataOptionType,OptionDataStyle,OptionDataSettlement,OptionDataPayOffAtExpiry) VALUES ('14Swaption_9_11','Long','Call','European','Cash','false')
INSERT PortfolioOptionExercises (ExerciseDate,TradeId) VALUES ('20250301','14Swaption_9_11')
INSERT PortfolioLegData (LegType,Payer,Currency,DayCounter,PaymentConvention,Id,TradeId) VALUES ('Fixed','false','EUR','A360','MF',14017,'14Swaption_9_11')
INSERT PortfolioLegNotionals (Notional,LegDataId,SeqId) VALUES (10000000.000000,14017,0)
INSERT PortfolioFixedLegCPIRates (Rate,LegDataId,SeqId) VALUES (0.021,14017,0)
INSERT PortfolioScheduleDataRules (StartDate,EndDate,Tenor,Calendar,Convention,TermConvention,RuleName,LegDataId,Id) VALUES ('20250301','20360301','1Y','TARGET','MF','MF','Forward',14017,14016)
INSERT PortfolioLegData (LegType,Payer,Currency,DayCounter,PaymentConvention,Id,TradeId,FloatingLegIndexName,FloatingLegIsInArrears,FloatingLegFixingDays) VALUES ('Floating','true','EUR','A360','MF',14018,'14Swaption_9_11','EUR-EURIBOR-6M','false',2)
INSERT PortfolioLegNotionals (Notional,LegDataId,SeqId) VALUES (10000000.000000,14018,0)
INSERT PortfolioFloatingLegSpreads (Spread,LegDataId,SeqId) VALUES (0.000000,14018,0)
INSERT PortfolioScheduleDataRules (StartDate,EndDate,Tenor,Calendar,Convention,TermConvention,RuleName,LegDataId,Id) VALUES ('20250301','20360301','6M','TARGET','MF','MF','Forward',14018,14017)

INSERT PortfolioTrades (TradeType,id,CounterParty,NettingSetId) VALUES ('Swaption','14Swaption_10_10','CPTY_A','14CPTY_A')
INSERT PortfolioAdditionalFields (GroupingId,TradeId) VALUES ('Example_14','14Swaption_10_10')
INSERT PortfolioSwaptionData (TradeId,OptionDataLongShort,OptionDataOptionType,OptionDataStyle,OptionDataSettlement,OptionDataPayOffAtExpiry) VALUES ('14Swaption_10_10','Long','Call','European','Cash','false')
INSERT PortfolioOptionExercises (ExerciseDate,TradeId) VALUES ('20260301','14Swaption_10_10')
INSERT PortfolioLegData (LegType,Payer,Currency,DayCounter,PaymentConvention,Id,TradeId) VALUES ('Fixed','false','EUR','A360','MF',14019,'14Swaption_10_10')
INSERT PortfolioLegNotionals (Notional,LegDataId,SeqId) VALUES (10000000.000000,14019,0)
INSERT PortfolioFixedLegCPIRates (Rate,LegDataId,SeqId) VALUES (0.021,14019,0)
INSERT PortfolioScheduleDataRules (StartDate,EndDate,Tenor,Calendar,Convention,TermConvention,RuleName,LegDataId,Id) VALUES ('20260301','20360301','1Y','TARGET','MF','MF','Forward',14019,14018)
INSERT PortfolioLegData (LegType,Payer,Currency,DayCounter,PaymentConvention,Id,TradeId,FloatingLegIndexName,FloatingLegIsInArrears,FloatingLegFixingDays) VALUES ('Floating','true','EUR','A360','MF',14020,'14Swaption_10_10','EUR-EURIBOR-6M','false',2)
INSERT PortfolioLegNotionals (Notional,LegDataId,SeqId) VALUES (10000000.000000,14020,0)
INSERT PortfolioFloatingLegSpreads (Spread,LegDataId,SeqId) VALUES (0.000000,14020,0)
INSERT PortfolioScheduleDataRules (StartDate,EndDate,Tenor,Calendar,Convention,TermConvention,RuleName,LegDataId,Id) VALUES ('20260301','20360301','6M','TARGET','MF','MF','Forward',14020,14019)

INSERT PortfolioTrades (TradeType,id,CounterParty,NettingSetId) VALUES ('Swaption','14Swaption_11_9','CPTY_A','14CPTY_A')
INSERT PortfolioAdditionalFields (GroupingId,TradeId) VALUES ('Example_14','14Swaption_11_9')
INSERT PortfolioSwaptionData (TradeId,OptionDataLongShort,OptionDataOptionType,OptionDataStyle,OptionDataSettlement,OptionDataPayOffAtExpiry) VALUES ('14Swaption_11_9','Long','Call','European','Cash','false')
INSERT PortfolioOptionExercises (ExerciseDate,TradeId) VALUES ('20270301','14Swaption_11_9')
INSERT PortfolioLegData (LegType,Payer,Currency,DayCounter,PaymentConvention,Id,TradeId) VALUES ('Fixed','false','EUR','A360','MF',14021,'14Swaption_11_9')
INSERT PortfolioLegNotionals (Notional,LegDataId,SeqId) VALUES (10000000.000000,14021,0)
INSERT PortfolioFixedLegCPIRates (Rate,LegDataId,SeqId) VALUES (0.021,14021,0)
INSERT PortfolioScheduleDataRules (StartDate,EndDate,Tenor,Calendar,Convention,TermConvention,RuleName,LegDataId,Id) VALUES ('20270301','20360301','1Y','TARGET','MF','MF','Forward',14021,14020)
INSERT PortfolioLegData (LegType,Payer,Currency,DayCounter,PaymentConvention,Id,TradeId,FloatingLegIndexName,FloatingLegIsInArrears,FloatingLegFixingDays) VALUES ('Floating','true','EUR','A360','MF',14022,'14Swaption_11_9','EUR-EURIBOR-6M','false',2)
INSERT PortfolioLegNotionals (Notional,LegDataId,SeqId) VALUES (10000000.000000,14022,0)
INSERT PortfolioFloatingLegSpreads (Spread,LegDataId,SeqId) VALUES (0.000000,14022,0)
INSERT PortfolioScheduleDataRules (StartDate,EndDate,Tenor,Calendar,Convention,TermConvention,RuleName,LegDataId,Id) VALUES ('20270301','20360301','6M','TARGET','MF','MF','Forward',14022,14021)

INSERT PortfolioTrades (TradeType,id,CounterParty,NettingSetId) VALUES ('Swaption','14Swaption_12_8','CPTY_A','14CPTY_A')
INSERT PortfolioAdditionalFields (GroupingId,TradeId) VALUES ('Example_14','14Swaption_12_8')
INSERT PortfolioSwaptionData (TradeId,OptionDataLongShort,OptionDataOptionType,OptionDataStyle,OptionDataSettlement,OptionDataPayOffAtExpiry) VALUES ('14Swaption_12_8','Long','Call','European','Cash','false')
INSERT PortfolioOptionExercises (ExerciseDate,TradeId) VALUES ('20280301','14Swaption_12_8')
INSERT PortfolioLegData (LegType,Payer,Currency,DayCounter,PaymentConvention,Id,TradeId) VALUES ('Fixed','false','EUR','A360','MF',14023,'14Swaption_12_8')
INSERT PortfolioLegNotionals (Notional,LegDataId,SeqId) VALUES (10000000.000000,14023,0)
INSERT PortfolioFixedLegCPIRates (Rate,LegDataId,SeqId) VALUES (0.021,14023,0)
INSERT PortfolioScheduleDataRules (StartDate,EndDate,Tenor,Calendar,Convention,TermConvention,RuleName,LegDataId,Id) VALUES ('20280301','20360301','1Y','TARGET','MF','MF','Forward',14023,14022)
INSERT PortfolioLegData (LegType,Payer,Currency,DayCounter,PaymentConvention,Id,TradeId,FloatingLegIndexName,FloatingLegIsInArrears,FloatingLegFixingDays) VALUES ('Floating','true','EUR','A360','MF',14024,'14Swaption_12_8','EUR-EURIBOR-6M','false',2)
INSERT PortfolioLegNotionals (Notional,LegDataId,SeqId) VALUES (10000000.000000,14024,0)
INSERT PortfolioFloatingLegSpreads (Spread,LegDataId,SeqId) VALUES (0.000000,14024,0)
INSERT PortfolioScheduleDataRules (StartDate,EndDate,Tenor,Calendar,Convention,TermConvention,RuleName,LegDataId,Id) VALUES ('20280301','20360301','6M','TARGET','MF','MF','Forward',14024,14023)

INSERT PortfolioTrades (TradeType,id,CounterParty,NettingSetId) VALUES ('Swaption','14Swaption_13_7','CPTY_A','14CPTY_A')
INSERT PortfolioAdditionalFields (GroupingId,TradeId) VALUES ('Example_14','14Swaption_13_7')
INSERT PortfolioSwaptionData (TradeId,OptionDataLongShort,OptionDataOptionType,OptionDataStyle,OptionDataSettlement,OptionDataPayOffAtExpiry) VALUES ('14Swaption_13_7','Long','Call','European','Cash','false')
INSERT PortfolioOptionExercises (ExerciseDate,TradeId) VALUES ('20290301','14Swaption_13_7')
INSERT PortfolioLegData (LegType,Payer,Currency,DayCounter,PaymentConvention,Id,TradeId) VALUES ('Fixed','false','EUR','A360','MF',14025,'14Swaption_13_7')
INSERT PortfolioLegNotionals (Notional,LegDataId,SeqId) VALUES (10000000.000000,14025,0)
INSERT PortfolioFixedLegCPIRates (Rate,LegDataId,SeqId) VALUES (0.021,14025,0)
INSERT PortfolioScheduleDataRules (StartDate,EndDate,Tenor,Calendar,Convention,TermConvention,RuleName,LegDataId,Id) VALUES ('20290301','20360301','1Y','TARGET','MF','MF','Forward',14025,14024)
INSERT PortfolioLegData (LegType,Payer,Currency,DayCounter,PaymentConvention,Id,TradeId,FloatingLegIndexName,FloatingLegIsInArrears,FloatingLegFixingDays) VALUES ('Floating','true','EUR','A360','MF',14026,'14Swaption_13_7','EUR-EURIBOR-6M','false',2)
INSERT PortfolioLegNotionals (Notional,LegDataId,SeqId) VALUES (10000000.000000,14026,0)
INSERT PortfolioFloatingLegSpreads (Spread,LegDataId,SeqId) VALUES (0.000000,14026,0)
INSERT PortfolioScheduleDataRules (StartDate,EndDate,Tenor,Calendar,Convention,TermConvention,RuleName,LegDataId,Id) VALUES ('20290301','20360301','6M','TARGET','MF','MF','Forward',14026,14025)

INSERT PortfolioTrades (TradeType,id,CounterParty,NettingSetId) VALUES ('Swaption','14Swaption_14_6','CPTY_A','14CPTY_A')
INSERT PortfolioAdditionalFields (GroupingId,TradeId) VALUES ('Example_14','14Swaption_14_6')
INSERT PortfolioSwaptionData (TradeId,OptionDataLongShort,OptionDataOptionType,OptionDataStyle,OptionDataSettlement,OptionDataPayOffAtExpiry) VALUES ('14Swaption_14_6','Long','Call','European','Cash','false')
INSERT PortfolioOptionExercises (ExerciseDate,TradeId) VALUES ('20300301','14Swaption_14_6')
INSERT PortfolioLegData (LegType,Payer,Currency,DayCounter,PaymentConvention,Id,TradeId) VALUES ('Fixed','false','EUR','A360','MF',14027,'14Swaption_14_6')
INSERT PortfolioLegNotionals (Notional,LegDataId,SeqId) VALUES (10000000.000000,14027,0)
INSERT PortfolioFixedLegCPIRates (Rate,LegDataId,SeqId) VALUES (0.021,14027,0)
INSERT PortfolioScheduleDataRules (StartDate,EndDate,Tenor,Calendar,Convention,TermConvention,RuleName,LegDataId,Id) VALUES ('20300301','20360301','1Y','TARGET','MF','MF','Forward',14027,14026)
INSERT PortfolioLegData (LegType,Payer,Currency,DayCounter,PaymentConvention,Id,TradeId,FloatingLegIndexName,FloatingLegIsInArrears,FloatingLegFixingDays) VALUES ('Floating','true','EUR','A360','MF',14028,'14Swaption_14_6','EUR-EURIBOR-6M','false',2)
INSERT PortfolioLegNotionals (Notional,LegDataId,SeqId) VALUES (10000000.000000,14028,0)
INSERT PortfolioFloatingLegSpreads (Spread,LegDataId,SeqId) VALUES (0.000000,14028,0)
INSERT PortfolioScheduleDataRules (StartDate,EndDate,Tenor,Calendar,Convention,TermConvention,RuleName,LegDataId,Id) VALUES ('20300301','20360301','6M','TARGET','MF','MF','Forward',14028,14027)

INSERT PortfolioTrades (TradeType,id,CounterParty,NettingSetId) VALUES ('Swaption','14Swaption_15_5','CPTY_A','14CPTY_A')
INSERT PortfolioAdditionalFields (GroupingId,TradeId) VALUES ('Example_14','14Swaption_15_5')
INSERT PortfolioSwaptionData (TradeId,OptionDataLongShort,OptionDataOptionType,OptionDataStyle,OptionDataSettlement,OptionDataPayOffAtExpiry) VALUES ('14Swaption_15_5','Long','Call','European','Cash','false')
INSERT PortfolioOptionExercises (ExerciseDate,TradeId) VALUES ('20310301','14Swaption_15_5')
INSERT PortfolioLegData (LegType,Payer,Currency,DayCounter,PaymentConvention,Id,TradeId) VALUES ('Fixed','false','EUR','A360','MF',14029,'14Swaption_15_5')
INSERT PortfolioLegNotionals (Notional,LegDataId,SeqId) VALUES (10000000.000000,14029,0)
INSERT PortfolioFixedLegCPIRates (Rate,LegDataId,SeqId) VALUES (0.021,14029,0)
INSERT PortfolioScheduleDataRules (StartDate,EndDate,Tenor,Calendar,Convention,TermConvention,RuleName,LegDataId,Id) VALUES ('20310301','20360301','1Y','TARGET','MF','MF','Forward',14029,14028)
INSERT PortfolioLegData (LegType,Payer,Currency,DayCounter,PaymentConvention,Id,TradeId,FloatingLegIndexName,FloatingLegIsInArrears,FloatingLegFixingDays) VALUES ('Floating','true','EUR','A360','MF',14030,'14Swaption_15_5','EUR-EURIBOR-6M','false',2)
INSERT PortfolioLegNotionals (Notional,LegDataId,SeqId) VALUES (10000000.000000,14030,0)
INSERT PortfolioFloatingLegSpreads (Spread,LegDataId,SeqId) VALUES (0.000000,14030,0)
INSERT PortfolioScheduleDataRules (StartDate,EndDate,Tenor,Calendar,Convention,TermConvention,RuleName,LegDataId,Id) VALUES ('20310301','20360301','6M','TARGET','MF','MF','Forward',14030,14029)

INSERT PortfolioTrades (TradeType,id,CounterParty,NettingSetId) VALUES ('Swaption','14Swaption_16_4','CPTY_A','14CPTY_A')
INSERT PortfolioAdditionalFields (GroupingId,TradeId) VALUES ('Example_14','14Swaption_16_4')
INSERT PortfolioSwaptionData (TradeId,OptionDataLongShort,OptionDataOptionType,OptionDataStyle,OptionDataSettlement,OptionDataPayOffAtExpiry) VALUES ('14Swaption_16_4','Long','Call','European','Cash','false')
INSERT PortfolioOptionExercises (ExerciseDate,TradeId) VALUES ('20320301','14Swaption_16_4')
INSERT PortfolioLegData (LegType,Payer,Currency,DayCounter,PaymentConvention,Id,TradeId) VALUES ('Fixed','false','EUR','A360','MF',14031,'14Swaption_16_4')
INSERT PortfolioLegNotionals (Notional,LegDataId,SeqId) VALUES (10000000.000000,14031,0)
INSERT PortfolioFixedLegCPIRates (Rate,LegDataId,SeqId) VALUES (0.021,14031,0)
INSERT PortfolioScheduleDataRules (StartDate,EndDate,Tenor,Calendar,Convention,TermConvention,RuleName,LegDataId,Id) VALUES ('20320301','20360301','1Y','TARGET','MF','MF','Forward',14031,14030)
INSERT PortfolioLegData (LegType,Payer,Currency,DayCounter,PaymentConvention,Id,TradeId,FloatingLegIndexName,FloatingLegIsInArrears,FloatingLegFixingDays) VALUES ('Floating','true','EUR','A360','MF',14032,'14Swaption_16_4','EUR-EURIBOR-6M','false',2)
INSERT PortfolioLegNotionals (Notional,LegDataId,SeqId) VALUES (10000000.000000,14032,0)
INSERT PortfolioFloatingLegSpreads (Spread,LegDataId,SeqId) VALUES (0.000000,14032,0)
INSERT PortfolioScheduleDataRules (StartDate,EndDate,Tenor,Calendar,Convention,TermConvention,RuleName,LegDataId,Id) VALUES ('20320301','20360301','6M','TARGET','MF','MF','Forward',14032,14031)

INSERT PortfolioTrades (TradeType,id,CounterParty,NettingSetId) VALUES ('Swaption','14Swaption_17_3','CPTY_A','14CPTY_A')
INSERT PortfolioAdditionalFields (GroupingId,TradeId) VALUES ('Example_14','14Swaption_17_3')
INSERT PortfolioSwaptionData (TradeId,OptionDataLongShort,OptionDataOptionType,OptionDataStyle,OptionDataSettlement,OptionDataPayOffAtExpiry) VALUES ('14Swaption_17_3','Long','Call','European','Cash','false')
INSERT PortfolioOptionExercises (ExerciseDate,TradeId) VALUES ('20330301','14Swaption_17_3')
INSERT PortfolioLegData (LegType,Payer,Currency,DayCounter,PaymentConvention,Id,TradeId) VALUES ('Fixed','false','EUR','A360','MF',14033,'14Swaption_17_3')
INSERT PortfolioLegNotionals (Notional,LegDataId,SeqId) VALUES (10000000.000000,14033,0)
INSERT PortfolioFixedLegCPIRates (Rate,LegDataId,SeqId) VALUES (0.021,14033,0)
INSERT PortfolioScheduleDataRules (StartDate,EndDate,Tenor,Calendar,Convention,TermConvention,RuleName,LegDataId,Id) VALUES ('20330301','20360301','1Y','TARGET','MF','MF','Forward',14033,14032)
INSERT PortfolioLegData (LegType,Payer,Currency,DayCounter,PaymentConvention,Id,TradeId,FloatingLegIndexName,FloatingLegIsInArrears,FloatingLegFixingDays) VALUES ('Floating','true','EUR','A360','MF',14034,'14Swaption_17_3','EUR-EURIBOR-6M','false',2)
INSERT PortfolioLegNotionals (Notional,LegDataId,SeqId) VALUES (10000000.000000,14034,0)
INSERT PortfolioFloatingLegSpreads (Spread,LegDataId,SeqId) VALUES (0.000000,14034,0)
INSERT PortfolioScheduleDataRules (StartDate,EndDate,Tenor,Calendar,Convention,TermConvention,RuleName,LegDataId,Id) VALUES ('20330301','20360301','6M','TARGET','MF','MF','Forward',14034,14033)

INSERT PortfolioTrades (TradeType,id,CounterParty,NettingSetId) VALUES ('Swaption','14Swaption_18_2','CPTY_A','14CPTY_A')
INSERT PortfolioAdditionalFields (GroupingId,TradeId) VALUES ('Example_14','14Swaption_18_2')
INSERT PortfolioSwaptionData (TradeId,OptionDataLongShort,OptionDataOptionType,OptionDataStyle,OptionDataSettlement,OptionDataPayOffAtExpiry) VALUES ('14Swaption_18_2','Long','Call','European','Cash','false')
INSERT PortfolioOptionExercises (ExerciseDate,TradeId) VALUES ('20340301','14Swaption_18_2')
INSERT PortfolioLegData (LegType,Payer,Currency,DayCounter,PaymentConvention,Id,TradeId) VALUES ('Fixed','false','EUR','A360','MF',14035,'14Swaption_18_2')
INSERT PortfolioLegNotionals (Notional,LegDataId,SeqId) VALUES (10000000.000000,14035,0)
INSERT PortfolioFixedLegCPIRates (Rate,LegDataId,SeqId) VALUES (0.021,14035,0)
INSERT PortfolioScheduleDataRules (StartDate,EndDate,Tenor,Calendar,Convention,TermConvention,RuleName,LegDataId,Id) VALUES ('20340301','20360301','1Y','TARGET','MF','MF','Forward',14035,14034)
INSERT PortfolioLegData (LegType,Payer,Currency,DayCounter,PaymentConvention,Id,TradeId,FloatingLegIndexName,FloatingLegIsInArrears,FloatingLegFixingDays) VALUES ('Floating','true','EUR','A360','MF',14036,'14Swaption_18_2','EUR-EURIBOR-6M','false',2)
INSERT PortfolioLegNotionals (Notional,LegDataId,SeqId) VALUES (10000000.000000,14036,0)
INSERT PortfolioFloatingLegSpreads (Spread,LegDataId,SeqId) VALUES (0.000000,14036,0)
INSERT PortfolioScheduleDataRules (StartDate,EndDate,Tenor,Calendar,Convention,TermConvention,RuleName,LegDataId,Id) VALUES ('20340301','20360301','6M','TARGET','MF','MF','Forward',14036,14035)

INSERT PortfolioTrades (TradeType,id,CounterParty,NettingSetId) VALUES ('Swaption','14Swaption_19_1','CPTY_A','14CPTY_A')
INSERT PortfolioAdditionalFields (GroupingId,TradeId) VALUES ('Example_14','14Swaption_19_1')
INSERT PortfolioSwaptionData (TradeId,OptionDataLongShort,OptionDataOptionType,OptionDataStyle,OptionDataSettlement,OptionDataPayOffAtExpiry) VALUES ('14Swaption_19_1','Long','Call','European','Cash','false')
INSERT PortfolioOptionExercises (ExerciseDate,TradeId) VALUES ('20350301','14Swaption_19_1')
INSERT PortfolioLegData (LegType,Payer,Currency,DayCounter,PaymentConvention,Id,TradeId) VALUES ('Fixed','false','EUR','A360','MF',14037,'14Swaption_19_1')
INSERT PortfolioLegNotionals (Notional,LegDataId,SeqId) VALUES (10000000.000000,14037,0)
INSERT PortfolioFixedLegCPIRates (Rate,LegDataId,SeqId) VALUES (0.021,14037,0)
INSERT PortfolioScheduleDataRules (StartDate,EndDate,Tenor,Calendar,Convention,TermConvention,RuleName,LegDataId,Id) VALUES ('20350301','20360301','1Y','TARGET','MF','MF','Forward',14037,14036)
INSERT PortfolioLegData (LegType,Payer,Currency,DayCounter,PaymentConvention,Id,TradeId,FloatingLegIndexName,FloatingLegIsInArrears,FloatingLegFixingDays) VALUES ('Floating','true','EUR','A360','MF',14038,'14Swaption_19_1','EUR-EURIBOR-6M','false',2)
INSERT PortfolioLegNotionals (Notional,LegDataId,SeqId) VALUES (10000000.000000,14038,0)
INSERT PortfolioFloatingLegSpreads (Spread,LegDataId,SeqId) VALUES (0.000000,14038,0)
INSERT PortfolioScheduleDataRules (StartDate,EndDate,Tenor,Calendar,Convention,TermConvention,RuleName,LegDataId,Id) VALUES ('20350301','20360301','6M','TARGET','MF','MF','Forward',14038,14037)

INSERT PortfolioTrades (TradeType,id,CounterParty,NettingSetId) VALUES ('Swap','15SWAP_EUR','CPTY_A','15CPTY_A')
INSERT PortfolioAdditionalFields (GroupingId,TradeId) VALUES ('Example_15','15SWAP_EUR')
INSERT PortfolioSwapData (TradeId) VALUES ('15SWAP_EUR')
INSERT PortfolioLegData (LegType,Payer,Currency,DayCounter,PaymentConvention,Id,TradeId) VALUES ('Fixed','false','EUR','30/360','F',15001,'15SWAP_EUR')
INSERT PortfolioLegNotionals (Notional,LegDataId,SeqId) VALUES (10000000.000000,15001,0)
INSERT PortfolioFixedLegCPIRates (Rate,LegDataId,SeqId) VALUES (0.009851,15001,0)
INSERT PortfolioScheduleDataRules (StartDate,EndDate,Tenor,Calendar,Convention,TermConvention,RuleName,LegDataId,Id) VALUES ('20160209','20360209','1Y','TARGET','F','F','Forward',15001,15000)
INSERT PortfolioLegData (LegType,Payer,Currency,DayCounter,PaymentConvention,Id,TradeId,FloatingLegIndexName,FloatingLegIsInArrears,FloatingLegFixingDays) VALUES ('Floating','true','EUR','A360','MF',15002,'15SWAP_EUR','EUR-EURIBOR-6M','false',2)
INSERT PortfolioLegNotionals (Notional,LegDataId,SeqId) VALUES (10000000.000000,15002,0)
INSERT PortfolioFloatingLegSpreads (Spread,LegDataId,SeqId) VALUES (0.000000,15002,0)
INSERT PortfolioScheduleDataRules (StartDate,EndDate,Tenor,Calendar,Convention,TermConvention,RuleName,LegDataId,Id) VALUES ('20160209','20360209','6M','TARGET','MF','MF','Forward',15002,15001)

INSERT PortfolioTrades (TradeType,id,CounterParty,NettingSetId) VALUES ('Swap','15CC_SWAP_EUR_USD','CPTY_A','15CPTY_A')
INSERT PortfolioAdditionalFields (GroupingId,TradeId) VALUES ('Example_15','15CC_SWAP_EUR_USD')
INSERT PortfolioSwapData (TradeId) VALUES ('15CC_SWAP_EUR_USD')
INSERT PortfolioLegData (LegType,Payer,Currency,DayCounter,PaymentConvention,Id,TradeId,NotionalInitialExchange,NotionalFinalExchange,FloatingLegIndexName,FloatingLegIsInArrears,FloatingLegFixingDays) VALUES ('Floating','false','USD','A360','MF',15003,'15CC_SWAP_EUR_USD','true','true','USD-LIBOR-6M','false',2)
INSERT PortfolioLegNotionals (Notional,LegDataId,SeqId) VALUES (100000000,15003,0)
INSERT PortfolioFloatingLegSpreads (Spread,LegDataId,SeqId) VALUES (0.000000,15003,0)
INSERT PortfolioScheduleDataRules (StartDate,EndDate,Tenor,Calendar,Convention,TermConvention,RuleName,LegDataId,Id) VALUES ('20160205','20260205','6M','TARGET','MF','MF','Forward',15003,15002)
INSERT PortfolioLegData (LegType,Payer,Currency,DayCounter,PaymentConvention,Id,TradeId,NotionalInitialExchange,NotionalFinalExchange,FloatingLegIndexName,FloatingLegIsInArrears,FloatingLegFixingDays) VALUES ('Floating','true','EUR','A360','MF',15004,'15CC_SWAP_EUR_USD','true','true','EUR-EURIBOR-6M','false',2)
INSERT PortfolioLegNotionals (Notional,LegDataId,SeqId) VALUES (88312931.57,15004,0)
INSERT PortfolioFloatingLegSpreads (Spread,LegDataId,SeqId) VALUES (0.015,15004,0)
INSERT PortfolioScheduleDataRules (StartDate,EndDate,Tenor,Calendar,Convention,TermConvention,RuleName,LegDataId,Id) VALUES ('20160205','20260205','6M','TARGET','MF','MF','Forward',15004,15003)

INSERT PortfolioTrades (TradeType,id,CounterParty,NettingSetId) VALUES ('Swap','15CC_SWAP_EUR_USD_RESET','CPTY_A','15CPTY_A')
INSERT PortfolioAdditionalFields (GroupingId,TradeId) VALUES ('Example_15','15CC_SWAP_EUR_USD_RESET')
INSERT PortfolioSwapData (TradeId) VALUES ('15CC_SWAP_EUR_USD_RESET')
INSERT PortfolioLegData (LegType,Payer,Currency,DayCounter,PaymentConvention,Id,TradeId,NotionalInitialExchange,NotionalFinalExchange,FloatingLegIndexName,FloatingLegIsInArrears,FloatingLegFixingDays) VALUES ('Floating','false','USD','A360','MF',15005,'15CC_SWAP_EUR_USD_RESET','true','true','USD-LIBOR-6M','false',2)
INSERT PortfolioLegNotionals (Notional,LegDataId,SeqId) VALUES (100000000,15005,0)
INSERT PortfolioFloatingLegSpreads (Spread,LegDataId,SeqId) VALUES (0.000000,15005,0)
INSERT PortfolioScheduleDataRules (StartDate,EndDate,Tenor,Calendar,Convention,TermConvention,RuleName,LegDataId,Id) VALUES ('20160205','20260205','6M','TARGET','MF','MF','Forward',15005,15004)
INSERT PortfolioLegData (LegType,Payer,Currency,DayCounter,PaymentConvention,Id,TradeId,NotionalInitialExchange,NotionalFinalExchange,FXResetForeignCurrency,FXResetForeignAmount,FXResetFXIndex,FXResetFixingDays,FloatingLegIndexName,FloatingLegIsInArrears,FloatingLegFixingDays) VALUES ('Floating','true','EUR','A360','MF',15006,'15CC_SWAP_EUR_USD_RESET','true','true','USD',100000000,'FX-ECB-EUR-USD',2,'EUR-EURIBOR-6M','false',2)
INSERT PortfolioLegNotionals (Notional,LegDataId,SeqId) VALUES (88312931.57,15006,0)
INSERT PortfolioFloatingLegSpreads (Spread,LegDataId,SeqId) VALUES (0.015,15006,0)
INSERT PortfolioScheduleDataRules (StartDate,EndDate,Tenor,Calendar,Convention,TermConvention,RuleName,LegDataId,Id) VALUES ('20160205','20260205','6M','TARGET','MF','MF','Forward',15006,15005)

INSERT PortfolioTrades (TradeType,id,CounterParty,NettingSetId) VALUES ('FxForward','15FXFWD_EURUSD_10Y','CPTY_A','15CPTY_A')
INSERT PortfolioAdditionalFields (GroupingId,TradeId) VALUES ('Example_15','15FXFWD_EURUSD_10Y')
INSERT PortfolioFxForwardData (ValueDate,BoughtCurrency,BoughtAmount,SoldCurrency,SoldAmount,TradeId) VALUES ('2026-03-01','EUR',1000000,'USD',1100000,'15FXFWD_EURUSD_10Y')

INSERT PortfolioTrades (TradeType,id,CounterParty,NettingSetId) VALUES ('FxOption','15FX_CALL_OPTION','CPTY_A','15CPTY_A')
INSERT PortfolioAdditionalFields (GroupingId,TradeId) VALUES ('Example_15','15FX_CALL_OPTION')
INSERT PortfolioFxOptionData (BoughtCurrency,BoughtAmount,SoldCurrency,SoldAmount,TradeId,OptionDataLongShort,OptionDataOptionType,OptionDataStyle,OptionDataSettlement,OptionDataPayOffAtExpiry) VALUES ('EUR',1000000,'USD',1100000,'15FX_CALL_OPTION','Long','Call','European','Cash','false')
INSERT PortfolioOptionExercises (ExerciseDate,TradeId) VALUES ('2026-03-01','15FX_CALL_OPTION')

INSERT PortfolioTrades (TradeType,id,CounterParty,NettingSetId) VALUES ('FxOption','15FX_PUT_OPTION','CPTY_A','15CPTY_A')
INSERT PortfolioAdditionalFields (GroupingId,TradeId) VALUES ('Example_15','15FX_PUT_OPTION')
INSERT PortfolioFxOptionData (BoughtCurrency,BoughtAmount,SoldCurrency,SoldAmount,TradeId,OptionDataLongShort,OptionDataOptionType,OptionDataStyle,OptionDataSettlement,OptionDataPayOffAtExpiry) VALUES ('EUR',1000000,'USD',1100000,'15FX_PUT_OPTION','Long','Put','European','Cash','false')
INSERT PortfolioOptionExercises (ExerciseDate,TradeId) VALUES ('2026-03-01','15FX_PUT_OPTION')

INSERT PortfolioTrades (TradeType,id,CounterParty,NettingSetId) VALUES ('Swaption','15EUROPEAN_SWAPTION','CPTY_A','15CPTY_A')
INSERT PortfolioAdditionalFields (GroupingId,TradeId) VALUES ('Example_15','15EUROPEAN_SWAPTION')
INSERT PortfolioSwaptionData (TradeId,OptionDataLongShort,OptionDataOptionType,OptionDataStyle,OptionDataSettlement,OptionDataPayOffAtExpiry) VALUES ('15EUROPEAN_SWAPTION','Short','Call','European','Physical','false')
INSERT PortfolioOptionExercises (ExerciseDate,TradeId) VALUES ('2028-10-01','15EUROPEAN_SWAPTION')
INSERT PortfolioLegData (LegType,Payer,Currency,DayCounter,PaymentConvention,Id,TradeId,FloatingLegIndexName) VALUES ('Floating','true','EUR','A360','ModifiedFollowing',15007,'15EUROPEAN_SWAPTION','EUR-EURIBOR-3M')
INSERT PortfolioLegNotionals (Notional,LegDataId,SeqId) VALUES ('10000000',15007,0)
INSERT PortfolioFloatingLegSpreads (Spread,LegDataId,SeqId) VALUES (0.0,15007,0)
INSERT PortfolioScheduleDataRules (StartDate,EndDate,Tenor,Calendar,Convention,TermConvention,RuleName,LegDataId,Id) VALUES ('2028-10-01','2038-10-01','3M','TARGET','ModifiedFollowing','ModifiedFollowing','Forward',15007,15006)
INSERT PortfolioLegData (LegType,Payer,Currency,DayCounter,PaymentConvention,Id,TradeId) VALUES ('Fixed','false','EUR','ACT/ACT','Following',15008,'15EUROPEAN_SWAPTION')
INSERT PortfolioLegNotionals (Notional,LegDataId,SeqId) VALUES ('10000000',15008,0)
INSERT PortfolioFixedLegCPIRates (Rate,LegDataId,SeqId) VALUES (0.05,15008,0)
INSERT PortfolioScheduleDataRules (StartDate,EndDate,Tenor,Calendar,Convention,TermConvention,RuleName,LegDataId,Id) VALUES ('2028-10-01','2038-10-01','1Y','TARGET','Following','Following','Forward',15008,15007)

INSERT PortfolioTrades (TradeType,id,CounterParty,NettingSetId) VALUES ('Swaption','15BERMUDAN_SWAPTION','CPTY_A','15CPTY_A')
INSERT PortfolioAdditionalFields (GroupingId,TradeId) VALUES ('Example_15','15BERMUDAN_SWAPTION')
INSERT PortfolioSwaptionData (TradeId,OptionDataLongShort,OptionDataOptionType,OptionDataStyle,OptionDataSettlement,OptionDataPayOffAtExpiry) VALUES ('15BERMUDAN_SWAPTION','Short','Call','Bermudan','Physical','false')
INSERT PortfolioOptionExercises (ExerciseDate,TradeId) VALUES ('2028-10-01','15BERMUDAN_SWAPTION')
INSERT PortfolioOptionExercises (ExerciseDate,TradeId) VALUES ('2029-10-01','15BERMUDAN_SWAPTION')
INSERT PortfolioOptionExercises (ExerciseDate,TradeId) VALUES ('2030-10-01','15BERMUDAN_SWAPTION')
INSERT PortfolioOptionExercises (ExerciseDate,TradeId) VALUES ('2031-10-01','15BERMUDAN_SWAPTION')
INSERT PortfolioOptionExercises (ExerciseDate,TradeId) VALUES ('2032-10-01','15BERMUDAN_SWAPTION')
INSERT PortfolioOptionExercises (ExerciseDate,TradeId) VALUES ('2033-10-01','15BERMUDAN_SWAPTION')
INSERT PortfolioLegData (LegType,Payer,Currency,DayCounter,PaymentConvention,Id,TradeId,FloatingLegIndexName) VALUES ('Floating','true','EUR','A360','ModifiedFollowing',15009,'15BERMUDAN_SWAPTION','EUR-EURIBOR-3M')
INSERT PortfolioLegNotionals (Notional,LegDataId,SeqId) VALUES ('10000000',15009,0)
INSERT PortfolioFloatingLegSpreads (Spread,LegDataId,SeqId) VALUES (0.0,15009,0)
INSERT PortfolioScheduleDataRules (StartDate,EndDate,Tenor,Calendar,Convention,TermConvention,RuleName,LegDataId,Id) VALUES ('2028-10-01','2038-10-01','3M','TARGET','ModifiedFollowing','ModifiedFollowing','Forward',15009,15008)
INSERT PortfolioLegData (LegType,Payer,Currency,DayCounter,PaymentConvention,Id,TradeId) VALUES ('Fixed','false','EUR','ACT/ACT','Following',15010,'15BERMUDAN_SWAPTION')
INSERT PortfolioLegNotionals (Notional,LegDataId,SeqId) VALUES ('10000000',15010,0)
INSERT PortfolioFixedLegCPIRates (Rate,LegDataId,SeqId) VALUES (0.05,15010,0)
INSERT PortfolioScheduleDataRules (StartDate,EndDate,Tenor,Calendar,Convention,TermConvention,RuleName,LegDataId,Id) VALUES ('2028-10-01','2038-10-01','1Y','TARGET','Following','Following','Forward',15010,15009)

INSERT PortfolioTrades (TradeType,id,CounterParty,NettingSetId) VALUES ('CapFloor','15CAP_USD','CPTY_A','15CPTY_A')
INSERT PortfolioAdditionalFields (GroupingId,TradeId) VALUES ('Example_15','15CAP_USD')
INSERT PortfolioCapFloorData (LongShort,TradeId) VALUES ('Short','15CAP_USD')
INSERT PortfolioCapRates (Rate,TradeId,SeqId) VALUES (0.04,'15CAP_USD',0)
INSERT PortfolioLegData (LegType,Payer,Currency,DayCounter,PaymentConvention,Id,TradeId,FloatingLegIndexName,FloatingLegIsInArrears,FloatingLegFixingDays) VALUES ('Floating','true','USD','ACT/360','MF',15011,'15CAP_USD','USD-LIBOR-3M','false',2)
INSERT PortfolioLegNotionals (Notional,LegDataId,SeqId) VALUES (1000000.00,15011,0)
INSERT PortfolioFloatingLegSpreads (Spread,LegDataId,SeqId) VALUES (0,15011,0)
INSERT PortfolioScheduleDataRules (StartDate,EndDate,Tenor,Calendar,Convention,TermConvention,RuleName,LegDataId,Id) VALUES ('20160209','20260209','3M','US','MF','MF','Forward',15011,15010)

INSERT PortfolioTrades (TradeType,id,CounterParty,NettingSetId) VALUES ('CapFloor','15FLOOR_USD','CPTY_A','15CPTY_A')
INSERT PortfolioAdditionalFields (GroupingId,TradeId) VALUES ('Example_15','15FLOOR_USD')
INSERT PortfolioCapFloorData (LongShort,TradeId) VALUES ('Long','15FLOOR_USD')
INSERT PortfolioFloorRates (Rate,TradeId,SeqId) VALUES (0.01,'15FLOOR_USD',0)
INSERT PortfolioLegData (LegType,Payer,Currency,DayCounter,PaymentConvention,Id,TradeId,FloatingLegIndexName,FloatingLegIsInArrears,FloatingLegFixingDays) VALUES ('Floating','true','USD','ACT/360','MF',15012,'15FLOOR_USD','USD-LIBOR-3M','false',2)
INSERT PortfolioLegNotionals (Notional,LegDataId,SeqId) VALUES (1000000.00,15012,0)
INSERT PortfolioFloatingLegSpreads (Spread,LegDataId,SeqId) VALUES (0,15012,0)
INSERT PortfolioScheduleDataRules (StartDate,EndDate,Tenor,Calendar,Convention,TermConvention,RuleName,LegDataId,Id) VALUES ('20160209','20260209','3M','US','MF','MF','Forward',15012,15011)

INSERT PortfolioTrades (TradeType,id,CounterParty,NettingSetId) VALUES ('CapFloor','15CAP_EUR','CPTY_A','15CPTY_A')
INSERT PortfolioAdditionalFields (GroupingId,TradeId) VALUES ('Example_15','15CAP_EUR')
INSERT PortfolioCapFloorData (LongShort,TradeId) VALUES ('Short','15CAP_EUR')
INSERT PortfolioCapRates (Rate,TradeId,SeqId) VALUES (0.04,'15CAP_EUR',0)
INSERT PortfolioLegData (LegType,Payer,Currency,DayCounter,PaymentConvention,Id,TradeId,FloatingLegIndexName,FloatingLegIsInArrears,FloatingLegFixingDays) VALUES ('Floating','true','EUR','ACT/360','MF',15013,'15CAP_EUR','EUR-EURIBOR-6M','false',2)
INSERT PortfolioLegNotionals (Notional,LegDataId,SeqId) VALUES (1000000.00,15013,0)
INSERT PortfolioFloatingLegSpreads (Spread,LegDataId,SeqId) VALUES (0,15013,0)
INSERT PortfolioScheduleDataRules (StartDate,EndDate,Tenor,Calendar,Convention,TermConvention,RuleName,LegDataId,Id) VALUES ('20160209','20260209','6M','TARGET','MF','MF','Forward',15013,15012)

INSERT PortfolioTrades (TradeType,id,CounterParty,NettingSetId) VALUES ('CapFloor','15FLOOR_EUR','CPTY_A','15CPTY_A')
INSERT PortfolioAdditionalFields (GroupingId,TradeId) VALUES ('Example_15','15FLOOR_EUR')
INSERT PortfolioCapFloorData (LongShort,TradeId) VALUES ('Long','15FLOOR_EUR')
INSERT PortfolioFloorRates (Rate,TradeId,SeqId) VALUES (0.01,'15FLOOR_EUR',0)
INSERT PortfolioLegData (LegType,Payer,Currency,DayCounter,PaymentConvention,Id,TradeId,FloatingLegIndexName,FloatingLegIsInArrears,FloatingLegFixingDays) VALUES ('Floating','true','EUR','ACT/360','MF',15014,'15FLOOR_EUR','EUR-EURIBOR-6M','false',2)
INSERT PortfolioLegNotionals (Notional,LegDataId,SeqId) VALUES (1000000.00,15014,0)
INSERT PortfolioFloatingLegSpreads (Spread,LegDataId,SeqId) VALUES (0,15014,0)
INSERT PortfolioScheduleDataRules (StartDate,EndDate,Tenor,Calendar,Convention,TermConvention,RuleName,LegDataId,Id) VALUES ('20160209','20260209','6M','TARGET','MF','MF','Forward',15014,15013)

INSERT PortfolioTrades (TradeType,id,CounterParty,NettingSetId) VALUES ('Bond','15Bond','CPTY_A','15CPTY_A')
INSERT PortfolioAdditionalFields (GroupingId,TradeId) VALUES ('Example_15','15Bond')
INSERT PortfolioBondData (IssuerId,CreditCurveId,SecurityId,ReferenceCurveId,SettlementDays,Calendar,IssueDate,TradeId) VALUES ('CPTY_C','CPTY_C','SECURITY_1','BENCHMARK_EUR',2,'TARGET','20160203','15Bond')
INSERT PortfolioLegData (LegType,Payer,Currency,DayCounter,PaymentConvention,Id,TradeId) VALUES ('Fixed','false','EUR','ACT/ACT','F',15015,'15Bond')
INSERT PortfolioLegNotionals (Notional,LegDataId,SeqId) VALUES (10000000.000000,15015,0)
INSERT PortfolioFixedLegCPIRates (Rate,LegDataId,SeqId) VALUES (0.05,15015,0)
INSERT PortfolioScheduleDataRules (StartDate,EndDate,Tenor,Calendar,Convention,TermConvention,RuleName,LegDataId,Id) VALUES ('20160203','20210203','1Y','TARGET','F','F','Forward',15015,15014)

INSERT PortfolioTrades (TradeType,id,CounterParty,NettingSetId) VALUES ('EquityOption','16EqCall_SP5','CPTY_A','16CPTY_A')
INSERT PortfolioAdditionalFields (GroupingId,TradeId) VALUES ('Example_16','16EqCall_SP5')
INSERT PortfolioEquityOptionData (Name,Currency,Strike,Quantity,TradeId,OptionDataLongShort,OptionDataOptionType,OptionDataStyle,OptionDataSettlement,OptionDataPayOffAtExpiry) VALUES ('SP5','USD',2147.56,775,'16EqCall_SP5','Long','Call','European','Cash','false')
INSERT PortfolioOptionExercises (ExerciseDate,TradeId) VALUES ('2018-02-05','16EqCall_SP5')

INSERT PortfolioTrades (TradeType,id,CounterParty,NettingSetId) VALUES ('EquityOption','16EqPut_SP5','CPTY_A','16CPTY_A')
INSERT PortfolioAdditionalFields (GroupingId,TradeId) VALUES ('Example_16','16EqPut_SP5')
INSERT PortfolioEquityOptionData (Name,Currency,Strike,Quantity,TradeId,OptionDataLongShort,OptionDataOptionType,OptionDataStyle,OptionDataSettlement,OptionDataPayOffAtExpiry) VALUES ('SP5','USD',2147.56,775,'16EqPut_SP5','Short','Put','European','Cash','false')
INSERT PortfolioOptionExercises (ExerciseDate,TradeId) VALUES ('2018-02-05','16EqPut_SP5')

INSERT PortfolioTrades (TradeType,id,CounterParty,NettingSetId) VALUES ('EquityForward','16EqFwd_SP5','CPTY_A','16CPTY_A')
INSERT PortfolioAdditionalFields (GroupingId,TradeId) VALUES ('Example_16','16EqFwd_SP5')
INSERT PortfolioEquityForwardData (LongShort,Maturity,Name,Currency,Strike,Quantity,TradeId) VALUES ('Short','2018-02-05','SP5','USD',2147.56,775,'16EqFwd_SP5')

INSERT PortfolioTrades (TradeType,id,CounterParty,NettingSetId) VALUES ('EquityOption','16EqCall_Luft','CPTY_A','16CPTY_A')
INSERT PortfolioAdditionalFields (GroupingId,TradeId) VALUES ('Example_16','16EqCall_Luft')
INSERT PortfolioEquityOptionData (Name,Currency,Strike,Quantity,TradeId,OptionDataLongShort,OptionDataOptionType,OptionDataStyle,OptionDataSettlement,OptionDataPayOffAtExpiry) VALUES ('Lufthansa','EUR',12.24,775,'16EqCall_Luft','Long','Call','European','Cash','false')
INSERT PortfolioOptionExercises (ExerciseDate,TradeId) VALUES ('2018-03-01','16EqCall_Luft')

INSERT PortfolioTrades (TradeType,id,CounterParty,NettingSetId) VALUES ('EquityOption','16EqPut_Luft','CPTY_A','16CPTY_A')
INSERT PortfolioAdditionalFields (GroupingId,TradeId) VALUES ('Example_16','16EqPut_Luft')
INSERT PortfolioEquityOptionData (Name,Currency,Strike,Quantity,TradeId,OptionDataLongShort,OptionDataOptionType,OptionDataStyle,OptionDataSettlement,OptionDataPayOffAtExpiry) VALUES ('Lufthansa','EUR',12.24,775,'16EqPut_Luft','Long','Put','European','Cash','false')
INSERT PortfolioOptionExercises (ExerciseDate,TradeId) VALUES ('2018-03-01','16EqPut_Luft')

INSERT PortfolioTrades (TradeType,id,CounterParty,NettingSetId) VALUES ('EquityForward','16EqForwardTrade_Luft','CPTY_A','16CPTY_A')
INSERT PortfolioAdditionalFields (GroupingId,TradeId) VALUES ('Example_16','16EqForwardTrade_Luft')
INSERT PortfolioEquityForwardData (LongShort,Maturity,Name,Currency,Strike,Quantity,TradeId) VALUES ('Long','2018-03-01','Lufthansa','EUR',12.24,775,'16EqForwardTrade_Luft')

INSERT PortfolioTrades (TradeType,id,CounterParty,NettingSetId) VALUES ('Swap','17CPI_Swap','CPTY_A','17CPTY_A')
INSERT PortfolioAdditionalFields (GroupingId,TradeId) VALUES ('Example_17','17CPI_Swap')
INSERT PortfolioSwapData (TradeId) VALUES ('17CPI_Swap')
INSERT PortfolioLegData (LegType,Payer,Currency,DayCounter,PaymentConvention,Id,TradeId,FloatingLegIndexName,FloatingLegIsInArrears) VALUES ('Floating','true','GBP','ACT/ACT','ModifiedFollowing',17001,'17CPI_Swap','GBP-LIBOR-6M','false')
INSERT PortfolioLegNotionals (Notional,LegDataId,SeqId) VALUES ('10000000',17001,0)
INSERT PortfolioFloatingLegSpreads (Spread,LegDataId,SeqId) VALUES (0.0,17001,0)
INSERT PortfolioScheduleDataRules (StartDate,EndDate,Tenor,Calendar,Convention,TermConvention,RuleName,LegDataId,Id) VALUES ('2016-07-18','2021-07-18','6M','UK','ModifiedFollowing','ModifiedFollowing','Forward',17001,17000)
INSERT PortfolioLegData (LegType,Payer,Currency,DayCounter,PaymentConvention,Id,TradeId,CPILegIndexName,CPILegBaseCPI,CPILegObservationLag,CPILegInterpolated) VALUES ('CPI','false','GBP','ACT/ACT','Following',17002,'17CPI_Swap','UKRPI',210,'2M','false')
INSERT PortfolioLegNotionals (Notional,LegDataId,SeqId) VALUES ('10000000',17002,0)
INSERT PortfolioFixedLegCPIRates (Rate,LegDataId,SeqId) VALUES (0.02,17002,0)
INSERT PortfolioScheduleDataRules (StartDate,EndDate,Tenor,Calendar,Convention,TermConvention,RuleName,LegDataId,Id) VALUES ('2016-07-18','2021-07-18','1Y','UK','ModifiedFollowing','ModifiedFollowing','Forward',17002,17001)

INSERT PortfolioTrades (TradeType,id,CounterParty,NettingSetId) VALUES ('Swap','17YearOnYear_Swap','CPTY_A','17CPTY_A')
INSERT PortfolioAdditionalFields (GroupingId,TradeId) VALUES ('Example_17','17YearOnYear_Swap')
INSERT PortfolioSwapData (TradeId) VALUES ('17YearOnYear_Swap')
INSERT PortfolioLegData (LegType,Payer,Currency,DayCounter,PaymentConvention,Id,TradeId,FloatingLegIndexName,FloatingLegIsInArrears) VALUES ('Floating','true','EUR','ACT/360','ModifiedFollowing',17003,'17YearOnYear_Swap','EUR-EURIBOR-6M','false')
INSERT PortfolioLegNotionals (Notional,LegDataId,SeqId) VALUES ('10000000',17003,0)
INSERT PortfolioFloatingLegSpreads (Spread,LegDataId,SeqId) VALUES (0.0,17003,0)
INSERT PortfolioScheduleDataRules (StartDate,EndDate,Tenor,Calendar,Convention,TermConvention,RuleName,LegDataId,Id) VALUES ('2016-07-18','2021-07-18','6M','TARGET','ModifiedFollowing','ModifiedFollowing','Forward',17003,17002)
INSERT PortfolioLegData (LegType,Payer,Currency,DayCounter,PaymentConvention,Id,TradeId,YYLegIndexName,YYLegFixingDays,YYLegObservationLag,YYLegInterpolated) VALUES ('YY','false','EUR','ACT/ACT','Following',17004,'17YearOnYear_Swap','EUHICPXT',2,'2M','true')
INSERT PortfolioLegNotionals (Notional,LegDataId,SeqId) VALUES ('10000000',17004,0)
INSERT PortfolioScheduleDataRules (StartDate,EndDate,Tenor,Calendar,Convention,TermConvention,RuleName,LegDataId,Id) VALUES ('2016-07-18','2021-07-18','1Y','UK','ModifiedFollowing','ModifiedFollowing','Forward',17004,17003)

INSERT PortfolioTrades (TradeType,id,CounterParty) VALUES ('Bond','18Bond_Fixed','CPTY_C')
INSERT PortfolioAdditionalFields (GroupingId,TradeId) VALUES ('Example_18','18Bond_Fixed')
INSERT PortfolioBondData (IssuerId,CreditCurveId,SecurityId,ReferenceCurveId,SettlementDays,Calendar,IssueDate,TradeId) VALUES ('CPTY_C','CPTY_C','SECURITY_1','EUR-EURIBOR-6M',2,'TARGET','20160203','18Bond_Fixed')
INSERT PortfolioLegData (LegType,Payer,Currency,DayCounter,PaymentConvention,Id,TradeId) VALUES ('Fixed','false','EUR','ACT/ACT','F',18001,'18Bond_Fixed')
INSERT PortfolioLegNotionals (Notional,LegDataId,SeqId) VALUES (10000000.000000,18001,0)
INSERT PortfolioFixedLegCPIRates (Rate,LegDataId,SeqId) VALUES (0.05,18001,0)
INSERT PortfolioScheduleDataRules (StartDate,EndDate,Tenor,Calendar,Convention,TermConvention,RuleName,LegDataId,Id) VALUES ('20160203','20210203','1Y','TARGET','F','F','Forward',18001,18000)

INSERT PortfolioTrades (TradeType,id,CounterParty) VALUES ('Bond','18Bond_Floating','CPTY_C')
INSERT PortfolioAdditionalFields (GroupingId,TradeId) VALUES ('Example_18','18Bond_Floating')
INSERT PortfolioBondData (IssuerId,CreditCurveId,SecurityId,ReferenceCurveId,SettlementDays,Calendar,IssueDate,TradeId) VALUES ('CPTY_C','CPTY_C','SECURITY_1','EUR-EURIBOR-6M',2,'TARGET','20160203','18Bond_Floating')
INSERT PortfolioLegData (LegType,Payer,Currency,DayCounter,PaymentConvention,Id,TradeId,FloatingLegIndexName,FloatingLegIsInArrears,FloatingLegFixingDays) VALUES ('Floating','false','EUR','ACT/ACT','F',18002,'18Bond_Floating','EUR-EURIBOR-6M','false',2)
INSERT PortfolioLegNotionals (Notional,LegDataId,SeqId) VALUES (10000000.000000,18002,0)
INSERT PortfolioFloatingLegSpreads (Spread,LegDataId,SeqId) VALUES (0.01,18002,0)
INSERT PortfolioScheduleDataRules (StartDate,EndDate,Tenor,Calendar,Convention,TermConvention,RuleName,LegDataId,Id) VALUES ('20160203','20210203','6M','TARGET','F','F','Forward',18002,18001)

INSERT PortfolioTrades (TradeType,id,CounterParty,NettingSetId) VALUES ('CreditDefaultSwap','20CDS','CPTY_B','20CPTY_B')
INSERT PortfolioAdditionalFields (GroupingId,TradeId) VALUES ('Example_20','20CDS')
INSERT PortfolioCreditDefaultSwapData (IssuerId,CreditCurveId,SettlesAccrual,PaysAtDefaultTime,ProtectionStart,UpfrontDate,UpfrontFee,TradeId) VALUES ('CPTY_A','CREDIT_CURVE_A','Y','Y','20160203','20160203',0.0324,'20CDS')
INSERT PortfolioLegData (LegType,Payer,Currency,DayCounter,PaymentConvention,Id,TradeId) VALUES ('Fixed','true','USD','A360','F',20001,'20CDS')
INSERT PortfolioLegNotionals (Notional,LegDataId,SeqId) VALUES (10000000.000000,20001,0)
INSERT PortfolioFixedLegCPIRates (Rate,LegDataId,SeqId) VALUES (0.01,20001,0)
INSERT PortfolioScheduleDataRules (StartDate,EndDate,Tenor,Calendar,Convention,TermConvention,RuleName,LegDataId,Id) VALUES ('20160203','20260203','3M','US','F','F','CDS',20001,20000)

INSERT PortfolioTrades (TradeType,id,CounterParty,NettingSetId) VALUES ('IndexCreditDefaultSwap','20INDEX_CDS','CPTY_B','20CPTY_B')
INSERT PortfolioAdditionalFields (GroupingId,TradeId) VALUES ('Example_20','20INDEX_CDS')
INSERT PortfolioIndexCreditDefaultSwapData (CreditCurveId,SettlesAccrual,PaysAtDefaultTime,ProtectionStart,UpfrontDate,UpfrontFee,TradeId) VALUES ('CREDIT_CURVE_Index','Y','Y','20160203','20160203',0.0324,'20INDEX_CDS')
INSERT PortfolioBaskets (IssuerId,CreditCurveId,Notional,Currency,TradeId,SeqId) VALUES ('CPTY_1','CREDIT_CURVE_1',100000.0,'USD','20INDEX_CDS',0)
INSERT PortfolioBaskets (IssuerId,CreditCurveId,Notional,Currency,TradeId,SeqId) VALUES ('CPTY_2','CREDIT_CURVE_2',100000.0,'USD','20INDEX_CDS',1)
INSERT PortfolioBaskets (IssuerId,CreditCurveId,Notional,Currency,TradeId,SeqId) VALUES ('CPTY_3','CREDIT_CURVE_3',100000.0,'USD','20INDEX_CDS',2)
INSERT PortfolioLegData (LegType,Payer,Currency,DayCounter,PaymentConvention,Id,TradeId) VALUES ('Fixed','true','USD','A360','F',20002,'20INDEX_CDS')
INSERT PortfolioLegNotionals (Notional,LegDataId,SeqId) VALUES (10000000.000000,20002,0)
INSERT PortfolioFixedLegCPIRates (Rate,LegDataId,SeqId) VALUES (0.01,20002,0)
INSERT PortfolioScheduleDataRules (StartDate,EndDate,Tenor,Calendar,Convention,TermConvention,RuleName,LegDataId,Id) VALUES ('20160203','20260203','3M','US','F','F','CDS',20002,20001)

INSERT PortfolioTrades (TradeType,id,CounterParty,NettingSetId) VALUES ('IndexCreditDefaultSwapOption','20INDEX_CDS_OPTION','CPTY_B','20CPTY_B')
INSERT PortfolioAdditionalFields (GroupingId,TradeId) VALUES ('Example_20','20INDEX_CDS_OPTION')
INSERT PortfolioIndexCreditDefaultSwapOptionData (KnockOut,TradeId,OptionDataLongShort,OptionDataOptionType,OptionDataStyle,OptionDataSettlement,OptionDataPayOffAtExpiry) VALUES ('N','20INDEX_CDS_OPTION','Long','Call','European','Cash','false')
INSERT PortfolioOptionExercises (ExerciseDate,TradeId) VALUES ('2016-08-03','20INDEX_CDS_OPTION')

INSERT PortfolioIndexCreditDefaultSwapOptionSwapData (CreditCurveId,SettlesAccrual,PaysAtDefaultTime,ProtectionStart,UpfrontFee,TradeId) VALUES ('CREDIT_CURVE_Index','Y','Y','20170410',0.0324,'20INDEX_CDS_OPTION')
INSERT PortfolioBaskets (IssuerId,CreditCurveId,Notional,Currency,TradeId,SeqId) VALUES ('CPTY_1','CREDIT_CURVE_1',100000.0,'USD','20INDEX_CDS_OPTION',0)
INSERT PortfolioBaskets (IssuerId,CreditCurveId,Notional,Currency,TradeId,SeqId) VALUES ('CPTY_2','CREDIT_CURVE_2',100000.0,'USD','20INDEX_CDS_OPTION',1)
INSERT PortfolioBaskets (IssuerId,CreditCurveId,Notional,Currency,TradeId,SeqId) VALUES ('CPTY_3','CREDIT_CURVE_3',100000.0,'USD','20INDEX_CDS_OPTION',2)
INSERT PortfolioLegData (LegType,Payer,Currency,DayCounter,PaymentConvention,Id,TradeId) VALUES ('Fixed','true','USD','A360','F',20003,'20INDEX_CDS_OPTION')
INSERT PortfolioLegNotionals (Notional,LegDataId,SeqId) VALUES (10000000.000000,20003,0)
INSERT PortfolioFixedLegCPIRates (Rate,LegDataId,SeqId) VALUES (0.01,20003,0)
INSERT PortfolioScheduleDataRules (StartDate,EndDate,Tenor,Calendar,Convention,TermConvention,RuleName,LegDataId,Id) VALUES ('20160803','20210803','3M','US','F','F','CDS',20003,20002)

INSERT PortfolioTrades (TradeType,id,CounterParty,NettingSetId) VALUES ('SyntheticCDO','20CDS_INDEX_TRANCHE','CPTY_A','20CPTY_A')
INSERT PortfolioAdditionalFields (GroupingId,TradeId) VALUES ('Example_20','20CDS_INDEX_TRANCHE')
INSERT PortfolioCDOData (ProtectionStart,UpfrontFee,AttachmentPoint,DetachmentPoint,TradeId) VALUES ('20170410',0.0324,0.03,0.06,'20CDS_INDEX_TRANCHE')
INSERT PortfolioBaskets (IssuerId,CreditCurveId,Notional,Currency,TradeId,SeqId) VALUES ('CPTY_1','CREDIT_CURVE_1',100000.0,'USD','20CDS_INDEX_TRANCHE',0)
INSERT PortfolioBaskets (IssuerId,CreditCurveId,Notional,Currency,TradeId,SeqId) VALUES ('CPTY_2','CREDIT_CURVE_2',100000.0,'USD','20CDS_INDEX_TRANCHE',1)
INSERT PortfolioBaskets (IssuerId,CreditCurveId,Notional,Currency,TradeId,SeqId) VALUES ('CPTY_3','CREDIT_CURVE_3',100000.0,'USD','20CDS_INDEX_TRANCHE',2)
INSERT PortfolioLegData (LegType,Payer,Currency,DayCounter,PaymentConvention,Id,TradeId) VALUES ('Fixed','true','USD','A360','F',20004,'20CDS_INDEX_TRANCHE')
INSERT PortfolioLegNotionals (Notional,LegDataId,SeqId) VALUES (10000000.000000,20004,0)
INSERT PortfolioFixedLegCPIRates (Rate,LegDataId,SeqId) VALUES (0.01,20004,0)
INSERT PortfolioScheduleDataRules (StartDate,EndDate,Tenor,Calendar,Convention,TermConvention,RuleName,LegDataId,Id) VALUES ('20160203','20260203','3M','TARGET','F','F','CDS',20004,20003)

INSERT PortfolioTrades (TradeType,id,CounterParty,NettingSetId) VALUES ('Swap','21swap_01','CPTY_A','21CPTY_A')
INSERT PortfolioAdditionalFields (GroupingId,TradeId) VALUES ('Example_21','21swap_01')
INSERT PortfolioSwapData (TradeId) VALUES ('21swap_01')
INSERT PortfolioLegData (LegType,Payer,Currency,DayCounter,PaymentConvention,Id,TradeId) VALUES ('Fixed','false','EUR','A360','MF',21001,'21swap_01')
INSERT PortfolioLegNotionals (Notional,LegDataId,SeqId) VALUES (1000000.00,21001,0)
INSERT PortfolioFixedLegCPIRates (Rate,LegDataId,SeqId) VALUES (0.03,21001,0)
INSERT PortfolioScheduleDataRules (StartDate,EndDate,Tenor,Calendar,Convention,TermConvention,RuleName,LegDataId,Id) VALUES ('20151028','20351028','6M','TARGET','MF','MF','Forward',21001,21000)
INSERT PortfolioLegData (LegType,Payer,Currency,DayCounter,PaymentConvention,Id,TradeId,FloatingLegIndexName,FloatingLegIsInArrears,FloatingLegFixingDays) VALUES ('Floating','true','EUR','A360','MF',21002,'21swap_01','EUR-EURIBOR-6M','false',2)
INSERT PortfolioLegNotionals (Notional,LegDataId,SeqId) VALUES (1000000.00,21002,0)
INSERT PortfolioFloatingLegSpreads (Spread,LegDataId,SeqId) VALUES (0.000000,21002,0)
INSERT PortfolioScheduleDataRules (StartDate,EndDate,Tenor,Calendar,Convention,TermConvention,RuleName,LegDataId,Id) VALUES ('20151028','20351028','6M','TARGET','MF','MF','Forward',21002,21001)

INSERT PortfolioTrades (TradeType,id,CounterParty,NettingSetId) VALUES ('CapFloor','21collar_01','CPTY_A','21CPTY_A')
INSERT PortfolioAdditionalFields (GroupingId,TradeId) VALUES ('Example_21','21collar_01')
INSERT PortfolioCapFloorData (LongShort,TradeId) VALUES ('Long','21collar_01')
INSERT PortfolioCapRates (Rate,TradeId,SeqId) VALUES (0.04,'21collar_01',0)
INSERT PortfolioFloorRates (Rate,TradeId,SeqId) VALUES (0.04,'21collar_01',0)
INSERT PortfolioLegData (LegType,Payer,Currency,DayCounter,PaymentConvention,Id,TradeId,FloatingLegIndexName,FloatingLegIsInArrears,FloatingLegFixingDays) VALUES ('Floating','true','EUR','A360','MF',21003,'21collar_01','EUR-EURIBOR-6M','false',2)
INSERT PortfolioLegNotionals (Notional,LegDataId,SeqId) VALUES (1000000.00,21003,0)
INSERT PortfolioFloatingLegSpreads (Spread,LegDataId,SeqId) VALUES (0.00,21003,0)
INSERT PortfolioScheduleDataRules (StartDate,EndDate,Tenor,Calendar,Convention,TermConvention,RuleName,LegDataId,Id) VALUES ('20151028','20351028','6M','TARGET','MF','MF','Forward',21003,21002)

INSERT PortfolioTrades (TradeType,id,CounterParty,NettingSetId) VALUES ('CapFloor','22cap_01','CPTY_B','22CPTY_B')
INSERT PortfolioAdditionalFields (GroupingId,TradeId) VALUES ('Example_22','22cap_01')
INSERT PortfolioCapFloorData (LongShort,TradeId) VALUES ('Short','22cap_01')
INSERT PortfolioCapRates (Rate,TradeId,SeqId) VALUES (0.03,'22cap_01',0)
INSERT PortfolioLegData (LegType,Payer,Currency,DayCounter,PaymentConvention,Id,TradeId,FloatingLegIndexName,FloatingLegIsInArrears,FloatingLegFixingDays) VALUES ('Floating','true','USD','ACT/360','MF',22001,'22cap_01','USD-LIBOR-3M','false',2)
INSERT PortfolioLegNotionals (Notional,LegDataId,SeqId) VALUES (1000000.00,22001,0)
INSERT PortfolioFloatingLegSpreads (Spread,LegDataId,SeqId) VALUES (0,22001,0)
INSERT PortfolioScheduleDataRules (StartDate,EndDate,Tenor,Calendar,Convention,TermConvention,RuleName,LegDataId,Id) VALUES ('20140923','20260923','3M','US','MF','MF','Forward',22001,22000)

INSERT PortfolioTrades (TradeType,id,CounterParty,NettingSetId) VALUES ('CapFloor','22floor_01','CPTY_B','22CPTY_B')
INSERT PortfolioAdditionalFields (GroupingId,TradeId) VALUES ('Example_22','22floor_01')
INSERT PortfolioCapFloorData (LongShort,TradeId) VALUES ('Long','22floor_01')
INSERT PortfolioFloorRates (Rate,TradeId,SeqId) VALUES (0.005,'22floor_01',0)
INSERT PortfolioLegData (LegType,Payer,Currency,DayCounter,PaymentConvention,Id,TradeId,FloatingLegIndexName,FloatingLegIsInArrears,FloatingLegFixingDays) VALUES ('Floating','true','USD','ACT/360','MF',22002,'22floor_01','USD-LIBOR-3M','false',2)
INSERT PortfolioLegNotionals (Notional,LegDataId,SeqId) VALUES (1000000.00,22002,0)
INSERT PortfolioFloatingLegSpreads (Spread,LegDataId,SeqId) VALUES (0,22002,0)
INSERT PortfolioScheduleDataRules (StartDate,EndDate,Tenor,Calendar,Convention,TermConvention,RuleName,LegDataId,Id) VALUES ('20140923','20260923','3M','US','MF','MF','Forward',22002,22001)

INSERT PortfolioTrades (TradeType,id,CounterParty,NettingSetId) VALUES ('CapFloor','22collar_02','CPTY_A','22CPTY_A')
INSERT PortfolioAdditionalFields (GroupingId,TradeId) VALUES ('Example_22','22collar_02')
INSERT PortfolioCapFloorData (LongShort,TradeId) VALUES ('Long','22collar_02')
INSERT PortfolioCapRates (Rate,TradeId,SeqId) VALUES (0.03,'22collar_02',0)
INSERT PortfolioFloorRates (Rate,TradeId,SeqId) VALUES (0.005,'22collar_02',0)
INSERT PortfolioLegData (LegType,Payer,Currency,DayCounter,PaymentConvention,Id,TradeId,FloatingLegIndexName,FloatingLegIsInArrears,FloatingLegFixingDays) VALUES ('Floating','true','USD','ACT/360','MF',22003,'22collar_02','USD-LIBOR-3M','false',2)
INSERT PortfolioLegNotionals (Notional,LegDataId,SeqId) VALUES (1000000.00,22003,0)
INSERT PortfolioFloatingLegSpreads (Spread,LegDataId,SeqId) VALUES (0.00,22003,0)
INSERT PortfolioScheduleDataRules (StartDate,EndDate,Tenor,Calendar,Convention,TermConvention,RuleName,LegDataId,Id) VALUES ('20140923','20260923','3M','US','MF','MF','Forward',22003,22002)

INSERT PortfolioTrades (TradeType,id,CounterParty,NettingSetId) VALUES ('CapFloor','23cap_02','CPTY_B','23CPTY_B')
INSERT PortfolioAdditionalFields (GroupingId,TradeId) VALUES ('Example_23','23cap_02')
INSERT PortfolioCapFloorData (LongShort,TradeId) VALUES ('Long','23cap_02')
INSERT PortfolioCapRates (Rate,TradeId,SeqId) VALUES (0.025,'23cap_02',0)
INSERT PortfolioLegData (LegType,Payer,Currency,DayCounter,PaymentConvention,Id,TradeId,FloatingLegIndexName,FloatingLegIsInArrears,FloatingLegFixingDays) VALUES ('Floating','true','GBP','ACT/365','MF',23001,'23cap_02','GBP-LIBOR-6M','false',0)
INSERT PortfolioLegNotionals (Notional,LegDataId,SeqId) VALUES (3000000.00,23001,0)
INSERT PortfolioFloatingLegSpreads (Spread,LegDataId,SeqId) VALUES (0.00,23001,0)
INSERT PortfolioScheduleDataRules (StartDate,EndDate,Tenor,Calendar,Convention,TermConvention,RuleName,LegDataId,Id) VALUES ('20161019','20311019','6M','UK','MF','MF','Forward',23001,23000)

INSERT PortfolioTrades (TradeType,id,CounterParty,NettingSetId) VALUES ('CapFloor','23cap_03','CPTY_B','23CPTY_B')
INSERT PortfolioAdditionalFields (GroupingId,TradeId) VALUES ('Example_23','23cap_03')
INSERT PortfolioCapFloorData (LongShort,TradeId) VALUES ('Short','23cap_03')
INSERT PortfolioCapRates (Rate,TradeId,SeqId) VALUES (0.025,'23cap_03',0)
INSERT PortfolioLegData (LegType,Payer,Currency,DayCounter,PaymentConvention,Id,TradeId,FloatingLegIndexName,FloatingLegIsInArrears,FloatingLegFixingDays) VALUES ('Floating','true','GBP','ACT/365','MF',23002,'23cap_03','GBP-LIBOR-6M','false',0)
INSERT PortfolioLegNotionals (Notional,LegDataId,SeqId) VALUES (3000000,23002,0)
INSERT PortfolioLegNotionals (Notional,LegDataId,SeqId) VALUES (2900000,23002,1)
INSERT PortfolioLegNotionals (Notional,LegDataId,SeqId) VALUES (2800000,23002,2)
INSERT PortfolioLegNotionals (Notional,LegDataId,SeqId) VALUES (2700000,23002,3)
INSERT PortfolioLegNotionals (Notional,LegDataId,SeqId) VALUES (2600000,23002,4)
INSERT PortfolioLegNotionals (Notional,LegDataId,SeqId) VALUES (2500000,23002,5)
INSERT PortfolioLegNotionals (Notional,LegDataId,SeqId) VALUES (2400000,23002,6)
INSERT PortfolioLegNotionals (Notional,LegDataId,SeqId) VALUES (2300000,23002,7)
INSERT PortfolioLegNotionals (Notional,LegDataId,SeqId) VALUES (2200000,23002,8)
INSERT PortfolioLegNotionals (Notional,LegDataId,SeqId) VALUES (2100000,23002,9)
INSERT PortfolioLegNotionals (Notional,LegDataId,SeqId) VALUES (2000000,23002,10)
INSERT PortfolioLegNotionals (Notional,LegDataId,SeqId) VALUES (1900000,23002,11)
INSERT PortfolioLegNotionals (Notional,LegDataId,SeqId) VALUES (1800000,23002,12)
INSERT PortfolioLegNotionals (Notional,LegDataId,SeqId) VALUES (1700000,23002,13)
INSERT PortfolioLegNotionals (Notional,LegDataId,SeqId) VALUES (1600000,23002,14)
INSERT PortfolioLegNotionals (Notional,LegDataId,SeqId) VALUES (1500000,23002,15)
INSERT PortfolioLegNotionals (Notional,LegDataId,SeqId) VALUES (1400000,23002,16)
INSERT PortfolioLegNotionals (Notional,LegDataId,SeqId) VALUES (1300000,23002,17)
INSERT PortfolioLegNotionals (Notional,LegDataId,SeqId) VALUES (1200000,23002,18)
INSERT PortfolioLegNotionals (Notional,LegDataId,SeqId) VALUES (1100000,23002,19)
INSERT PortfolioLegNotionals (Notional,LegDataId,SeqId) VALUES (1000000,23002,20)
INSERT PortfolioLegNotionals (Notional,LegDataId,SeqId) VALUES (900000,23002,21)
INSERT PortfolioLegNotionals (Notional,LegDataId,SeqId) VALUES (800000,23002,22)
INSERT PortfolioLegNotionals (Notional,LegDataId,SeqId) VALUES (700000,23002,23)
INSERT PortfolioLegNotionals (Notional,LegDataId,SeqId) VALUES (600000,23002,24)
INSERT PortfolioLegNotionals (Notional,LegDataId,SeqId) VALUES (500000,23002,25)
INSERT PortfolioLegNotionals (Notional,LegDataId,SeqId) VALUES (400000,23002,26)
INSERT PortfolioLegNotionals (Notional,LegDataId,SeqId) VALUES (300000,23002,27)
INSERT PortfolioLegNotionals (Notional,LegDataId,SeqId) VALUES (200000,23002,28)
INSERT PortfolioLegNotionals (Notional,LegDataId,SeqId) VALUES (100000,23002,29)
INSERT PortfolioFloatingLegSpreads (Spread,LegDataId,SeqId) VALUES (0.00,23002,0)
INSERT PortfolioScheduleDataRules (StartDate,EndDate,Tenor,Calendar,Convention,TermConvention,RuleName,LegDataId,Id) VALUES ('20161019','20311019','6M','UK','MF','MF','Forward',23002,23001)

INSERT PortfolioTrades (TradeType,id,CounterParty,NettingSetId) VALUES ('Swap','24swap_01','CPTY_A','24CPTY_A')
INSERT PortfolioAdditionalFields (GroupingId,TradeId) VALUES ('Example_24','24swap_01')
INSERT PortfolioSwapData (TradeId) VALUES ('24swap_01')
INSERT PortfolioLegData (LegType,Payer,Currency,DayCounter,PaymentConvention,Id,TradeId) VALUES ('Fixed','false','EUR','A360','MF',24001,'24swap_01')
INSERT PortfolioLegNotionals (Notional,LegDataId,SeqId) VALUES (1000000.00,24001,0)
INSERT PortfolioFixedLegCPIRates (Rate,LegDataId,SeqId) VALUES (0.02,24001,0)
INSERT PortfolioScheduleDataRules (StartDate,EndDate,Tenor,Calendar,Convention,TermConvention,RuleName,LegDataId,Id) VALUES ('20151028','20351028','6M','TARGET','MF','MF','Forward',24001,24000)
INSERT PortfolioLegData (LegType,Payer,Currency,DayCounter,PaymentConvention,Id,TradeId,FloatingLegIndexName,FloatingLegIsInArrears,FloatingLegFixingDays) VALUES ('Floating','true','EUR','A360','MF',24002,'24swap_01','EUR-EURIBOR-6M','false',2)
INSERT PortfolioLegNotionals (Notional,LegDataId,SeqId) VALUES (1000000.00,24002,0)
INSERT PortfolioFloatingLegSpreads (Spread,LegDataId,SeqId) VALUES (0.000000,24002,0)
INSERT PortfolioScheduleDataRules (StartDate,EndDate,Tenor,Calendar,Convention,TermConvention,RuleName,LegDataId,Id) VALUES ('20151028','20351028','6M','TARGET','MF','MF','Forward',24002,24001)

INSERT PortfolioTrades (TradeType,id,CounterParty,NettingSetId) VALUES ('CapFloor','24collar_01','CPTY_A','24CPTY_A')
INSERT PortfolioAdditionalFields (GroupingId,TradeId) VALUES ('Example_24','24collar_01')
INSERT PortfolioCapFloorData (LongShort,TradeId) VALUES ('Long','24collar_01')
INSERT PortfolioCapRates (Rate,TradeId,SeqId) VALUES (0.03,'24collar_01',0)
INSERT PortfolioFloorRates (Rate,TradeId,SeqId) VALUES (0.01,'24collar_01',0)
INSERT PortfolioLegData (LegType,Currency,DayCounter,PaymentConvention,Id,TradeId,FloatingLegIndexName,FloatingLegIsInArrears,FloatingLegFixingDays) VALUES ('Floating','EUR','A360','MF',24003,'24collar_01','EUR-EURIBOR-6M','false',2)
INSERT PortfolioLegNotionals (Notional,LegDataId,SeqId) VALUES (1000000.00,24003,0)
INSERT PortfolioFloatingLegSpreads (Spread,LegDataId,SeqId) VALUES (0.00,24003,0)
INSERT PortfolioScheduleDataRules (StartDate,EndDate,Tenor,Calendar,Convention,TermConvention,RuleName,LegDataId,Id) VALUES ('20151028','20351028','6M','TARGET','MF','MF','Forward',24003,24002)

INSERT PortfolioTrades (TradeType,id,CounterParty,NettingSetId) VALUES ('Swap','24swap_02','CPTY_B','24CPTY_B')
INSERT PortfolioAdditionalFields (GroupingId,TradeId) VALUES ('Example_24','24swap_02')
INSERT PortfolioSwapData (TradeId) VALUES ('24swap_02')
INSERT PortfolioLegData (LegType,Payer,Currency,DayCounter,PaymentConvention,Id,TradeId) VALUES ('Fixed','false','EUR','A360','MF',24004,'24swap_02')
INSERT PortfolioLegNotionals (Notional,LegDataId,SeqId) VALUES (1000000.00,24004,0)
INSERT PortfolioFixedLegCPIRates (Rate,LegDataId,SeqId) VALUES (0.02,24004,0)
INSERT PortfolioScheduleDataRules (StartDate,EndDate,Tenor,Calendar,Convention,TermConvention,RuleName,LegDataId,Id) VALUES ('20151028','20351028','6M','TARGET','MF','MF','Forward',24004,24003)
INSERT PortfolioLegData (LegType,Payer,Currency,DayCounter,PaymentConvention,Id,TradeId,FloatingLegIndexName,FloatingLegIsInArrears,FloatingLegFixingDays) VALUES ('Floating','true','EUR','A360','MF',24005,'24swap_02','EUR-EURIBOR-6M','false',2)
INSERT PortfolioLegNotionals (Notional,LegDataId,SeqId) VALUES (1000000.00,24005,0)
INSERT PortfolioFloatingLegSpreads (Spread,LegDataId,SeqId) VALUES (0.000000,24005,0)
INSERT PortfolioFloatingLegCaps (Cap,LegDataId,SeqId) VALUES (0.03,24005,0)
INSERT PortfolioFloatingLegFloors (Floor,LegDataId,SeqId) VALUES (0.01,24005,0)
INSERT PortfolioScheduleDataRules (StartDate,EndDate,Tenor,Calendar,Convention,TermConvention,RuleName,LegDataId,Id) VALUES ('20151028','20351028','6M','TARGET','MF','MF','Forward',24005,24004)

INSERT PortfolioTrades (TradeType,id,CounterParty,NettingSetId) VALUES ('Swap','25Swap_20y','CPTY_A','25CPTY_A')
INSERT PortfolioAdditionalFields (GroupingId,TradeId) VALUES ('Example_25','25Swap_20y')
INSERT PortfolioSwapData (TradeId) VALUES ('25Swap_20y')
INSERT PortfolioLegData (LegType,Payer,Currency,DayCounter,PaymentConvention,Id,TradeId) VALUES ('Fixed','false','EUR','30/360','F',25001,'25Swap_20y')
INSERT PortfolioLegNotionals (Notional,LegDataId,SeqId) VALUES (10000000.000000,25001,0)
INSERT PortfolioFixedLegCPIRates (Rate,LegDataId,SeqId) VALUES (0.02,25001,0)
INSERT PortfolioScheduleDataRules (StartDate,EndDate,Tenor,Calendar,Convention,TermConvention,RuleName,LegDataId,Id) VALUES ('20160301','20360301','1Y','TARGET','F','F','Forward',25001,25000)
INSERT PortfolioLegData (LegType,Payer,Currency,DayCounter,PaymentConvention,Id,TradeId,FloatingLegIndexName,FloatingLegIsInArrears,FloatingLegFixingDays) VALUES ('Floating','true','EUR','A360','MF',25002,'25Swap_20y','EUR-EURIBOR-6M','false',2)
INSERT PortfolioLegNotionals (Notional,LegDataId,SeqId) VALUES (10000000.000000,25002,0)
INSERT PortfolioFloatingLegSpreads (Spread,LegDataId,SeqId) VALUES (0.000000,25002,0)
INSERT PortfolioScheduleDataRules (StartDate,EndDate,Tenor,Calendar,Convention,TermConvention,RuleName,LegDataId,Id) VALUES ('20160301','20360301','6M','TARGET','MF','MF','Forward',25002,25001)

INSERT PortfolioTrades (TradeType,id,CounterParty,NettingSetId) VALUES ('Swap','26Swap_EUR_10y','CPTY_A','26CPTY_A')
INSERT PortfolioAdditionalFields (GroupingId,TradeId) VALUES ('Example_26','26Swap_EUR_10y')
INSERT PortfolioSwapData (TradeId) VALUES ('26Swap_EUR_10y')
INSERT PortfolioLegData (LegType,Payer,Currency,DayCounter,PaymentConvention,Id,TradeId) VALUES ('Fixed','false','EUR','30/360','F',26001,'26Swap_EUR_10y')
INSERT PortfolioLegNotionals (Notional,LegDataId,SeqId) VALUES (10000000.000000,26001,0)
INSERT PortfolioFixedLegCPIRates (Rate,LegDataId,SeqId) VALUES (0.02,26001,0)
INSERT PortfolioScheduleDataRules (StartDate,EndDate,Tenor,Calendar,Convention,TermConvention,RuleName,LegDataId,Id) VALUES ('20151028','20351028','1Y','TARGET','F','F','Forward',26001,26000)
INSERT PortfolioLegData (LegType,Payer,Currency,DayCounter,PaymentConvention,Id,TradeId,FloatingLegIndexName,FloatingLegIsInArrears,FloatingLegFixingDays) VALUES ('Floating','true','EUR','A360','MF',26002,'26Swap_EUR_10y','EUR-EURIBOR-6M','false',2)
INSERT PortfolioLegNotionals (Notional,LegDataId,SeqId) VALUES (10000000.000000,26002,0)
INSERT PortfolioFloatingLegSpreads (Spread,LegDataId,SeqId) VALUES (0.000000,26002,0)
INSERT PortfolioScheduleDataRules (StartDate,EndDate,Tenor,Calendar,Convention,TermConvention,RuleName,LegDataId,Id) VALUES ('20151028','20351028','6M','TARGET','MF','MF','Forward',26002,26001)

INSERT PortfolioTrades (TradeType,id,CounterParty,NettingSetId) VALUES ('Swaption','27Swaption_1_19','CPTY_A','27CPTY_A')
INSERT PortfolioAdditionalFields (GroupingId,TradeId) VALUES ('Example_27','27Swaption_1_19')
INSERT PortfolioSwaptionData (TradeId,OptionDataLongShort,OptionDataOptionType,OptionDataStyle,OptionDataSettlement,OptionDataPayOffAtExpiry) VALUES ('27Swaption_1_19','Long','Call','European','Cash','false')
INSERT PortfolioOptionExercises (ExerciseDate,TradeId) VALUES ('20170301','27Swaption_1_19')
INSERT PortfolioLegData (LegType,Payer,Currency,DayCounter,PaymentConvention,Id,TradeId) VALUES ('Fixed','false','EUR','30/360','F',27001,'27Swaption_1_19')
INSERT PortfolioLegNotionals (Notional,LegDataId,SeqId) VALUES (10000000.000000,27001,0)
INSERT PortfolioFixedLegCPIRates (Rate,LegDataId,SeqId) VALUES (0.02,27001,0)
INSERT PortfolioScheduleDataRules (StartDate,EndDate,Tenor,Calendar,Convention,TermConvention,RuleName,LegDataId,Id) VALUES ('20170301','20360301','1Y','TARGET','F','F','Forward',27001,27000)
INSERT PortfolioLegData (LegType,Payer,Currency,DayCounter,PaymentConvention,Id,TradeId,FloatingLegIndexName,FloatingLegIsInArrears,FloatingLegFixingDays) VALUES ('Floating','true','EUR','A360','MF',27002,'27Swaption_1_19','EUR-EURIBOR-6M','false',2)
INSERT PortfolioLegNotionals (Notional,LegDataId,SeqId) VALUES (10000000.000000,27002,0)
INSERT PortfolioFloatingLegSpreads (Spread,LegDataId,SeqId) VALUES (0.000000,27002,0)
INSERT PortfolioScheduleDataRules (StartDate,EndDate,Tenor,Calendar,Convention,TermConvention,RuleName,LegDataId,Id) VALUES ('20170301','20360301','6M','TARGET','MF','MF','Forward',27002,27001)

INSERT PortfolioTrades (TradeType,id,CounterParty,NettingSetId) VALUES ('Swaption','27Swaption_2_18','CPTY_A','27CPTY_A')
INSERT PortfolioAdditionalFields (GroupingId,TradeId) VALUES ('Example_27','27Swaption_2_18')
INSERT PortfolioSwaptionData (TradeId,OptionDataLongShort,OptionDataOptionType,OptionDataStyle,OptionDataSettlement,OptionDataPayOffAtExpiry) VALUES ('27Swaption_2_18','Long','Call','European','Cash','false')
INSERT PortfolioOptionExercises (ExerciseDate,TradeId) VALUES ('20180301','27Swaption_2_18')
INSERT PortfolioLegData (LegType,Payer,Currency,DayCounter,PaymentConvention,Id,TradeId) VALUES ('Fixed','false','EUR','30/360','F',27003,'27Swaption_2_18')
INSERT PortfolioLegNotionals (Notional,LegDataId,SeqId) VALUES (10000000.000000,27003,0)
INSERT PortfolioFixedLegCPIRates (Rate,LegDataId,SeqId) VALUES (0.02,27003,0)
INSERT PortfolioScheduleDataRules (StartDate,EndDate,Tenor,Calendar,Convention,TermConvention,RuleName,LegDataId,Id) VALUES ('20180301','20360301','1Y','TARGET','F','F','Forward',27003,27002)
INSERT PortfolioLegData (LegType,Payer,Currency,DayCounter,PaymentConvention,Id,TradeId,FloatingLegIndexName,FloatingLegIsInArrears,FloatingLegFixingDays) VALUES ('Floating','true','EUR','A360','MF',27004,'27Swaption_2_18','EUR-EURIBOR-6M','false',2)
INSERT PortfolioLegNotionals (Notional,LegDataId,SeqId) VALUES (10000000.000000,27004,0)
INSERT PortfolioFloatingLegSpreads (Spread,LegDataId,SeqId) VALUES (0.000000,27004,0)
INSERT PortfolioScheduleDataRules (StartDate,EndDate,Tenor,Calendar,Convention,TermConvention,RuleName,LegDataId,Id) VALUES ('20180301','20360301','6M','TARGET','MF','MF','Forward',27004,27003)

INSERT PortfolioTrades (TradeType,id,CounterParty,NettingSetId) VALUES ('Swaption','27Swaption_3_17','CPTY_A','27CPTY_A')
INSERT PortfolioAdditionalFields (GroupingId,TradeId) VALUES ('Example_27','27Swaption_3_17')
INSERT PortfolioSwaptionData (TradeId,OptionDataLongShort,OptionDataOptionType,OptionDataStyle,OptionDataSettlement,OptionDataPayOffAtExpiry) VALUES ('27Swaption_3_17','Long','Call','European','Cash','false')
INSERT PortfolioOptionExercises (ExerciseDate,TradeId) VALUES ('20190301','27Swaption_3_17')
INSERT PortfolioLegData (LegType,Payer,Currency,DayCounter,PaymentConvention,Id,TradeId) VALUES ('Fixed','false','EUR','30/360','F',27005,'27Swaption_3_17')
INSERT PortfolioLegNotionals (Notional,LegDataId,SeqId) VALUES (10000000.000000,27005,0)
INSERT PortfolioFixedLegCPIRates (Rate,LegDataId,SeqId) VALUES (0.02,27005,0)
INSERT PortfolioScheduleDataRules (StartDate,EndDate,Tenor,Calendar,Convention,TermConvention,RuleName,LegDataId,Id) VALUES ('20190301','20360301','1Y','TARGET','F','F','Forward',27005,27004)
INSERT PortfolioLegData (LegType,Payer,Currency,DayCounter,PaymentConvention,Id,TradeId,FloatingLegIndexName,FloatingLegIsInArrears,FloatingLegFixingDays) VALUES ('Floating','true','EUR','A360','MF',27006,'27Swaption_3_17','EUR-EURIBOR-6M','false',2)
INSERT PortfolioLegNotionals (Notional,LegDataId,SeqId) VALUES (10000000.000000,27006,0)
INSERT PortfolioFloatingLegSpreads (Spread,LegDataId,SeqId) VALUES (0.000000,27006,0)
INSERT PortfolioScheduleDataRules (StartDate,EndDate,Tenor,Calendar,Convention,TermConvention,RuleName,LegDataId,Id) VALUES ('20190301','20360301','6M','TARGET','MF','MF','Forward',27006,27005)

INSERT PortfolioTrades (TradeType,id,CounterParty,NettingSetId) VALUES ('Swaption','27Swaption_4_16','CPTY_A','27CPTY_A')
INSERT PortfolioAdditionalFields (GroupingId,TradeId) VALUES ('Example_27','27Swaption_4_16')
INSERT PortfolioSwaptionData (TradeId,OptionDataLongShort,OptionDataOptionType,OptionDataStyle,OptionDataSettlement,OptionDataPayOffAtExpiry) VALUES ('27Swaption_4_16','Long','Call','European','Cash','false')
INSERT PortfolioOptionExercises (ExerciseDate,TradeId) VALUES ('20200301','27Swaption_4_16')
INSERT PortfolioLegData (LegType,Payer,Currency,DayCounter,PaymentConvention,Id,TradeId) VALUES ('Fixed','false','EUR','30/360','F',27007,'27Swaption_4_16')
INSERT PortfolioLegNotionals (Notional,LegDataId,SeqId) VALUES (10000000.000000,27007,0)
INSERT PortfolioFixedLegCPIRates (Rate,LegDataId,SeqId) VALUES (0.02,27007,0)
INSERT PortfolioScheduleDataRules (StartDate,EndDate,Tenor,Calendar,Convention,TermConvention,RuleName,LegDataId,Id) VALUES ('20200301','20360301','1Y','TARGET','F','F','Forward',27007,27006)
INSERT PortfolioLegData (LegType,Payer,Currency,DayCounter,PaymentConvention,Id,TradeId,FloatingLegIndexName,FloatingLegIsInArrears,FloatingLegFixingDays) VALUES ('Floating','true','EUR','A360','MF',27008,'27Swaption_4_16','EUR-EURIBOR-6M','false',2)
INSERT PortfolioLegNotionals (Notional,LegDataId,SeqId) VALUES (10000000.000000,27008,0)
INSERT PortfolioFloatingLegSpreads (Spread,LegDataId,SeqId) VALUES (0.000000,27008,0)
INSERT PortfolioScheduleDataRules (StartDate,EndDate,Tenor,Calendar,Convention,TermConvention,RuleName,LegDataId,Id) VALUES ('20200301','20360301','6M','TARGET','MF','MF','Forward',27008,27007)

INSERT PortfolioTrades (TradeType,id,CounterParty,NettingSetId) VALUES ('Swaption','27Swaption_5_15','CPTY_A','27CPTY_A')
INSERT PortfolioAdditionalFields (GroupingId,TradeId) VALUES ('Example_27','27Swaption_5_15')
INSERT PortfolioSwaptionData (TradeId,OptionDataLongShort,OptionDataOptionType,OptionDataStyle,OptionDataSettlement,OptionDataPayOffAtExpiry) VALUES ('27Swaption_5_15','Long','Call','European','Cash','false')
INSERT PortfolioOptionExercises (ExerciseDate,TradeId) VALUES ('20210301','27Swaption_5_15')
INSERT PortfolioLegData (LegType,Payer,Currency,DayCounter,PaymentConvention,Id,TradeId) VALUES ('Fixed','false','EUR','30/360','F',27009,'27Swaption_5_15')
INSERT PortfolioLegNotionals (Notional,LegDataId,SeqId) VALUES (10000000.000000,27009,0)
INSERT PortfolioFixedLegCPIRates (Rate,LegDataId,SeqId) VALUES (0.02,27009,0)
INSERT PortfolioScheduleDataRules (StartDate,EndDate,Tenor,Calendar,Convention,TermConvention,RuleName,LegDataId,Id) VALUES ('20210301','20360301','1Y','TARGET','F','F','Forward',27009,27008)
INSERT PortfolioLegData (LegType,Payer,Currency,DayCounter,PaymentConvention,Id,TradeId,FloatingLegIndexName,FloatingLegIsInArrears,FloatingLegFixingDays) VALUES ('Floating','true','EUR','A360','MF',27010,'27Swaption_5_15','EUR-EURIBOR-6M','false',2)
INSERT PortfolioLegNotionals (Notional,LegDataId,SeqId) VALUES (10000000.000000,27010,0)
INSERT PortfolioFloatingLegSpreads (Spread,LegDataId,SeqId) VALUES (0.000000,27010,0)
INSERT PortfolioScheduleDataRules (StartDate,EndDate,Tenor,Calendar,Convention,TermConvention,RuleName,LegDataId,Id) VALUES ('20210301','20360301','6M','TARGET','MF','MF','Forward',27010,27009)

INSERT PortfolioTrades (TradeType,id,CounterParty,NettingSetId) VALUES ('Swaption','27Swaption_6_14','CPTY_A','27CPTY_A')
INSERT PortfolioAdditionalFields (GroupingId,TradeId) VALUES ('Example_27','27Swaption_6_14')
INSERT PortfolioSwaptionData (TradeId,OptionDataLongShort,OptionDataOptionType,OptionDataStyle,OptionDataSettlement,OptionDataPayOffAtExpiry) VALUES ('27Swaption_6_14','Long','Call','European','Cash','false')
INSERT PortfolioOptionExercises (ExerciseDate,TradeId) VALUES ('20220301','27Swaption_6_14')
INSERT PortfolioLegData (LegType,Payer,Currency,DayCounter,PaymentConvention,Id,TradeId) VALUES ('Fixed','false','EUR','30/360','F',27011,'27Swaption_6_14')
INSERT PortfolioLegNotionals (Notional,LegDataId,SeqId) VALUES (10000000.000000,27011,0)
INSERT PortfolioFixedLegCPIRates (Rate,LegDataId,SeqId) VALUES (0.02,27011,0)
INSERT PortfolioScheduleDataRules (StartDate,EndDate,Tenor,Calendar,Convention,TermConvention,RuleName,LegDataId,Id) VALUES ('20220301','20360301','1Y','TARGET','F','F','Forward',27011,27010)
INSERT PortfolioLegData (LegType,Payer,Currency,DayCounter,PaymentConvention,Id,TradeId,FloatingLegIndexName,FloatingLegIsInArrears,FloatingLegFixingDays) VALUES ('Floating','true','EUR','A360','MF',27012,'27Swaption_6_14','EUR-EURIBOR-6M','false',2)
INSERT PortfolioLegNotionals (Notional,LegDataId,SeqId) VALUES (10000000.000000,27012,0)
INSERT PortfolioFloatingLegSpreads (Spread,LegDataId,SeqId) VALUES (0.000000,27012,0)
INSERT PortfolioScheduleDataRules (StartDate,EndDate,Tenor,Calendar,Convention,TermConvention,RuleName,LegDataId,Id) VALUES ('20220301','20360301','6M','TARGET','MF','MF','Forward',27012,27011)

INSERT PortfolioTrades (TradeType,id,CounterParty,NettingSetId) VALUES ('Swaption','27Swaption_7_13','CPTY_A','27CPTY_A')
INSERT PortfolioAdditionalFields (GroupingId,TradeId) VALUES ('Example_27','27Swaption_7_13')
INSERT PortfolioSwaptionData (TradeId,OptionDataLongShort,OptionDataOptionType,OptionDataStyle,OptionDataSettlement,OptionDataPayOffAtExpiry) VALUES ('27Swaption_7_13','Long','Call','European','Cash','false')
INSERT PortfolioOptionExercises (ExerciseDate,TradeId) VALUES ('20230301','27Swaption_7_13')
INSERT PortfolioLegData (LegType,Payer,Currency,DayCounter,PaymentConvention,Id,TradeId) VALUES ('Fixed','false','EUR','30/360','F',27013,'27Swaption_7_13')
INSERT PortfolioLegNotionals (Notional,LegDataId,SeqId) VALUES (10000000.000000,27013,0)
INSERT PortfolioFixedLegCPIRates (Rate,LegDataId,SeqId) VALUES (0.02,27013,0)
INSERT PortfolioScheduleDataRules (StartDate,EndDate,Tenor,Calendar,Convention,TermConvention,RuleName,LegDataId,Id) VALUES ('20230301','20360301','1Y','TARGET','F','F','Forward',27013,27012)
INSERT PortfolioLegData (LegType,Payer,Currency,DayCounter,PaymentConvention,Id,TradeId,FloatingLegIndexName,FloatingLegIsInArrears,FloatingLegFixingDays) VALUES ('Floating','true','EUR','A360','MF',27014,'27Swaption_7_13','EUR-EURIBOR-6M','false',2)
INSERT PortfolioLegNotionals (Notional,LegDataId,SeqId) VALUES (10000000.000000,27014,0)
INSERT PortfolioFloatingLegSpreads (Spread,LegDataId,SeqId) VALUES (0.000000,27014,0)
INSERT PortfolioScheduleDataRules (StartDate,EndDate,Tenor,Calendar,Convention,TermConvention,RuleName,LegDataId,Id) VALUES ('20230301','20360301','6M','TARGET','MF','MF','Forward',27014,27013)

INSERT PortfolioTrades (TradeType,id,CounterParty,NettingSetId) VALUES ('Swaption','27Swaption_8_12','CPTY_A','27CPTY_A')
INSERT PortfolioAdditionalFields (GroupingId,TradeId) VALUES ('Example_27','27Swaption_8_12')
INSERT PortfolioSwaptionData (TradeId,OptionDataLongShort,OptionDataOptionType,OptionDataStyle,OptionDataSettlement,OptionDataPayOffAtExpiry) VALUES ('27Swaption_8_12','Long','Call','European','Cash','false')
INSERT PortfolioOptionExercises (ExerciseDate,TradeId) VALUES ('20240301','27Swaption_8_12')
INSERT PortfolioLegData (LegType,Payer,Currency,DayCounter,PaymentConvention,Id,TradeId) VALUES ('Fixed','false','EUR','30/360','F',27015,'27Swaption_8_12')
INSERT PortfolioLegNotionals (Notional,LegDataId,SeqId) VALUES (10000000.000000,27015,0)
INSERT PortfolioFixedLegCPIRates (Rate,LegDataId,SeqId) VALUES (0.02,27015,0)
INSERT PortfolioScheduleDataRules (StartDate,EndDate,Tenor,Calendar,Convention,TermConvention,RuleName,LegDataId,Id) VALUES ('20240301','20360301','1Y','TARGET','F','F','Forward',27015,27014)
INSERT PortfolioLegData (LegType,Payer,Currency,DayCounter,PaymentConvention,Id,TradeId,FloatingLegIndexName,FloatingLegIsInArrears,FloatingLegFixingDays) VALUES ('Floating','true','EUR','A360','MF',27016,'27Swaption_8_12','EUR-EURIBOR-6M','false',2)
INSERT PortfolioLegNotionals (Notional,LegDataId,SeqId) VALUES (10000000.000000,27016,0)
INSERT PortfolioFloatingLegSpreads (Spread,LegDataId,SeqId) VALUES (0.000000,27016,0)
INSERT PortfolioScheduleDataRules (StartDate,EndDate,Tenor,Calendar,Convention,TermConvention,RuleName,LegDataId,Id) VALUES ('20240301','20360301','6M','TARGET','MF','MF','Forward',27016,27015)

INSERT PortfolioTrades (TradeType,id,CounterParty,NettingSetId) VALUES ('Swaption','27Swaption_9_11','CPTY_A','27CPTY_A')
INSERT PortfolioAdditionalFields (GroupingId,TradeId) VALUES ('Example_27','27Swaption_9_11')
INSERT PortfolioSwaptionData (TradeId,OptionDataLongShort,OptionDataOptionType,OptionDataStyle,OptionDataSettlement,OptionDataPayOffAtExpiry) VALUES ('27Swaption_9_11','Long','Call','European','Cash','false')
INSERT PortfolioOptionExercises (ExerciseDate,TradeId) VALUES ('20250301','27Swaption_9_11')
INSERT PortfolioLegData (LegType,Payer,Currency,DayCounter,PaymentConvention,Id,TradeId) VALUES ('Fixed','false','EUR','30/360','F',27017,'27Swaption_9_11')
INSERT PortfolioLegNotionals (Notional,LegDataId,SeqId) VALUES (10000000.000000,27017,0)
INSERT PortfolioFixedLegCPIRates (Rate,LegDataId,SeqId) VALUES (0.02,27017,0)
INSERT PortfolioScheduleDataRules (StartDate,EndDate,Tenor,Calendar,Convention,TermConvention,RuleName,LegDataId,Id) VALUES ('20250301','20360301','1Y','TARGET','F','F','Forward',27017,27016)
INSERT PortfolioLegData (LegType,Payer,Currency,DayCounter,PaymentConvention,Id,TradeId,FloatingLegIndexName,FloatingLegIsInArrears,FloatingLegFixingDays) VALUES ('Floating','true','EUR','A360','MF',27018,'27Swaption_9_11','EUR-EURIBOR-6M','false',2)
INSERT PortfolioLegNotionals (Notional,LegDataId,SeqId) VALUES (10000000.000000,27018,0)
INSERT PortfolioFloatingLegSpreads (Spread,LegDataId,SeqId) VALUES (0.000000,27018,0)
INSERT PortfolioScheduleDataRules (StartDate,EndDate,Tenor,Calendar,Convention,TermConvention,RuleName,LegDataId,Id) VALUES ('20250301','20360301','6M','TARGET','MF','MF','Forward',27018,27017)

INSERT PortfolioTrades (TradeType,id,CounterParty,NettingSetId) VALUES ('Swaption','27Swaption_10_10','CPTY_A','27CPTY_A')
INSERT PortfolioAdditionalFields (GroupingId,TradeId) VALUES ('Example_27','27Swaption_10_10')
INSERT PortfolioSwaptionData (TradeId,OptionDataLongShort,OptionDataOptionType,OptionDataStyle,OptionDataSettlement,OptionDataPayOffAtExpiry) VALUES ('27Swaption_10_10','Long','Call','European','Cash','false')
INSERT PortfolioOptionExercises (ExerciseDate,TradeId) VALUES ('20260301','27Swaption_10_10')
INSERT PortfolioLegData (LegType,Payer,Currency,DayCounter,PaymentConvention,Id,TradeId) VALUES ('Fixed','false','EUR','30/360','F',27019,'27Swaption_10_10')
INSERT PortfolioLegNotionals (Notional,LegDataId,SeqId) VALUES (10000000.000000,27019,0)
INSERT PortfolioFixedLegCPIRates (Rate,LegDataId,SeqId) VALUES (0.02,27019,0)
INSERT PortfolioScheduleDataRules (StartDate,EndDate,Tenor,Calendar,Convention,TermConvention,RuleName,LegDataId,Id) VALUES ('20260301','20360301','1Y','TARGET','F','F','Forward',27019,27018)
INSERT PortfolioLegData (LegType,Payer,Currency,DayCounter,PaymentConvention,Id,TradeId,FloatingLegIndexName,FloatingLegIsInArrears,FloatingLegFixingDays) VALUES ('Floating','true','EUR','A360','MF',27020,'27Swaption_10_10','EUR-EURIBOR-6M','false',2)
INSERT PortfolioLegNotionals (Notional,LegDataId,SeqId) VALUES (10000000.000000,27020,0)
INSERT PortfolioFloatingLegSpreads (Spread,LegDataId,SeqId) VALUES (0.000000,27020,0)
INSERT PortfolioScheduleDataRules (StartDate,EndDate,Tenor,Calendar,Convention,TermConvention,RuleName,LegDataId,Id) VALUES ('20260301','20360301','6M','TARGET','MF','MF','Forward',27020,27019)

INSERT PortfolioTrades (TradeType,id,CounterParty,NettingSetId) VALUES ('Swaption','27Swaption_11_9','CPTY_A','27CPTY_A')
INSERT PortfolioAdditionalFields (GroupingId,TradeId) VALUES ('Example_27','27Swaption_11_9')
INSERT PortfolioSwaptionData (TradeId,OptionDataLongShort,OptionDataOptionType,OptionDataStyle,OptionDataSettlement,OptionDataPayOffAtExpiry) VALUES ('27Swaption_11_9','Long','Call','European','Cash','false')
INSERT PortfolioOptionExercises (ExerciseDate,TradeId) VALUES ('20270301','27Swaption_11_9')
INSERT PortfolioLegData (LegType,Payer,Currency,DayCounter,PaymentConvention,Id,TradeId) VALUES ('Fixed','false','EUR','30/360','F',27021,'27Swaption_11_9')
INSERT PortfolioLegNotionals (Notional,LegDataId,SeqId) VALUES (10000000.000000,27021,0)
INSERT PortfolioFixedLegCPIRates (Rate,LegDataId,SeqId) VALUES (0.02,27021,0)
INSERT PortfolioScheduleDataRules (StartDate,EndDate,Tenor,Calendar,Convention,TermConvention,RuleName,LegDataId,Id) VALUES ('20270301','20360301','1Y','TARGET','F','F','Forward',27021,27020)
INSERT PortfolioLegData (LegType,Payer,Currency,DayCounter,PaymentConvention,Id,TradeId,FloatingLegIndexName,FloatingLegIsInArrears,FloatingLegFixingDays) VALUES ('Floating','true','EUR','A360','MF',27022,'27Swaption_11_9','EUR-EURIBOR-6M','false',2)
INSERT PortfolioLegNotionals (Notional,LegDataId,SeqId) VALUES (10000000.000000,27022,0)
INSERT PortfolioFloatingLegSpreads (Spread,LegDataId,SeqId) VALUES (0.000000,27022,0)
INSERT PortfolioScheduleDataRules (StartDate,EndDate,Tenor,Calendar,Convention,TermConvention,RuleName,LegDataId,Id) VALUES ('20270301','20360301','6M','TARGET','MF','MF','Forward',27022,27021)

INSERT PortfolioTrades (TradeType,id,CounterParty,NettingSetId) VALUES ('Swaption','27Swaption_12_8','CPTY_A','27CPTY_A')
INSERT PortfolioAdditionalFields (GroupingId,TradeId) VALUES ('Example_27','27Swaption_12_8')
INSERT PortfolioSwaptionData (TradeId,OptionDataLongShort,OptionDataOptionType,OptionDataStyle,OptionDataSettlement,OptionDataPayOffAtExpiry) VALUES ('27Swaption_12_8','Long','Call','European','Cash','false')
INSERT PortfolioOptionExercises (ExerciseDate,TradeId) VALUES ('20280301','27Swaption_12_8')
INSERT PortfolioLegData (LegType,Payer,Currency,DayCounter,PaymentConvention,Id,TradeId) VALUES ('Fixed','false','EUR','30/360','F',27023,'27Swaption_12_8')
INSERT PortfolioLegNotionals (Notional,LegDataId,SeqId) VALUES (10000000.000000,27023,0)
INSERT PortfolioFixedLegCPIRates (Rate,LegDataId,SeqId) VALUES (0.02,27023,0)
INSERT PortfolioScheduleDataRules (StartDate,EndDate,Tenor,Calendar,Convention,TermConvention,RuleName,LegDataId,Id) VALUES ('20280301','20360301','1Y','TARGET','F','F','Forward',27023,27022)
INSERT PortfolioLegData (LegType,Payer,Currency,DayCounter,PaymentConvention,Id,TradeId,FloatingLegIndexName,FloatingLegIsInArrears,FloatingLegFixingDays) VALUES ('Floating','true','EUR','A360','MF',27024,'27Swaption_12_8','EUR-EURIBOR-6M','false',2)
INSERT PortfolioLegNotionals (Notional,LegDataId,SeqId) VALUES (10000000.000000,27024,0)
INSERT PortfolioFloatingLegSpreads (Spread,LegDataId,SeqId) VALUES (0.000000,27024,0)
INSERT PortfolioScheduleDataRules (StartDate,EndDate,Tenor,Calendar,Convention,TermConvention,RuleName,LegDataId,Id) VALUES ('20280301','20360301','6M','TARGET','MF','MF','Forward',27024,27023)

INSERT PortfolioTrades (TradeType,id,CounterParty,NettingSetId) VALUES ('Swaption','27Swaption_13_7','CPTY_A','27CPTY_A')
INSERT PortfolioAdditionalFields (GroupingId,TradeId) VALUES ('Example_27','27Swaption_13_7')
INSERT PortfolioSwaptionData (TradeId,OptionDataLongShort,OptionDataOptionType,OptionDataStyle,OptionDataSettlement,OptionDataPayOffAtExpiry) VALUES ('27Swaption_13_7','Long','Call','European','Cash','false')
INSERT PortfolioOptionExercises (ExerciseDate,TradeId) VALUES ('20290301','27Swaption_13_7')
INSERT PortfolioLegData (LegType,Payer,Currency,DayCounter,PaymentConvention,Id,TradeId) VALUES ('Fixed','false','EUR','30/360','F',27025,'27Swaption_13_7')
INSERT PortfolioLegNotionals (Notional,LegDataId,SeqId) VALUES (10000000.000000,27025,0)
INSERT PortfolioFixedLegCPIRates (Rate,LegDataId,SeqId) VALUES (0.02,27025,0)
INSERT PortfolioScheduleDataRules (StartDate,EndDate,Tenor,Calendar,Convention,TermConvention,RuleName,LegDataId,Id) VALUES ('20290301','20360301','1Y','TARGET','F','F','Forward',27025,27024)
INSERT PortfolioLegData (LegType,Payer,Currency,DayCounter,PaymentConvention,Id,TradeId,FloatingLegIndexName,FloatingLegIsInArrears,FloatingLegFixingDays) VALUES ('Floating','true','EUR','A360','MF',27026,'27Swaption_13_7','EUR-EURIBOR-6M','false',2)
INSERT PortfolioLegNotionals (Notional,LegDataId,SeqId) VALUES (10000000.000000,27026,0)
INSERT PortfolioFloatingLegSpreads (Spread,LegDataId,SeqId) VALUES (0.000000,27026,0)
INSERT PortfolioScheduleDataRules (StartDate,EndDate,Tenor,Calendar,Convention,TermConvention,RuleName,LegDataId,Id) VALUES ('20290301','20360301','6M','TARGET','MF','MF','Forward',27026,27025)

INSERT PortfolioTrades (TradeType,id,CounterParty,NettingSetId) VALUES ('Swaption','27Swaption_14_6','CPTY_A','27CPTY_A')
INSERT PortfolioAdditionalFields (GroupingId,TradeId) VALUES ('Example_27','27Swaption_14_6')
INSERT PortfolioSwaptionData (TradeId,OptionDataLongShort,OptionDataOptionType,OptionDataStyle,OptionDataSettlement,OptionDataPayOffAtExpiry) VALUES ('27Swaption_14_6','Long','Call','European','Cash','false')
INSERT PortfolioOptionExercises (ExerciseDate,TradeId) VALUES ('20300301','27Swaption_14_6')
INSERT PortfolioLegData (LegType,Payer,Currency,DayCounter,PaymentConvention,Id,TradeId) VALUES ('Fixed','false','EUR','30/360','F',27027,'27Swaption_14_6')
INSERT PortfolioLegNotionals (Notional,LegDataId,SeqId) VALUES (10000000.000000,27027,0)
INSERT PortfolioFixedLegCPIRates (Rate,LegDataId,SeqId) VALUES (0.02,27027,0)
INSERT PortfolioScheduleDataRules (StartDate,EndDate,Tenor,Calendar,Convention,TermConvention,RuleName,LegDataId,Id) VALUES ('20300301','20360301','1Y','TARGET','F','F','Forward',27027,27026)
INSERT PortfolioLegData (LegType,Payer,Currency,DayCounter,PaymentConvention,Id,TradeId,FloatingLegIndexName,FloatingLegIsInArrears,FloatingLegFixingDays) VALUES ('Floating','true','EUR','A360','MF',27028,'27Swaption_14_6','EUR-EURIBOR-6M','false',2)
INSERT PortfolioLegNotionals (Notional,LegDataId,SeqId) VALUES (10000000.000000,27028,0)
INSERT PortfolioFloatingLegSpreads (Spread,LegDataId,SeqId) VALUES (0.000000,27028,0)
INSERT PortfolioScheduleDataRules (StartDate,EndDate,Tenor,Calendar,Convention,TermConvention,RuleName,LegDataId,Id) VALUES ('20300301','20360301','6M','TARGET','MF','MF','Forward',27028,27027)

INSERT PortfolioTrades (TradeType,id,CounterParty,NettingSetId) VALUES ('Swaption','27Swaption_15_5','CPTY_A','27CPTY_A')
INSERT PortfolioAdditionalFields (GroupingId,TradeId) VALUES ('Example_27','27Swaption_15_5')
INSERT PortfolioSwaptionData (TradeId,OptionDataLongShort,OptionDataOptionType,OptionDataStyle,OptionDataSettlement,OptionDataPayOffAtExpiry) VALUES ('27Swaption_15_5','Long','Call','European','Cash','false')
INSERT PortfolioOptionExercises (ExerciseDate,TradeId) VALUES ('20310301','27Swaption_15_5')
INSERT PortfolioLegData (LegType,Payer,Currency,DayCounter,PaymentConvention,Id,TradeId) VALUES ('Fixed','false','EUR','30/360','F',27029,'27Swaption_15_5')
INSERT PortfolioLegNotionals (Notional,LegDataId,SeqId) VALUES (10000000.000000,27029,0)
INSERT PortfolioFixedLegCPIRates (Rate,LegDataId,SeqId) VALUES (0.02,27029,0)
INSERT PortfolioScheduleDataRules (StartDate,EndDate,Tenor,Calendar,Convention,TermConvention,RuleName,LegDataId,Id) VALUES ('20310301','20360301','1Y','TARGET','F','F','Forward',27029,27028)
INSERT PortfolioLegData (LegType,Payer,Currency,DayCounter,PaymentConvention,Id,TradeId,FloatingLegIndexName,FloatingLegIsInArrears,FloatingLegFixingDays) VALUES ('Floating','true','EUR','A360','MF',27030,'27Swaption_15_5','EUR-EURIBOR-6M','false',2)
INSERT PortfolioLegNotionals (Notional,LegDataId,SeqId) VALUES (10000000.000000,27030,0)
INSERT PortfolioFloatingLegSpreads (Spread,LegDataId,SeqId) VALUES (0.000000,27030,0)
INSERT PortfolioScheduleDataRules (StartDate,EndDate,Tenor,Calendar,Convention,TermConvention,RuleName,LegDataId,Id) VALUES ('20310301','20360301','6M','TARGET','MF','MF','Forward',27030,27029)

INSERT PortfolioTrades (TradeType,id,CounterParty,NettingSetId) VALUES ('Swaption','27Swaption_16_4','CPTY_A','27CPTY_A')
INSERT PortfolioAdditionalFields (GroupingId,TradeId) VALUES ('Example_27','27Swaption_16_4')
INSERT PortfolioSwaptionData (TradeId,OptionDataLongShort,OptionDataOptionType,OptionDataStyle,OptionDataSettlement,OptionDataPayOffAtExpiry) VALUES ('27Swaption_16_4','Long','Call','European','Cash','false')
INSERT PortfolioOptionExercises (ExerciseDate,TradeId) VALUES ('20320301','27Swaption_16_4')
INSERT PortfolioLegData (LegType,Payer,Currency,DayCounter,PaymentConvention,Id,TradeId) VALUES ('Fixed','false','EUR','30/360','F',27031,'27Swaption_16_4')
INSERT PortfolioLegNotionals (Notional,LegDataId,SeqId) VALUES (10000000.000000,27031,0)
INSERT PortfolioFixedLegCPIRates (Rate,LegDataId,SeqId) VALUES (0.02,27031,0)
INSERT PortfolioScheduleDataRules (StartDate,EndDate,Tenor,Calendar,Convention,TermConvention,RuleName,LegDataId,Id) VALUES ('20320301','20360301','1Y','TARGET','F','F','Forward',27031,27030)
INSERT PortfolioLegData (LegType,Payer,Currency,DayCounter,PaymentConvention,Id,TradeId,FloatingLegIndexName,FloatingLegIsInArrears,FloatingLegFixingDays) VALUES ('Floating','true','EUR','A360','MF',27032,'27Swaption_16_4','EUR-EURIBOR-6M','false',2)
INSERT PortfolioLegNotionals (Notional,LegDataId,SeqId) VALUES (10000000.000000,27032,0)
INSERT PortfolioFloatingLegSpreads (Spread,LegDataId,SeqId) VALUES (0.000000,27032,0)
INSERT PortfolioScheduleDataRules (StartDate,EndDate,Tenor,Calendar,Convention,TermConvention,RuleName,LegDataId,Id) VALUES ('20320301','20360301','6M','TARGET','MF','MF','Forward',27032,27031)

INSERT PortfolioTrades (TradeType,id,CounterParty,NettingSetId) VALUES ('Swaption','27Swaption_17_3','CPTY_A','27CPTY_A')
INSERT PortfolioAdditionalFields (GroupingId,TradeId) VALUES ('Example_27','27Swaption_17_3')
INSERT PortfolioSwaptionData (TradeId,OptionDataLongShort,OptionDataOptionType,OptionDataStyle,OptionDataSettlement,OptionDataPayOffAtExpiry) VALUES ('27Swaption_17_3','Long','Call','European','Cash','false')
INSERT PortfolioOptionExercises (ExerciseDate,TradeId) VALUES ('20330301','27Swaption_17_3')
INSERT PortfolioLegData (LegType,Payer,Currency,DayCounter,PaymentConvention,Id,TradeId) VALUES ('Fixed','false','EUR','30/360','F',27033,'27Swaption_17_3')
INSERT PortfolioLegNotionals (Notional,LegDataId,SeqId) VALUES (10000000.000000,27033,0)
INSERT PortfolioFixedLegCPIRates (Rate,LegDataId,SeqId) VALUES (0.02,27033,0)
INSERT PortfolioScheduleDataRules (StartDate,EndDate,Tenor,Calendar,Convention,TermConvention,RuleName,LegDataId,Id) VALUES ('20330301','20360301','1Y','TARGET','F','F','Forward',27033,27032)
INSERT PortfolioLegData (LegType,Payer,Currency,DayCounter,PaymentConvention,Id,TradeId,FloatingLegIndexName,FloatingLegIsInArrears,FloatingLegFixingDays) VALUES ('Floating','true','EUR','A360','MF',27034,'27Swaption_17_3','EUR-EURIBOR-6M','false',2)
INSERT PortfolioLegNotionals (Notional,LegDataId,SeqId) VALUES (10000000.000000,27034,0)
INSERT PortfolioFloatingLegSpreads (Spread,LegDataId,SeqId) VALUES (0.000000,27034,0)
INSERT PortfolioScheduleDataRules (StartDate,EndDate,Tenor,Calendar,Convention,TermConvention,RuleName,LegDataId,Id) VALUES ('20330301','20360301','6M','TARGET','MF','MF','Forward',27034,27033)

INSERT PortfolioTrades (TradeType,id,CounterParty,NettingSetId) VALUES ('Swaption','27Swaption_18_2','CPTY_A','27CPTY_A')
INSERT PortfolioAdditionalFields (GroupingId,TradeId) VALUES ('Example_27','27Swaption_18_2')
INSERT PortfolioSwaptionData (TradeId,OptionDataLongShort,OptionDataOptionType,OptionDataStyle,OptionDataSettlement,OptionDataPayOffAtExpiry) VALUES ('27Swaption_18_2','Long','Call','European','Cash','false')
INSERT PortfolioOptionExercises (ExerciseDate,TradeId) VALUES ('20340301','27Swaption_18_2')
INSERT PortfolioLegData (LegType,Payer,Currency,DayCounter,PaymentConvention,Id,TradeId) VALUES ('Fixed','false','EUR','30/360','F',27035,'27Swaption_18_2')
INSERT PortfolioLegNotionals (Notional,LegDataId,SeqId) VALUES (10000000.000000,27035,0)
INSERT PortfolioFixedLegCPIRates (Rate,LegDataId,SeqId) VALUES (0.02,27035,0)
INSERT PortfolioScheduleDataRules (StartDate,EndDate,Tenor,Calendar,Convention,TermConvention,RuleName,LegDataId,Id) VALUES ('20340301','20360301','1Y','TARGET','F','F','Forward',27035,27034)
INSERT PortfolioLegData (LegType,Payer,Currency,DayCounter,PaymentConvention,Id,TradeId,FloatingLegIndexName,FloatingLegIsInArrears,FloatingLegFixingDays) VALUES ('Floating','true','EUR','A360','MF',27036,'27Swaption_18_2','EUR-EURIBOR-6M','false',2)
INSERT PortfolioLegNotionals (Notional,LegDataId,SeqId) VALUES (10000000.000000,27036,0)
INSERT PortfolioFloatingLegSpreads (Spread,LegDataId,SeqId) VALUES (0.000000,27036,0)
INSERT PortfolioScheduleDataRules (StartDate,EndDate,Tenor,Calendar,Convention,TermConvention,RuleName,LegDataId,Id) VALUES ('20340301','20360301','6M','TARGET','MF','MF','Forward',27036,27035)

INSERT PortfolioTrades (TradeType,id,CounterParty,NettingSetId) VALUES ('Swaption','27Swaption_19_1','CPTY_A','27CPTY_A')
INSERT PortfolioAdditionalFields (GroupingId,TradeId) VALUES ('Example_27','27Swaption_19_1')
INSERT PortfolioSwaptionData (TradeId,OptionDataLongShort,OptionDataOptionType,OptionDataStyle,OptionDataSettlement,OptionDataPayOffAtExpiry) VALUES ('27Swaption_19_1','Long','Call','European','Cash','false')
INSERT PortfolioOptionExercises (ExerciseDate,TradeId) VALUES ('20350301','27Swaption_19_1')
INSERT PortfolioLegData (LegType,Payer,Currency,DayCounter,PaymentConvention,Id,TradeId) VALUES ('Fixed','false','EUR','30/360','F',27037,'27Swaption_19_1')
INSERT PortfolioLegNotionals (Notional,LegDataId,SeqId) VALUES (10000000.000000,27037,0)
INSERT PortfolioFixedLegCPIRates (Rate,LegDataId,SeqId) VALUES (0.02,27037,0)
INSERT PortfolioScheduleDataRules (StartDate,EndDate,Tenor,Calendar,Convention,TermConvention,RuleName,LegDataId,Id) VALUES ('20350301','20360301','1Y','TARGET','F','F','Forward',27037,27036)
INSERT PortfolioLegData (LegType,Payer,Currency,DayCounter,PaymentConvention,Id,TradeId,FloatingLegIndexName,FloatingLegIsInArrears,FloatingLegFixingDays) VALUES ('Floating','true','EUR','A360','MF',27038,'27Swaption_19_1','EUR-EURIBOR-6M','false',2)
INSERT PortfolioLegNotionals (Notional,LegDataId,SeqId) VALUES (10000000.000000,27038,0)
INSERT PortfolioFloatingLegSpreads (Spread,LegDataId,SeqId) VALUES (0.000000,27038,0)
INSERT PortfolioScheduleDataRules (StartDate,EndDate,Tenor,Calendar,Convention,TermConvention,RuleName,LegDataId,Id) VALUES ('20350301','20360301','6M','TARGET','MF','MF','Forward',27038,27037)

INSERT PortfolioTrades (TradeType,id,CounterParty,NettingSetId) VALUES ('Swaption','28Swaption_1_19','CPTY_A','28CPTY_A')
INSERT PortfolioAdditionalFields (GroupingId,TradeId) VALUES ('Example_28','28Swaption_1_19')
INSERT PortfolioSwaptionData (TradeId,OptionDataLongShort,OptionDataOptionType,OptionDataStyle,OptionDataSettlement,OptionDataPayOffAtExpiry) VALUES ('28Swaption_1_19','Long','Call','European','Cash','false')
INSERT PortfolioOptionExercises (ExerciseDate,TradeId) VALUES ('20161028','28Swaption_1_19')
INSERT PortfolioLegData (LegType,Payer,Currency,DayCounter,PaymentConvention,Id,TradeId) VALUES ('Fixed','false','EUR','30/360','F',28001,'28Swaption_1_19')
INSERT PortfolioLegNotionals (Notional,LegDataId,SeqId) VALUES (10000000.000000,28001,0)
INSERT PortfolioFixedLegCPIRates (Rate,LegDataId,SeqId) VALUES (0.02,28001,0)
INSERT PortfolioScheduleDataRules (StartDate,EndDate,Tenor,Calendar,Convention,TermConvention,RuleName,LegDataId,Id) VALUES ('20161028','20351028','1Y','TARGET','F','F','Forward',28001,28000)
INSERT PortfolioLegData (LegType,Payer,Currency,DayCounter,PaymentConvention,Id,TradeId,FloatingLegIndexName,FloatingLegIsInArrears,FloatingLegFixingDays) VALUES ('Floating','true','EUR','A360','MF',28002,'28Swaption_1_19','EUR-EURIBOR-6M','false',2)
INSERT PortfolioLegNotionals (Notional,LegDataId,SeqId) VALUES (10000000.000000,28002,0)
INSERT PortfolioFloatingLegSpreads (Spread,LegDataId,SeqId) VALUES (0.000000,28002,0)
INSERT PortfolioScheduleDataRules (StartDate,EndDate,Tenor,Calendar,Convention,TermConvention,RuleName,LegDataId,Id) VALUES ('20161028','20351028','6M','TARGET','MF','MF','Forward',28002,28001)

INSERT PortfolioTrades (TradeType,id,CounterParty,NettingSetId) VALUES ('Swaption','28Swaption_2_18','CPTY_A','28CPTY_A')
INSERT PortfolioAdditionalFields (GroupingId,TradeId) VALUES ('Example_28','28Swaption_2_18')
INSERT PortfolioSwaptionData (TradeId,OptionDataLongShort,OptionDataOptionType,OptionDataStyle,OptionDataSettlement,OptionDataPayOffAtExpiry) VALUES ('28Swaption_2_18','Long','Call','European','Cash','false')
INSERT PortfolioOptionExercises (ExerciseDate,TradeId) VALUES ('20171028','28Swaption_2_18')
INSERT PortfolioLegData (LegType,Payer,Currency,DayCounter,PaymentConvention,Id,TradeId) VALUES ('Fixed','false','EUR','30/360','F',28003,'28Swaption_2_18')
INSERT PortfolioLegNotionals (Notional,LegDataId,SeqId) VALUES (10000000.000000,28003,0)
INSERT PortfolioFixedLegCPIRates (Rate,LegDataId,SeqId) VALUES (0.02,28003,0)
INSERT PortfolioScheduleDataRules (StartDate,EndDate,Tenor,Calendar,Convention,TermConvention,RuleName,LegDataId,Id) VALUES ('20171028','20351028','1Y','TARGET','F','F','Forward',28003,28002)
INSERT PortfolioLegData (LegType,Payer,Currency,DayCounter,PaymentConvention,Id,TradeId,FloatingLegIndexName,FloatingLegIsInArrears,FloatingLegFixingDays) VALUES ('Floating','true','EUR','A360','MF',28004,'28Swaption_2_18','EUR-EURIBOR-6M','false',2)
INSERT PortfolioLegNotionals (Notional,LegDataId,SeqId) VALUES (10000000.000000,28004,0)
INSERT PortfolioFloatingLegSpreads (Spread,LegDataId,SeqId) VALUES (0.000000,28004,0)
INSERT PortfolioScheduleDataRules (StartDate,EndDate,Tenor,Calendar,Convention,TermConvention,RuleName,LegDataId,Id) VALUES ('20171028','20351028','6M','TARGET','MF','MF','Forward',28004,28003)

INSERT PortfolioTrades (TradeType,id,CounterParty,NettingSetId) VALUES ('Swaption','28Swaption_4_16','CPTY_A','28CPTY_A')
INSERT PortfolioAdditionalFields (GroupingId,TradeId) VALUES ('Example_28','28Swaption_4_16')
INSERT PortfolioSwaptionData (TradeId,OptionDataLongShort,OptionDataOptionType,OptionDataStyle,OptionDataSettlement,OptionDataPayOffAtExpiry) VALUES ('28Swaption_4_16','Long','Call','European','Cash','false')
INSERT PortfolioOptionExercises (ExerciseDate,TradeId) VALUES ('20191028','28Swaption_4_16')
INSERT PortfolioLegData (LegType,Payer,Currency,DayCounter,PaymentConvention,Id,TradeId) VALUES ('Fixed','false','EUR','30/360','F',28005,'28Swaption_4_16')
INSERT PortfolioLegNotionals (Notional,LegDataId,SeqId) VALUES (10000000.000000,28005,0)
INSERT PortfolioFixedLegCPIRates (Rate,LegDataId,SeqId) VALUES (0.02,28005,0)
INSERT PortfolioScheduleDataRules (StartDate,EndDate,Tenor,Calendar,Convention,TermConvention,RuleName,LegDataId,Id) VALUES ('20191028','20351028','1Y','TARGET','F','F','Forward',28005,28004)
INSERT PortfolioLegData (LegType,Payer,Currency,DayCounter,PaymentConvention,Id,TradeId,FloatingLegIndexName,FloatingLegIsInArrears,FloatingLegFixingDays) VALUES ('Floating','true','EUR','A360','MF',28006,'28Swaption_4_16','EUR-EURIBOR-6M','false',2)
INSERT PortfolioLegNotionals (Notional,LegDataId,SeqId) VALUES (10000000.000000,28006,0)
INSERT PortfolioFloatingLegSpreads (Spread,LegDataId,SeqId) VALUES (0.000000,28006,0)
INSERT PortfolioScheduleDataRules (StartDate,EndDate,Tenor,Calendar,Convention,TermConvention,RuleName,LegDataId,Id) VALUES ('20191028','20351028','6M','TARGET','MF','MF','Forward',28006,28005)

INSERT PortfolioTrades (TradeType,id,CounterParty,NettingSetId) VALUES ('Swaption','28Swaption_6_14','CPTY_A','28CPTY_A')
INSERT PortfolioAdditionalFields (GroupingId,TradeId) VALUES ('Example_28','28Swaption_6_14')
INSERT PortfolioSwaptionData (TradeId,OptionDataLongShort,OptionDataOptionType,OptionDataStyle,OptionDataSettlement,OptionDataPayOffAtExpiry) VALUES ('28Swaption_6_14','Long','Call','European','Cash','false')
INSERT PortfolioOptionExercises (ExerciseDate,TradeId) VALUES ('20211028','28Swaption_6_14')
INSERT PortfolioLegData (LegType,Payer,Currency,DayCounter,PaymentConvention,Id,TradeId) VALUES ('Fixed','false','EUR','30/360','F',28007,'28Swaption_6_14')
INSERT PortfolioLegNotionals (Notional,LegDataId,SeqId) VALUES (10000000.000000,28007,0)
INSERT PortfolioFixedLegCPIRates (Rate,LegDataId,SeqId) VALUES (0.02,28007,0)
INSERT PortfolioScheduleDataRules (StartDate,EndDate,Tenor,Calendar,Convention,TermConvention,RuleName,LegDataId,Id) VALUES ('20211028','20351028','1Y','TARGET','F','F','Forward',28007,28006)
INSERT PortfolioLegData (LegType,Payer,Currency,DayCounter,PaymentConvention,Id,TradeId,FloatingLegIndexName,FloatingLegIsInArrears,FloatingLegFixingDays) VALUES ('Floating','true','EUR','A360','MF',28008,'28Swaption_6_14','EUR-EURIBOR-6M','false',2)
INSERT PortfolioLegNotionals (Notional,LegDataId,SeqId) VALUES (10000000.000000,28008,0)
INSERT PortfolioFloatingLegSpreads (Spread,LegDataId,SeqId) VALUES (0.000000,28008,0)
INSERT PortfolioScheduleDataRules (StartDate,EndDate,Tenor,Calendar,Convention,TermConvention,RuleName,LegDataId,Id) VALUES ('20211028','20351028','6M','TARGET','MF','MF','Forward',28008,28007)

INSERT PortfolioTrades (TradeType,id,CounterParty,NettingSetId) VALUES ('Swaption','28Swaption_8_12','CPTY_A','28CPTY_A')
INSERT PortfolioAdditionalFields (GroupingId,TradeId) VALUES ('Example_28','28Swaption_8_12')
INSERT PortfolioSwaptionData (TradeId,OptionDataLongShort,OptionDataOptionType,OptionDataStyle,OptionDataSettlement,OptionDataPayOffAtExpiry) VALUES ('28Swaption_8_12','Long','Call','European','Cash','false')
INSERT PortfolioOptionExercises (ExerciseDate,TradeId) VALUES ('20231028','28Swaption_8_12')
INSERT PortfolioLegData (LegType,Payer,Currency,DayCounter,PaymentConvention,Id,TradeId) VALUES ('Fixed','false','EUR','30/360','F',28009,'28Swaption_8_12')
INSERT PortfolioLegNotionals (Notional,LegDataId,SeqId) VALUES (10000000.000000,28009,0)
INSERT PortfolioFixedLegCPIRates (Rate,LegDataId,SeqId) VALUES (0.02,28009,0)
INSERT PortfolioScheduleDataRules (StartDate,EndDate,Tenor,Calendar,Convention,TermConvention,RuleName,LegDataId,Id) VALUES ('20231028','20351028','1Y','TARGET','F','F','Forward',28009,28008)
INSERT PortfolioLegData (LegType,Payer,Currency,DayCounter,PaymentConvention,Id,TradeId,FloatingLegIndexName,FloatingLegIsInArrears,FloatingLegFixingDays) VALUES ('Floating','true','EUR','A360','MF',28010,'28Swaption_8_12','EUR-EURIBOR-6M','false',2)
INSERT PortfolioLegNotionals (Notional,LegDataId,SeqId) VALUES (10000000.000000,28010,0)
INSERT PortfolioFloatingLegSpreads (Spread,LegDataId,SeqId) VALUES (0.000000,28010,0)
INSERT PortfolioScheduleDataRules (StartDate,EndDate,Tenor,Calendar,Convention,TermConvention,RuleName,LegDataId,Id) VALUES ('20231028','20351028','6M','TARGET','MF','MF','Forward',28010,28009)

INSERT PortfolioTrades (TradeType,id,CounterParty,NettingSetId) VALUES ('Swaption','28Swaption_10_10','CPTY_A','28CPTY_A')
INSERT PortfolioAdditionalFields (GroupingId,TradeId) VALUES ('Example_28','28Swaption_10_10')
INSERT PortfolioSwaptionData (TradeId,OptionDataLongShort,OptionDataOptionType,OptionDataStyle,OptionDataSettlement,OptionDataPayOffAtExpiry) VALUES ('28Swaption_10_10','Long','Call','European','Cash','false')
INSERT PortfolioOptionExercises (ExerciseDate,TradeId) VALUES ('20251028','28Swaption_10_10')
INSERT PortfolioLegData (LegType,Payer,Currency,DayCounter,PaymentConvention,Id,TradeId) VALUES ('Fixed','false','EUR','30/360','F',28011,'28Swaption_10_10')
INSERT PortfolioLegNotionals (Notional,LegDataId,SeqId) VALUES (10000000.000000,28011,0)
INSERT PortfolioFixedLegCPIRates (Rate,LegDataId,SeqId) VALUES (0.02,28011,0)
INSERT PortfolioScheduleDataRules (StartDate,EndDate,Tenor,Calendar,Convention,TermConvention,RuleName,LegDataId,Id) VALUES ('20251028','20351028','1Y','TARGET','F','F','Forward',28011,28010)
INSERT PortfolioLegData (LegType,Payer,Currency,DayCounter,PaymentConvention,Id,TradeId,FloatingLegIndexName,FloatingLegIsInArrears,FloatingLegFixingDays) VALUES ('Floating','true','EUR','A360','MF',28012,'28Swaption_10_10','EUR-EURIBOR-6M','false',2)
INSERT PortfolioLegNotionals (Notional,LegDataId,SeqId) VALUES (10000000.000000,28012,0)
INSERT PortfolioFloatingLegSpreads (Spread,LegDataId,SeqId) VALUES (0.000000,28012,0)
INSERT PortfolioScheduleDataRules (StartDate,EndDate,Tenor,Calendar,Convention,TermConvention,RuleName,LegDataId,Id) VALUES ('20251028','20351028','6M','TARGET','MF','MF','Forward',28012,28011)

INSERT PortfolioTrades (TradeType,id,CounterParty,NettingSetId) VALUES ('Swaption','28Swaption_12_8','CPTY_A','28CPTY_A')
INSERT PortfolioAdditionalFields (GroupingId,TradeId) VALUES ('Example_28','28Swaption_12_8')
INSERT PortfolioSwaptionData (TradeId,OptionDataLongShort,OptionDataOptionType,OptionDataStyle,OptionDataSettlement,OptionDataPayOffAtExpiry) VALUES ('28Swaption_12_8','Long','Call','European','Cash','false')
INSERT PortfolioOptionExercises (ExerciseDate,TradeId) VALUES ('20271028','28Swaption_12_8')
INSERT PortfolioLegData (LegType,Payer,Currency,DayCounter,PaymentConvention,Id,TradeId) VALUES ('Fixed','false','EUR','30/360','F',28013,'28Swaption_12_8')
INSERT PortfolioLegNotionals (Notional,LegDataId,SeqId) VALUES (10000000.000000,28013,0)
INSERT PortfolioFixedLegCPIRates (Rate,LegDataId,SeqId) VALUES (0.02,28013,0)
INSERT PortfolioScheduleDataRules (StartDate,EndDate,Tenor,Calendar,Convention,TermConvention,RuleName,LegDataId,Id) VALUES ('20271028','20351028','1Y','TARGET','F','F','Forward',28013,28012)
INSERT PortfolioLegData (LegType,Payer,Currency,DayCounter,PaymentConvention,Id,TradeId,FloatingLegIndexName,FloatingLegIsInArrears,FloatingLegFixingDays) VALUES ('Floating','true','EUR','A360','MF',28014,'28Swaption_12_8','EUR-EURIBOR-6M','false',2)
INSERT PortfolioLegNotionals (Notional,LegDataId,SeqId) VALUES (10000000.000000,28014,0)
INSERT PortfolioFloatingLegSpreads (Spread,LegDataId,SeqId) VALUES (0.000000,28014,0)
INSERT PortfolioScheduleDataRules (StartDate,EndDate,Tenor,Calendar,Convention,TermConvention,RuleName,LegDataId,Id) VALUES ('20271028','20351028','6M','TARGET','MF','MF','Forward',28014,28013)

INSERT PortfolioTrades (TradeType,id,CounterParty,NettingSetId) VALUES ('Swaption','28Swaption_14_6','CPTY_A','28CPTY_A')
INSERT PortfolioAdditionalFields (GroupingId,TradeId) VALUES ('Example_28','28Swaption_14_6')
INSERT PortfolioSwaptionData (TradeId,OptionDataLongShort,OptionDataOptionType,OptionDataStyle,OptionDataSettlement,OptionDataPayOffAtExpiry) VALUES ('28Swaption_14_6','Long','Call','European','Cash','false')
INSERT PortfolioOptionExercises (ExerciseDate,TradeId) VALUES ('20291028','28Swaption_14_6')
INSERT PortfolioLegData (LegType,Payer,Currency,DayCounter,PaymentConvention,Id,TradeId) VALUES ('Fixed','false','EUR','30/360','F',28015,'28Swaption_14_6')
INSERT PortfolioLegNotionals (Notional,LegDataId,SeqId) VALUES (10000000.000000,28015,0)
INSERT PortfolioFixedLegCPIRates (Rate,LegDataId,SeqId) VALUES (0.02,28015,0)
INSERT PortfolioScheduleDataRules (StartDate,EndDate,Tenor,Calendar,Convention,TermConvention,RuleName,LegDataId,Id) VALUES ('20291028','20351028','1Y','TARGET','F','F','Forward',28015,28014)
INSERT PortfolioLegData (LegType,Payer,Currency,DayCounter,PaymentConvention,Id,TradeId,FloatingLegIndexName,FloatingLegIsInArrears,FloatingLegFixingDays) VALUES ('Floating','true','EUR','A360','MF',28016,'28Swaption_14_6','EUR-EURIBOR-6M','false',2)
INSERT PortfolioLegNotionals (Notional,LegDataId,SeqId) VALUES (10000000.000000,28016,0)
INSERT PortfolioFloatingLegSpreads (Spread,LegDataId,SeqId) VALUES (0.000000,28016,0)
INSERT PortfolioScheduleDataRules (StartDate,EndDate,Tenor,Calendar,Convention,TermConvention,RuleName,LegDataId,Id) VALUES ('20291028','20351028','6M','TARGET','MF','MF','Forward',28016,28015)

INSERT PortfolioTrades (TradeType,id,CounterParty,NettingSetId) VALUES ('Swaption','28Swaption_16_4','CPTY_A','28CPTY_A')
INSERT PortfolioAdditionalFields (GroupingId,TradeId) VALUES ('Example_28','28Swaption_16_4')
INSERT PortfolioSwaptionData (TradeId,OptionDataLongShort,OptionDataOptionType,OptionDataStyle,OptionDataSettlement,OptionDataPayOffAtExpiry) VALUES ('28Swaption_16_4','Long','Call','European','Cash','false')
INSERT PortfolioOptionExercises (ExerciseDate,TradeId) VALUES ('20311028','28Swaption_16_4')
INSERT PortfolioLegData (LegType,Payer,Currency,DayCounter,PaymentConvention,Id,TradeId) VALUES ('Fixed','false','EUR','30/360','F',28017,'28Swaption_16_4')
INSERT PortfolioLegNotionals (Notional,LegDataId,SeqId) VALUES (10000000.000000,28017,0)
INSERT PortfolioFixedLegCPIRates (Rate,LegDataId,SeqId) VALUES (0.02,28017,0)
INSERT PortfolioScheduleDataRules (StartDate,EndDate,Tenor,Calendar,Convention,TermConvention,RuleName,LegDataId,Id) VALUES ('20311028','20351028','1Y','TARGET','F','F','Forward',28017,28016)
INSERT PortfolioLegData (LegType,Payer,Currency,DayCounter,PaymentConvention,Id,TradeId,FloatingLegIndexName,FloatingLegIsInArrears,FloatingLegFixingDays) VALUES ('Floating','true','EUR','A360','MF',28018,'28Swaption_16_4','EUR-EURIBOR-6M','false',2)
INSERT PortfolioLegNotionals (Notional,LegDataId,SeqId) VALUES (10000000.000000,28018,0)
INSERT PortfolioFloatingLegSpreads (Spread,LegDataId,SeqId) VALUES (0.000000,28018,0)
INSERT PortfolioScheduleDataRules (StartDate,EndDate,Tenor,Calendar,Convention,TermConvention,RuleName,LegDataId,Id) VALUES ('20311028','20351028','6M','TARGET','MF','MF','Forward',28018,28017)

INSERT PortfolioTrades (TradeType,id,CounterParty,NettingSetId) VALUES ('Swaption','28Swaption_18_2','CPTY_A','28CPTY_A')
INSERT PortfolioAdditionalFields (GroupingId,TradeId) VALUES ('Example_28','28Swaption_18_2')
INSERT PortfolioSwaptionData (TradeId,OptionDataLongShort,OptionDataOptionType,OptionDataStyle,OptionDataSettlement,OptionDataPayOffAtExpiry) VALUES ('28Swaption_18_2','Long','Call','European','Cash','false')
INSERT PortfolioOptionExercises (ExerciseDate,TradeId) VALUES ('20331028','28Swaption_18_2')
INSERT PortfolioLegData (LegType,Payer,Currency,DayCounter,PaymentConvention,Id,TradeId) VALUES ('Fixed','false','EUR','30/360','F',28019,'28Swaption_18_2')
INSERT PortfolioLegNotionals (Notional,LegDataId,SeqId) VALUES (10000000.000000,28019,0)
INSERT PortfolioFixedLegCPIRates (Rate,LegDataId,SeqId) VALUES (0.02,28019,0)
INSERT PortfolioScheduleDataRules (StartDate,EndDate,Tenor,Calendar,Convention,TermConvention,RuleName,LegDataId,Id) VALUES ('20331028','20351028','1Y','TARGET','F','F','Forward',28019,28018)
INSERT PortfolioLegData (LegType,Payer,Currency,DayCounter,PaymentConvention,Id,TradeId,FloatingLegIndexName,FloatingLegIsInArrears,FloatingLegFixingDays) VALUES ('Floating','true','EUR','A360','MF',28020,'28Swaption_18_2','EUR-EURIBOR-6M','false',2)
INSERT PortfolioLegNotionals (Notional,LegDataId,SeqId) VALUES (10000000.000000,28020,0)
INSERT PortfolioFloatingLegSpreads (Spread,LegDataId,SeqId) VALUES (0.000000,28020,0)
INSERT PortfolioScheduleDataRules (StartDate,EndDate,Tenor,Calendar,Convention,TermConvention,RuleName,LegDataId,Id) VALUES ('20331028','20351028','6M','TARGET','MF','MF','Forward',28020,28019)

INSERT PortfolioTrades (TradeType,id,CounterParty,NettingSetId) VALUES ('Swaption','28Swaption_19_1','CPTY_A','28CPTY_A')
INSERT PortfolioAdditionalFields (GroupingId,TradeId) VALUES ('Example_28','28Swaption_19_1')
INSERT PortfolioSwaptionData (TradeId,OptionDataLongShort,OptionDataOptionType,OptionDataStyle,OptionDataSettlement,OptionDataPayOffAtExpiry) VALUES ('28Swaption_19_1','Long','Call','European','Cash','false')
INSERT PortfolioOptionExercises (ExerciseDate,TradeId) VALUES ('20341028','28Swaption_19_1')
INSERT PortfolioLegData (LegType,Payer,Currency,DayCounter,PaymentConvention,Id,TradeId) VALUES ('Fixed','false','EUR','30/360','F',28021,'28Swaption_19_1')
INSERT PortfolioLegNotionals (Notional,LegDataId,SeqId) VALUES (10000000.000000,28021,0)
INSERT PortfolioFixedLegCPIRates (Rate,LegDataId,SeqId) VALUES (0.02,28021,0)
INSERT PortfolioScheduleDataRules (StartDate,EndDate,Tenor,Calendar,Convention,TermConvention,RuleName,LegDataId,Id) VALUES ('20341028','20351028','1Y','TARGET','F','F','Forward',28021,28020)
INSERT PortfolioLegData (LegType,Payer,Currency,DayCounter,PaymentConvention,Id,TradeId,FloatingLegIndexName,FloatingLegIsInArrears,FloatingLegFixingDays) VALUES ('Floating','true','EUR','A360','MF',28022,'28Swaption_19_1','EUR-EURIBOR-6M','false',2)
INSERT PortfolioLegNotionals (Notional,LegDataId,SeqId) VALUES (10000000.000000,28022,0)
INSERT PortfolioFloatingLegSpreads (Spread,LegDataId,SeqId) VALUES (0.000000,28022,0)
INSERT PortfolioScheduleDataRules (StartDate,EndDate,Tenor,Calendar,Convention,TermConvention,RuleName,LegDataId,Id) VALUES ('20341028','20351028','6M','TARGET','MF','MF','Forward',28022,28021)

INSERT PortfolioTrades (TradeType,id,CounterParty,NettingSetId) VALUES ('Swap','29Swap_50y_2','CPTY_A','29CPTY_A')
INSERT PortfolioAdditionalFields (GroupingId,TradeId) VALUES ('Example_29','29Swap_50y_2')
INSERT PortfolioSwapData (TradeId) VALUES ('29Swap_50y_2')
INSERT PortfolioLegData (LegType,Payer,Currency,DayCounter,PaymentConvention,Id,TradeId) VALUES ('Fixed','false','EUR','30/360','F',29001,'29Swap_50y_2')
INSERT PortfolioLegNotionals (Notional,LegDataId,SeqId) VALUES (10000000.000000,29001,0)
INSERT PortfolioFixedLegCPIRates (Rate,LegDataId,SeqId) VALUES (0.02,29001,0)
INSERT PortfolioScheduleDataRules (StartDate,EndDate,Tenor,Calendar,Convention,TermConvention,RuleName,LegDataId,Id) VALUES ('20160301','20660301','1Y','TARGET','F','F','Forward',29001,29000)
INSERT PortfolioLegData (LegType,Payer,Currency,DayCounter,PaymentConvention,Id,TradeId,FloatingLegIndexName,FloatingLegIsInArrears,FloatingLegFixingDays) VALUES ('Floating','true','EUR','A360','MF',29002,'29Swap_50y_2','EUR-EURIBOR-6M','false',2)
INSERT PortfolioLegNotionals (Notional,LegDataId,SeqId) VALUES (10000000.000000,29002,0)
INSERT PortfolioFloatingLegSpreads (Spread,LegDataId,SeqId) VALUES (0.000000,29002,0)
INSERT PortfolioScheduleDataRules (StartDate,EndDate,Tenor,Calendar,Convention,TermConvention,RuleName,LegDataId,Id) VALUES ('20160301','20660301','6M','TARGET','MF','MF','Forward',29002,29001)

INSERT PortfolioTrades (TradeType,id,CounterParty,NettingSetId) VALUES ('Swaption','30Swaption_1_49','CPTY_A','30CPTY_A')
INSERT PortfolioAdditionalFields (GroupingId,TradeId) VALUES ('Example_30','30Swaption_1_49')
INSERT PortfolioSwaptionData (TradeId,OptionDataLongShort,OptionDataOptionType,OptionDataStyle,OptionDataSettlement,OptionDataPayOffAtExpiry) VALUES ('30Swaption_1_49','Long','Call','European','Cash','false')
INSERT PortfolioOptionExercises (ExerciseDate,TradeId) VALUES ('20170301','30Swaption_1_49')
INSERT PortfolioLegData (LegType,Payer,Currency,DayCounter,PaymentConvention,Id,TradeId) VALUES ('Fixed','false','EUR','30/360','F',30001,'30Swaption_1_49')
INSERT PortfolioLegNotionals (Notional,LegDataId,SeqId) VALUES (10000000.000000,30001,0)
INSERT PortfolioFixedLegCPIRates (Rate,LegDataId,SeqId) VALUES (0.02,30001,0)
INSERT PortfolioScheduleDataRules (StartDate,EndDate,Tenor,Calendar,Convention,TermConvention,RuleName,LegDataId,Id) VALUES ('20170301','20660301','1Y','TARGET','F','F','Forward',30001,30000)
INSERT PortfolioLegData (LegType,Payer,Currency,DayCounter,PaymentConvention,Id,TradeId,FloatingLegIndexName,FloatingLegIsInArrears,FloatingLegFixingDays) VALUES ('Floating','true','EUR','A360','MF',30002,'30Swaption_1_49','EUR-EURIBOR-6M','false',2)
INSERT PortfolioLegNotionals (Notional,LegDataId,SeqId) VALUES (10000000.000000,30002,0)
INSERT PortfolioFloatingLegSpreads (Spread,LegDataId,SeqId) VALUES (0.000000,30002,0)
INSERT PortfolioScheduleDataRules (StartDate,EndDate,Tenor,Calendar,Convention,TermConvention,RuleName,LegDataId,Id) VALUES ('20170301','20660301','6M','TARGET','MF','MF','Forward',30002,30001)

INSERT PortfolioTrades (TradeType,id,CounterParty,NettingSetId) VALUES ('Swaption','30Swaption_2_48','CPTY_A','30CPTY_A')
INSERT PortfolioAdditionalFields (GroupingId,TradeId) VALUES ('Example_30','30Swaption_2_48')
INSERT PortfolioSwaptionData (TradeId,OptionDataLongShort,OptionDataOptionType,OptionDataStyle,OptionDataSettlement,OptionDataPayOffAtExpiry) VALUES ('30Swaption_2_48','Long','Call','European','Cash','false')
INSERT PortfolioOptionExercises (ExerciseDate,TradeId) VALUES ('20180301','30Swaption_2_48')
INSERT PortfolioLegData (LegType,Payer,Currency,DayCounter,PaymentConvention,Id,TradeId) VALUES ('Fixed','false','EUR','30/360','F',30003,'30Swaption_2_48')
INSERT PortfolioLegNotionals (Notional,LegDataId,SeqId) VALUES (10000000.000000,30003,0)
INSERT PortfolioFixedLegCPIRates (Rate,LegDataId,SeqId) VALUES (0.02,30003,0)
INSERT PortfolioScheduleDataRules (StartDate,EndDate,Tenor,Calendar,Convention,TermConvention,RuleName,LegDataId,Id) VALUES ('20180301','20660301','1Y','TARGET','F','F','Forward',30003,30002)
INSERT PortfolioLegData (LegType,Payer,Currency,DayCounter,PaymentConvention,Id,TradeId,FloatingLegIndexName,FloatingLegIsInArrears,FloatingLegFixingDays) VALUES ('Floating','true','EUR','A360','MF',30004,'30Swaption_2_48','EUR-EURIBOR-6M','false',2)
INSERT PortfolioLegNotionals (Notional,LegDataId,SeqId) VALUES (10000000.000000,30004,0)
INSERT PortfolioFloatingLegSpreads (Spread,LegDataId,SeqId) VALUES (0.000000,30004,0)
INSERT PortfolioScheduleDataRules (StartDate,EndDate,Tenor,Calendar,Convention,TermConvention,RuleName,LegDataId,Id) VALUES ('20180301','20660301','6M','TARGET','MF','MF','Forward',30004,30003)

INSERT PortfolioTrades (TradeType,id,CounterParty,NettingSetId) VALUES ('Swaption','30Swaption_3_47','CPTY_A','30CPTY_A')
INSERT PortfolioAdditionalFields (GroupingId,TradeId) VALUES ('Example_30','30Swaption_3_47')
INSERT PortfolioSwaptionData (TradeId,OptionDataLongShort,OptionDataOptionType,OptionDataStyle,OptionDataSettlement,OptionDataPayOffAtExpiry) VALUES ('30Swaption_3_47','Long','Call','European','Cash','false')
INSERT PortfolioOptionExercises (ExerciseDate,TradeId) VALUES ('20190301','30Swaption_3_47')
INSERT PortfolioLegData (LegType,Payer,Currency,DayCounter,PaymentConvention,Id,TradeId) VALUES ('Fixed','false','EUR','30/360','F',30005,'30Swaption_3_47')
INSERT PortfolioLegNotionals (Notional,LegDataId,SeqId) VALUES (10000000.000000,30005,0)
INSERT PortfolioFixedLegCPIRates (Rate,LegDataId,SeqId) VALUES (0.02,30005,0)
INSERT PortfolioScheduleDataRules (StartDate,EndDate,Tenor,Calendar,Convention,TermConvention,RuleName,LegDataId,Id) VALUES ('20190301','20660301','1Y','TARGET','F','F','Forward',30005,30004)
INSERT PortfolioLegData (LegType,Payer,Currency,DayCounter,PaymentConvention,Id,TradeId,FloatingLegIndexName,FloatingLegIsInArrears,FloatingLegFixingDays) VALUES ('Floating','true','EUR','A360','MF',30006,'30Swaption_3_47','EUR-EURIBOR-6M','false',2)
INSERT PortfolioLegNotionals (Notional,LegDataId,SeqId) VALUES (10000000.000000,30006,0)
INSERT PortfolioFloatingLegSpreads (Spread,LegDataId,SeqId) VALUES (0.000000,30006,0)
INSERT PortfolioScheduleDataRules (StartDate,EndDate,Tenor,Calendar,Convention,TermConvention,RuleName,LegDataId,Id) VALUES ('20190301','20660301','6M','TARGET','MF','MF','Forward',30006,30005)

INSERT PortfolioTrades (TradeType,id,CounterParty,NettingSetId) VALUES ('Swaption','30Swaption_4_46','CPTY_A','30CPTY_A')
INSERT PortfolioAdditionalFields (GroupingId,TradeId) VALUES ('Example_30','30Swaption_4_46')
INSERT PortfolioSwaptionData (TradeId,OptionDataLongShort,OptionDataOptionType,OptionDataStyle,OptionDataSettlement,OptionDataPayOffAtExpiry) VALUES ('30Swaption_4_46','Long','Call','European','Cash','false')
INSERT PortfolioOptionExercises (ExerciseDate,TradeId) VALUES ('20200301','30Swaption_4_46')
INSERT PortfolioLegData (LegType,Payer,Currency,DayCounter,PaymentConvention,Id,TradeId) VALUES ('Fixed','false','EUR','30/360','F',30007,'30Swaption_4_46')
INSERT PortfolioLegNotionals (Notional,LegDataId,SeqId) VALUES (10000000.000000,30007,0)
INSERT PortfolioFixedLegCPIRates (Rate,LegDataId,SeqId) VALUES (0.02,30007,0)
INSERT PortfolioScheduleDataRules (StartDate,EndDate,Tenor,Calendar,Convention,TermConvention,RuleName,LegDataId,Id) VALUES ('20200301','20660301','1Y','TARGET','F','F','Forward',30007,30006)
INSERT PortfolioLegData (LegType,Payer,Currency,DayCounter,PaymentConvention,Id,TradeId,FloatingLegIndexName,FloatingLegIsInArrears,FloatingLegFixingDays) VALUES ('Floating','true','EUR','A360','MF',30008,'30Swaption_4_46','EUR-EURIBOR-6M','false',2)
INSERT PortfolioLegNotionals (Notional,LegDataId,SeqId) VALUES (10000000.000000,30008,0)
INSERT PortfolioFloatingLegSpreads (Spread,LegDataId,SeqId) VALUES (0.000000,30008,0)
INSERT PortfolioScheduleDataRules (StartDate,EndDate,Tenor,Calendar,Convention,TermConvention,RuleName,LegDataId,Id) VALUES ('20200301','20660301','6M','TARGET','MF','MF','Forward',30008,30007)

INSERT PortfolioTrades (TradeType,id,CounterParty,NettingSetId) VALUES ('Swaption','30Swaption_5_45','CPTY_A','30CPTY_A')
INSERT PortfolioAdditionalFields (GroupingId,TradeId) VALUES ('Example_30','30Swaption_5_45')
INSERT PortfolioSwaptionData (TradeId,OptionDataLongShort,OptionDataOptionType,OptionDataStyle,OptionDataSettlement,OptionDataPayOffAtExpiry) VALUES ('30Swaption_5_45','Long','Call','European','Cash','false')
INSERT PortfolioOptionExercises (ExerciseDate,TradeId) VALUES ('20210301','30Swaption_5_45')
INSERT PortfolioLegData (LegType,Payer,Currency,DayCounter,PaymentConvention,Id,TradeId) VALUES ('Fixed','false','EUR','30/360','F',30009,'30Swaption_5_45')
INSERT PortfolioLegNotionals (Notional,LegDataId,SeqId) VALUES (10000000.000000,30009,0)
INSERT PortfolioFixedLegCPIRates (Rate,LegDataId,SeqId) VALUES (0.02,30009,0)
INSERT PortfolioScheduleDataRules (StartDate,EndDate,Tenor,Calendar,Convention,TermConvention,RuleName,LegDataId,Id) VALUES ('20210301','20660301','1Y','TARGET','F','F','Forward',30009,30008)
INSERT PortfolioLegData (LegType,Payer,Currency,DayCounter,PaymentConvention,Id,TradeId,FloatingLegIndexName,FloatingLegIsInArrears,FloatingLegFixingDays) VALUES ('Floating','true','EUR','A360','MF',30010,'30Swaption_5_45','EUR-EURIBOR-6M','false',2)
INSERT PortfolioLegNotionals (Notional,LegDataId,SeqId) VALUES (10000000.000000,30010,0)
INSERT PortfolioFloatingLegSpreads (Spread,LegDataId,SeqId) VALUES (0.000000,30010,0)
INSERT PortfolioScheduleDataRules (StartDate,EndDate,Tenor,Calendar,Convention,TermConvention,RuleName,LegDataId,Id) VALUES ('20210301','20660301','6M','TARGET','MF','MF','Forward',30010,30009)

INSERT PortfolioTrades (TradeType,id,CounterParty,NettingSetId) VALUES ('Swaption','30Swaption_6_44','CPTY_A','30CPTY_A')
INSERT PortfolioAdditionalFields (GroupingId,TradeId) VALUES ('Example_30','30Swaption_6_44')
INSERT PortfolioSwaptionData (TradeId,OptionDataLongShort,OptionDataOptionType,OptionDataStyle,OptionDataSettlement,OptionDataPayOffAtExpiry) VALUES ('30Swaption_6_44','Long','Call','European','Cash','false')
INSERT PortfolioOptionExercises (ExerciseDate,TradeId) VALUES ('20220301','30Swaption_6_44')
INSERT PortfolioLegData (LegType,Payer,Currency,DayCounter,PaymentConvention,Id,TradeId) VALUES ('Fixed','false','EUR','30/360','F',30011,'30Swaption_6_44')
INSERT PortfolioLegNotionals (Notional,LegDataId,SeqId) VALUES (10000000.000000,30011,0)
INSERT PortfolioFixedLegCPIRates (Rate,LegDataId,SeqId) VALUES (0.02,30011,0)
INSERT PortfolioScheduleDataRules (StartDate,EndDate,Tenor,Calendar,Convention,TermConvention,RuleName,LegDataId,Id) VALUES ('20220301','20660301','1Y','TARGET','F','F','Forward',30011,30010)
INSERT PortfolioLegData (LegType,Payer,Currency,DayCounter,PaymentConvention,Id,TradeId,FloatingLegIndexName,FloatingLegIsInArrears,FloatingLegFixingDays) VALUES ('Floating','true','EUR','A360','MF',30012,'30Swaption_6_44','EUR-EURIBOR-6M','false',2)
INSERT PortfolioLegNotionals (Notional,LegDataId,SeqId) VALUES (10000000.000000,30012,0)
INSERT PortfolioFloatingLegSpreads (Spread,LegDataId,SeqId) VALUES (0.000000,30012,0)
INSERT PortfolioScheduleDataRules (StartDate,EndDate,Tenor,Calendar,Convention,TermConvention,RuleName,LegDataId,Id) VALUES ('20220301','20660301','6M','TARGET','MF','MF','Forward',30012,30011)

INSERT PortfolioTrades (TradeType,id,CounterParty,NettingSetId) VALUES ('Swaption','30Swaption_7_43','CPTY_A','30CPTY_A')
INSERT PortfolioAdditionalFields (GroupingId,TradeId) VALUES ('Example_30','30Swaption_7_43')
INSERT PortfolioSwaptionData (TradeId,OptionDataLongShort,OptionDataOptionType,OptionDataStyle,OptionDataSettlement,OptionDataPayOffAtExpiry) VALUES ('30Swaption_7_43','Long','Call','European','Cash','false')
INSERT PortfolioOptionExercises (ExerciseDate,TradeId) VALUES ('20230301','30Swaption_7_43')
INSERT PortfolioLegData (LegType,Payer,Currency,DayCounter,PaymentConvention,Id,TradeId) VALUES ('Fixed','false','EUR','30/360','F',30013,'30Swaption_7_43')
INSERT PortfolioLegNotionals (Notional,LegDataId,SeqId) VALUES (10000000.000000,30013,0)
INSERT PortfolioFixedLegCPIRates (Rate,LegDataId,SeqId) VALUES (0.02,30013,0)
INSERT PortfolioScheduleDataRules (StartDate,EndDate,Tenor,Calendar,Convention,TermConvention,RuleName,LegDataId,Id) VALUES ('20230301','20660301','1Y','TARGET','F','F','Forward',30013,30012)
INSERT PortfolioLegData (LegType,Payer,Currency,DayCounter,PaymentConvention,Id,TradeId,FloatingLegIndexName,FloatingLegIsInArrears,FloatingLegFixingDays) VALUES ('Floating','true','EUR','A360','MF',30014,'30Swaption_7_43','EUR-EURIBOR-6M','false',2)
INSERT PortfolioLegNotionals (Notional,LegDataId,SeqId) VALUES (10000000.000000,30014,0)
INSERT PortfolioFloatingLegSpreads (Spread,LegDataId,SeqId) VALUES (0.000000,30014,0)
INSERT PortfolioScheduleDataRules (StartDate,EndDate,Tenor,Calendar,Convention,TermConvention,RuleName,LegDataId,Id) VALUES ('20230301','20660301','6M','TARGET','MF','MF','Forward',30014,30013)

INSERT PortfolioTrades (TradeType,id,CounterParty,NettingSetId) VALUES ('Swaption','30Swaption_8_42','CPTY_A','30CPTY_A')
INSERT PortfolioAdditionalFields (GroupingId,TradeId) VALUES ('Example_30','30Swaption_8_42')
INSERT PortfolioSwaptionData (TradeId,OptionDataLongShort,OptionDataOptionType,OptionDataStyle,OptionDataSettlement,OptionDataPayOffAtExpiry) VALUES ('30Swaption_8_42','Long','Call','European','Cash','false')
INSERT PortfolioOptionExercises (ExerciseDate,TradeId) VALUES ('20240301','30Swaption_8_42')
INSERT PortfolioLegData (LegType,Payer,Currency,DayCounter,PaymentConvention,Id,TradeId) VALUES ('Fixed','false','EUR','30/360','F',30015,'30Swaption_8_42')
INSERT PortfolioLegNotionals (Notional,LegDataId,SeqId) VALUES (10000000.000000,30015,0)
INSERT PortfolioFixedLegCPIRates (Rate,LegDataId,SeqId) VALUES (0.02,30015,0)
INSERT PortfolioScheduleDataRules (StartDate,EndDate,Tenor,Calendar,Convention,TermConvention,RuleName,LegDataId,Id) VALUES ('20240301','20660301','1Y','TARGET','F','F','Forward',30015,30014)
INSERT PortfolioLegData (LegType,Payer,Currency,DayCounter,PaymentConvention,Id,TradeId,FloatingLegIndexName,FloatingLegIsInArrears,FloatingLegFixingDays) VALUES ('Floating','true','EUR','A360','MF',30016,'30Swaption_8_42','EUR-EURIBOR-6M','false',2)
INSERT PortfolioLegNotionals (Notional,LegDataId,SeqId) VALUES (10000000.000000,30016,0)
INSERT PortfolioFloatingLegSpreads (Spread,LegDataId,SeqId) VALUES (0.000000,30016,0)
INSERT PortfolioScheduleDataRules (StartDate,EndDate,Tenor,Calendar,Convention,TermConvention,RuleName,LegDataId,Id) VALUES ('20240301','20660301','6M','TARGET','MF','MF','Forward',30016,30015)

INSERT PortfolioTrades (TradeType,id,CounterParty,NettingSetId) VALUES ('Swaption','30Swaption_9_41','CPTY_A','30CPTY_A')
INSERT PortfolioAdditionalFields (GroupingId,TradeId) VALUES ('Example_30','30Swaption_9_41')
INSERT PortfolioSwaptionData (TradeId,OptionDataLongShort,OptionDataOptionType,OptionDataStyle,OptionDataSettlement,OptionDataPayOffAtExpiry) VALUES ('30Swaption_9_41','Long','Call','European','Cash','false')
INSERT PortfolioOptionExercises (ExerciseDate,TradeId) VALUES ('20250301','30Swaption_9_41')
INSERT PortfolioLegData (LegType,Payer,Currency,DayCounter,PaymentConvention,Id,TradeId) VALUES ('Fixed','false','EUR','30/360','F',30017,'30Swaption_9_41')
INSERT PortfolioLegNotionals (Notional,LegDataId,SeqId) VALUES (10000000.000000,30017,0)
INSERT PortfolioFixedLegCPIRates (Rate,LegDataId,SeqId) VALUES (0.02,30017,0)
INSERT PortfolioScheduleDataRules (StartDate,EndDate,Tenor,Calendar,Convention,TermConvention,RuleName,LegDataId,Id) VALUES ('20250301','20660301','1Y','TARGET','F','F','Forward',30017,30016)
INSERT PortfolioLegData (LegType,Payer,Currency,DayCounter,PaymentConvention,Id,TradeId,FloatingLegIndexName,FloatingLegIsInArrears,FloatingLegFixingDays) VALUES ('Floating','true','EUR','A360','MF',30018,'30Swaption_9_41','EUR-EURIBOR-6M','false',2)
INSERT PortfolioLegNotionals (Notional,LegDataId,SeqId) VALUES (10000000.000000,30018,0)
INSERT PortfolioFloatingLegSpreads (Spread,LegDataId,SeqId) VALUES (0.000000,30018,0)
INSERT PortfolioScheduleDataRules (StartDate,EndDate,Tenor,Calendar,Convention,TermConvention,RuleName,LegDataId,Id) VALUES ('20250301','20660301','6M','TARGET','MF','MF','Forward',30018,30017)

INSERT PortfolioTrades (TradeType,id,CounterParty,NettingSetId) VALUES ('Swaption','30Swaption_10_40','CPTY_A','30CPTY_A')
INSERT PortfolioAdditionalFields (GroupingId,TradeId) VALUES ('Example_30','30Swaption_10_40')
INSERT PortfolioSwaptionData (TradeId,OptionDataLongShort,OptionDataOptionType,OptionDataStyle,OptionDataSettlement,OptionDataPayOffAtExpiry) VALUES ('30Swaption_10_40','Long','Call','European','Cash','false')
INSERT PortfolioOptionExercises (ExerciseDate,TradeId) VALUES ('20260301','30Swaption_10_40')
INSERT PortfolioLegData (LegType,Payer,Currency,DayCounter,PaymentConvention,Id,TradeId) VALUES ('Fixed','false','EUR','30/360','F',30019,'30Swaption_10_40')
INSERT PortfolioLegNotionals (Notional,LegDataId,SeqId) VALUES (10000000.000000,30019,0)
INSERT PortfolioFixedLegCPIRates (Rate,LegDataId,SeqId) VALUES (0.02,30019,0)
INSERT PortfolioScheduleDataRules (StartDate,EndDate,Tenor,Calendar,Convention,TermConvention,RuleName,LegDataId,Id) VALUES ('20260301','20660301','1Y','TARGET','F','F','Forward',30019,30018)
INSERT PortfolioLegData (LegType,Payer,Currency,DayCounter,PaymentConvention,Id,TradeId,FloatingLegIndexName,FloatingLegIsInArrears,FloatingLegFixingDays) VALUES ('Floating','true','EUR','A360','MF',30020,'30Swaption_10_40','EUR-EURIBOR-6M','false',2)
INSERT PortfolioLegNotionals (Notional,LegDataId,SeqId) VALUES (10000000.000000,30020,0)
INSERT PortfolioFloatingLegSpreads (Spread,LegDataId,SeqId) VALUES (0.000000,30020,0)
INSERT PortfolioScheduleDataRules (StartDate,EndDate,Tenor,Calendar,Convention,TermConvention,RuleName,LegDataId,Id) VALUES ('20260301','20660301','6M','TARGET','MF','MF','Forward',30020,30019)

INSERT PortfolioTrades (TradeType,id,CounterParty,NettingSetId) VALUES ('Swaption','30Swaption_11_39','CPTY_A','30CPTY_A')
INSERT PortfolioAdditionalFields (GroupingId,TradeId) VALUES ('Example_30','30Swaption_11_39')
INSERT PortfolioSwaptionData (TradeId,OptionDataLongShort,OptionDataOptionType,OptionDataStyle,OptionDataSettlement,OptionDataPayOffAtExpiry) VALUES ('30Swaption_11_39','Long','Call','European','Cash','false')
INSERT PortfolioOptionExercises (ExerciseDate,TradeId) VALUES ('20270301','30Swaption_11_39')
INSERT PortfolioLegData (LegType,Payer,Currency,DayCounter,PaymentConvention,Id,TradeId) VALUES ('Fixed','false','EUR','30/360','F',30021,'30Swaption_11_39')
INSERT PortfolioLegNotionals (Notional,LegDataId,SeqId) VALUES (10000000.000000,30021,0)
INSERT PortfolioFixedLegCPIRates (Rate,LegDataId,SeqId) VALUES (0.02,30021,0)
INSERT PortfolioScheduleDataRules (StartDate,EndDate,Tenor,Calendar,Convention,TermConvention,RuleName,LegDataId,Id) VALUES ('20270301','20660301','1Y','TARGET','F','F','Forward',30021,30020)
INSERT PortfolioLegData (LegType,Payer,Currency,DayCounter,PaymentConvention,Id,TradeId,FloatingLegIndexName,FloatingLegIsInArrears,FloatingLegFixingDays) VALUES ('Floating','true','EUR','A360','MF',30022,'30Swaption_11_39','EUR-EURIBOR-6M','false',2)
INSERT PortfolioLegNotionals (Notional,LegDataId,SeqId) VALUES (10000000.000000,30022,0)
INSERT PortfolioFloatingLegSpreads (Spread,LegDataId,SeqId) VALUES (0.000000,30022,0)
INSERT PortfolioScheduleDataRules (StartDate,EndDate,Tenor,Calendar,Convention,TermConvention,RuleName,LegDataId,Id) VALUES ('20270301','20660301','6M','TARGET','MF','MF','Forward',30022,30021)

INSERT PortfolioTrades (TradeType,id,CounterParty,NettingSetId) VALUES ('Swaption','30Swaption_12_38','CPTY_A','30CPTY_A')
INSERT PortfolioAdditionalFields (GroupingId,TradeId) VALUES ('Example_30','30Swaption_12_38')
INSERT PortfolioSwaptionData (TradeId,OptionDataLongShort,OptionDataOptionType,OptionDataStyle,OptionDataSettlement,OptionDataPayOffAtExpiry) VALUES ('30Swaption_12_38','Long','Call','European','Cash','false')
INSERT PortfolioOptionExercises (ExerciseDate,TradeId) VALUES ('20280301','30Swaption_12_38')
INSERT PortfolioLegData (LegType,Payer,Currency,DayCounter,PaymentConvention,Id,TradeId) VALUES ('Fixed','false','EUR','30/360','F',30023,'30Swaption_12_38')
INSERT PortfolioLegNotionals (Notional,LegDataId,SeqId) VALUES (10000000.000000,30023,0)
INSERT PortfolioFixedLegCPIRates (Rate,LegDataId,SeqId) VALUES (0.02,30023,0)
INSERT PortfolioScheduleDataRules (StartDate,EndDate,Tenor,Calendar,Convention,TermConvention,RuleName,LegDataId,Id) VALUES ('20280301','20660301','1Y','TARGET','F','F','Forward',30023,30022)
INSERT PortfolioLegData (LegType,Payer,Currency,DayCounter,PaymentConvention,Id,TradeId,FloatingLegIndexName,FloatingLegIsInArrears,FloatingLegFixingDays) VALUES ('Floating','true','EUR','A360','MF',30024,'30Swaption_12_38','EUR-EURIBOR-6M','false',2)
INSERT PortfolioLegNotionals (Notional,LegDataId,SeqId) VALUES (10000000.000000,30024,0)
INSERT PortfolioFloatingLegSpreads (Spread,LegDataId,SeqId) VALUES (0.000000,30024,0)
INSERT PortfolioScheduleDataRules (StartDate,EndDate,Tenor,Calendar,Convention,TermConvention,RuleName,LegDataId,Id) VALUES ('20280301','20660301','6M','TARGET','MF','MF','Forward',30024,30023)

INSERT PortfolioTrades (TradeType,id,CounterParty,NettingSetId) VALUES ('Swaption','30Swaption_13_37','CPTY_A','30CPTY_A')
INSERT PortfolioAdditionalFields (GroupingId,TradeId) VALUES ('Example_30','30Swaption_13_37')
INSERT PortfolioSwaptionData (TradeId,OptionDataLongShort,OptionDataOptionType,OptionDataStyle,OptionDataSettlement,OptionDataPayOffAtExpiry) VALUES ('30Swaption_13_37','Long','Call','European','Cash','false')
INSERT PortfolioOptionExercises (ExerciseDate,TradeId) VALUES ('20290301','30Swaption_13_37')
INSERT PortfolioLegData (LegType,Payer,Currency,DayCounter,PaymentConvention,Id,TradeId) VALUES ('Fixed','false','EUR','30/360','F',30025,'30Swaption_13_37')
INSERT PortfolioLegNotionals (Notional,LegDataId,SeqId) VALUES (10000000.000000,30025,0)
INSERT PortfolioFixedLegCPIRates (Rate,LegDataId,SeqId) VALUES (0.02,30025,0)
INSERT PortfolioScheduleDataRules (StartDate,EndDate,Tenor,Calendar,Convention,TermConvention,RuleName,LegDataId,Id) VALUES ('20290301','20660301','1Y','TARGET','F','F','Forward',30025,30024)
INSERT PortfolioLegData (LegType,Payer,Currency,DayCounter,PaymentConvention,Id,TradeId,FloatingLegIndexName,FloatingLegIsInArrears,FloatingLegFixingDays) VALUES ('Floating','true','EUR','A360','MF',30026,'30Swaption_13_37','EUR-EURIBOR-6M','false',2)
INSERT PortfolioLegNotionals (Notional,LegDataId,SeqId) VALUES (10000000.000000,30026,0)
INSERT PortfolioFloatingLegSpreads (Spread,LegDataId,SeqId) VALUES (0.000000,30026,0)
INSERT PortfolioScheduleDataRules (StartDate,EndDate,Tenor,Calendar,Convention,TermConvention,RuleName,LegDataId,Id) VALUES ('20290301','20660301','6M','TARGET','MF','MF','Forward',30026,30025)

INSERT PortfolioTrades (TradeType,id,CounterParty,NettingSetId) VALUES ('Swaption','30Swaption_14_36','CPTY_A','30CPTY_A')
INSERT PortfolioAdditionalFields (GroupingId,TradeId) VALUES ('Example_30','30Swaption_14_36')
INSERT PortfolioSwaptionData (TradeId,OptionDataLongShort,OptionDataOptionType,OptionDataStyle,OptionDataSettlement,OptionDataPayOffAtExpiry) VALUES ('30Swaption_14_36','Long','Call','European','Cash','false')
INSERT PortfolioOptionExercises (ExerciseDate,TradeId) VALUES ('20300301','30Swaption_14_36')
INSERT PortfolioLegData (LegType,Payer,Currency,DayCounter,PaymentConvention,Id,TradeId) VALUES ('Fixed','false','EUR','30/360','F',30027,'30Swaption_14_36')
INSERT PortfolioLegNotionals (Notional,LegDataId,SeqId) VALUES (10000000.000000,30027,0)
INSERT PortfolioFixedLegCPIRates (Rate,LegDataId,SeqId) VALUES (0.02,30027,0)
INSERT PortfolioScheduleDataRules (StartDate,EndDate,Tenor,Calendar,Convention,TermConvention,RuleName,LegDataId,Id) VALUES ('20300301','20660301','1Y','TARGET','F','F','Forward',30027,30026)
INSERT PortfolioLegData (LegType,Payer,Currency,DayCounter,PaymentConvention,Id,TradeId,FloatingLegIndexName,FloatingLegIsInArrears,FloatingLegFixingDays) VALUES ('Floating','true','EUR','A360','MF',30028,'30Swaption_14_36','EUR-EURIBOR-6M','false',2)
INSERT PortfolioLegNotionals (Notional,LegDataId,SeqId) VALUES (10000000.000000,30028,0)
INSERT PortfolioFloatingLegSpreads (Spread,LegDataId,SeqId) VALUES (0.000000,30028,0)
INSERT PortfolioScheduleDataRules (StartDate,EndDate,Tenor,Calendar,Convention,TermConvention,RuleName,LegDataId,Id) VALUES ('20300301','20660301','6M','TARGET','MF','MF','Forward',30028,30027)

INSERT PortfolioTrades (TradeType,id,CounterParty,NettingSetId) VALUES ('Swaption','30Swaption_15_35','CPTY_A','30CPTY_A')
INSERT PortfolioAdditionalFields (GroupingId,TradeId) VALUES ('Example_30','30Swaption_15_35')
INSERT PortfolioSwaptionData (TradeId,OptionDataLongShort,OptionDataOptionType,OptionDataStyle,OptionDataSettlement,OptionDataPayOffAtExpiry) VALUES ('30Swaption_15_35','Long','Call','European','Cash','false')
INSERT PortfolioOptionExercises (ExerciseDate,TradeId) VALUES ('20310301','30Swaption_15_35')
INSERT PortfolioLegData (LegType,Payer,Currency,DayCounter,PaymentConvention,Id,TradeId) VALUES ('Fixed','false','EUR','30/360','F',30029,'30Swaption_15_35')
INSERT PortfolioLegNotionals (Notional,LegDataId,SeqId) VALUES (10000000.000000,30029,0)
INSERT PortfolioFixedLegCPIRates (Rate,LegDataId,SeqId) VALUES (0.02,30029,0)
INSERT PortfolioScheduleDataRules (StartDate,EndDate,Tenor,Calendar,Convention,TermConvention,RuleName,LegDataId,Id) VALUES ('20310301','20660301','1Y','TARGET','F','F','Forward',30029,30028)
INSERT PortfolioLegData (LegType,Payer,Currency,DayCounter,PaymentConvention,Id,TradeId,FloatingLegIndexName,FloatingLegIsInArrears,FloatingLegFixingDays) VALUES ('Floating','true','EUR','A360','MF',30030,'30Swaption_15_35','EUR-EURIBOR-6M','false',2)
INSERT PortfolioLegNotionals (Notional,LegDataId,SeqId) VALUES (10000000.000000,30030,0)
INSERT PortfolioFloatingLegSpreads (Spread,LegDataId,SeqId) VALUES (0.000000,30030,0)
INSERT PortfolioScheduleDataRules (StartDate,EndDate,Tenor,Calendar,Convention,TermConvention,RuleName,LegDataId,Id) VALUES ('20310301','20660301','6M','TARGET','MF','MF','Forward',30030,30029)

INSERT PortfolioTrades (TradeType,id,CounterParty,NettingSetId) VALUES ('Swaption','30Swaption_16_34','CPTY_A','30CPTY_A')
INSERT PortfolioAdditionalFields (GroupingId,TradeId) VALUES ('Example_30','30Swaption_16_34')
INSERT PortfolioSwaptionData (TradeId,OptionDataLongShort,OptionDataOptionType,OptionDataStyle,OptionDataSettlement,OptionDataPayOffAtExpiry) VALUES ('30Swaption_16_34','Long','Call','European','Cash','false')
INSERT PortfolioOptionExercises (ExerciseDate,TradeId) VALUES ('20320301','30Swaption_16_34')
INSERT PortfolioLegData (LegType,Payer,Currency,DayCounter,PaymentConvention,Id,TradeId) VALUES ('Fixed','false','EUR','30/360','F',30031,'30Swaption_16_34')
INSERT PortfolioLegNotionals (Notional,LegDataId,SeqId) VALUES (10000000.000000,30031,0)
INSERT PortfolioFixedLegCPIRates (Rate,LegDataId,SeqId) VALUES (0.02,30031,0)
INSERT PortfolioScheduleDataRules (StartDate,EndDate,Tenor,Calendar,Convention,TermConvention,RuleName,LegDataId,Id) VALUES ('20320301','20660301','1Y','TARGET','F','F','Forward',30031,30030)
INSERT PortfolioLegData (LegType,Payer,Currency,DayCounter,PaymentConvention,Id,TradeId,FloatingLegIndexName,FloatingLegIsInArrears,FloatingLegFixingDays) VALUES ('Floating','true','EUR','A360','MF',30032,'30Swaption_16_34','EUR-EURIBOR-6M','false',2)
INSERT PortfolioLegNotionals (Notional,LegDataId,SeqId) VALUES (10000000.000000,30032,0)
INSERT PortfolioFloatingLegSpreads (Spread,LegDataId,SeqId) VALUES (0.000000,30032,0)
INSERT PortfolioScheduleDataRules (StartDate,EndDate,Tenor,Calendar,Convention,TermConvention,RuleName,LegDataId,Id) VALUES ('20320301','20660301','6M','TARGET','MF','MF','Forward',30032,30031)

INSERT PortfolioTrades (TradeType,id,CounterParty,NettingSetId) VALUES ('Swaption','30Swaption_17_33','CPTY_A','30CPTY_A')
INSERT PortfolioAdditionalFields (GroupingId,TradeId) VALUES ('Example_30','30Swaption_17_33')
INSERT PortfolioSwaptionData (TradeId,OptionDataLongShort,OptionDataOptionType,OptionDataStyle,OptionDataSettlement,OptionDataPayOffAtExpiry) VALUES ('30Swaption_17_33','Long','Call','European','Cash','false')
INSERT PortfolioOptionExercises (ExerciseDate,TradeId) VALUES ('20330301','30Swaption_17_33')
INSERT PortfolioLegData (LegType,Payer,Currency,DayCounter,PaymentConvention,Id,TradeId) VALUES ('Fixed','false','EUR','30/360','F',30033,'30Swaption_17_33')
INSERT PortfolioLegNotionals (Notional,LegDataId,SeqId) VALUES (10000000.000000,30033,0)
INSERT PortfolioFixedLegCPIRates (Rate,LegDataId,SeqId) VALUES (0.02,30033,0)
INSERT PortfolioScheduleDataRules (StartDate,EndDate,Tenor,Calendar,Convention,TermConvention,RuleName,LegDataId,Id) VALUES ('20330301','20660301','1Y','TARGET','F','F','Forward',30033,30032)
INSERT PortfolioLegData (LegType,Payer,Currency,DayCounter,PaymentConvention,Id,TradeId,FloatingLegIndexName,FloatingLegIsInArrears,FloatingLegFixingDays) VALUES ('Floating','true','EUR','A360','MF',30034,'30Swaption_17_33','EUR-EURIBOR-6M','false',2)
INSERT PortfolioLegNotionals (Notional,LegDataId,SeqId) VALUES (10000000.000000,30034,0)
INSERT PortfolioFloatingLegSpreads (Spread,LegDataId,SeqId) VALUES (0.000000,30034,0)
INSERT PortfolioScheduleDataRules (StartDate,EndDate,Tenor,Calendar,Convention,TermConvention,RuleName,LegDataId,Id) VALUES ('20330301','20660301','6M','TARGET','MF','MF','Forward',30034,30033)

INSERT PortfolioTrades (TradeType,id,CounterParty,NettingSetId) VALUES ('Swaption','30Swaption_18_32','CPTY_A','30CPTY_A')
INSERT PortfolioAdditionalFields (GroupingId,TradeId) VALUES ('Example_30','30Swaption_18_32')
INSERT PortfolioSwaptionData (TradeId,OptionDataLongShort,OptionDataOptionType,OptionDataStyle,OptionDataSettlement,OptionDataPayOffAtExpiry) VALUES ('30Swaption_18_32','Long','Call','European','Cash','false')
INSERT PortfolioOptionExercises (ExerciseDate,TradeId) VALUES ('20340301','30Swaption_18_32')
INSERT PortfolioLegData (LegType,Payer,Currency,DayCounter,PaymentConvention,Id,TradeId) VALUES ('Fixed','false','EUR','30/360','F',30035,'30Swaption_18_32')
INSERT PortfolioLegNotionals (Notional,LegDataId,SeqId) VALUES (10000000.000000,30035,0)
INSERT PortfolioFixedLegCPIRates (Rate,LegDataId,SeqId) VALUES (0.02,30035,0)
INSERT PortfolioScheduleDataRules (StartDate,EndDate,Tenor,Calendar,Convention,TermConvention,RuleName,LegDataId,Id) VALUES ('20340301','20660301','1Y','TARGET','F','F','Forward',30035,30034)
INSERT PortfolioLegData (LegType,Payer,Currency,DayCounter,PaymentConvention,Id,TradeId,FloatingLegIndexName,FloatingLegIsInArrears,FloatingLegFixingDays) VALUES ('Floating','true','EUR','A360','MF',30036,'30Swaption_18_32','EUR-EURIBOR-6M','false',2)
INSERT PortfolioLegNotionals (Notional,LegDataId,SeqId) VALUES (10000000.000000,30036,0)
INSERT PortfolioFloatingLegSpreads (Spread,LegDataId,SeqId) VALUES (0.000000,30036,0)
INSERT PortfolioScheduleDataRules (StartDate,EndDate,Tenor,Calendar,Convention,TermConvention,RuleName,LegDataId,Id) VALUES ('20340301','20660301','6M','TARGET','MF','MF','Forward',30036,30035)

INSERT PortfolioTrades (TradeType,id,CounterParty,NettingSetId) VALUES ('Swaption','30Swaption_19_31','CPTY_A','30CPTY_A')
INSERT PortfolioAdditionalFields (GroupingId,TradeId) VALUES ('Example_30','30Swaption_19_31')
INSERT PortfolioSwaptionData (TradeId,OptionDataLongShort,OptionDataOptionType,OptionDataStyle,OptionDataSettlement,OptionDataPayOffAtExpiry) VALUES ('30Swaption_19_31','Long','Call','European','Cash','false')
INSERT PortfolioOptionExercises (ExerciseDate,TradeId) VALUES ('20350301','30Swaption_19_31')
INSERT PortfolioLegData (LegType,Payer,Currency,DayCounter,PaymentConvention,Id,TradeId) VALUES ('Fixed','false','EUR','30/360','F',30037,'30Swaption_19_31')
INSERT PortfolioLegNotionals (Notional,LegDataId,SeqId) VALUES (10000000.000000,30037,0)
INSERT PortfolioFixedLegCPIRates (Rate,LegDataId,SeqId) VALUES (0.02,30037,0)
INSERT PortfolioScheduleDataRules (StartDate,EndDate,Tenor,Calendar,Convention,TermConvention,RuleName,LegDataId,Id) VALUES ('20350301','20660301','1Y','TARGET','F','F','Forward',30037,30036)
INSERT PortfolioLegData (LegType,Payer,Currency,DayCounter,PaymentConvention,Id,TradeId,FloatingLegIndexName,FloatingLegIsInArrears,FloatingLegFixingDays) VALUES ('Floating','true','EUR','A360','MF',30038,'30Swaption_19_31','EUR-EURIBOR-6M','false',2)
INSERT PortfolioLegNotionals (Notional,LegDataId,SeqId) VALUES (10000000.000000,30038,0)
INSERT PortfolioFloatingLegSpreads (Spread,LegDataId,SeqId) VALUES (0.000000,30038,0)
INSERT PortfolioScheduleDataRules (StartDate,EndDate,Tenor,Calendar,Convention,TermConvention,RuleName,LegDataId,Id) VALUES ('20350301','20660301','6M','TARGET','MF','MF','Forward',30038,30037)

INSERT PortfolioTrades (TradeType,id,CounterParty,NettingSetId) VALUES ('Swaption','30Swaption_20_30','CPTY_A','30CPTY_A')
INSERT PortfolioAdditionalFields (GroupingId,TradeId) VALUES ('Example_30','30Swaption_20_30')
INSERT PortfolioSwaptionData (TradeId,OptionDataLongShort,OptionDataOptionType,OptionDataStyle,OptionDataSettlement,OptionDataPayOffAtExpiry) VALUES ('30Swaption_20_30','Long','Call','European','Cash','false')
INSERT PortfolioOptionExercises (ExerciseDate,TradeId) VALUES ('20360301','30Swaption_20_30')
INSERT PortfolioLegData (LegType,Payer,Currency,DayCounter,PaymentConvention,Id,TradeId) VALUES ('Fixed','false','EUR','30/360','F',30039,'30Swaption_20_30')
INSERT PortfolioLegNotionals (Notional,LegDataId,SeqId) VALUES (10000000.000000,30039,0)
INSERT PortfolioFixedLegCPIRates (Rate,LegDataId,SeqId) VALUES (0.02,30039,0)
INSERT PortfolioScheduleDataRules (StartDate,EndDate,Tenor,Calendar,Convention,TermConvention,RuleName,LegDataId,Id) VALUES ('20360301','20660301','1Y','TARGET','F','F','Forward',30039,30038)
INSERT PortfolioLegData (LegType,Payer,Currency,DayCounter,PaymentConvention,Id,TradeId,FloatingLegIndexName,FloatingLegIsInArrears,FloatingLegFixingDays) VALUES ('Floating','true','EUR','A360','MF',30040,'30Swaption_20_30','EUR-EURIBOR-6M','false',2)
INSERT PortfolioLegNotionals (Notional,LegDataId,SeqId) VALUES (10000000.000000,30040,0)
INSERT PortfolioFloatingLegSpreads (Spread,LegDataId,SeqId) VALUES (0.000000,30040,0)
INSERT PortfolioScheduleDataRules (StartDate,EndDate,Tenor,Calendar,Convention,TermConvention,RuleName,LegDataId,Id) VALUES ('20360301','20660301','6M','TARGET','MF','MF','Forward',30040,30039)

INSERT PortfolioTrades (TradeType,id,CounterParty,NettingSetId) VALUES ('Swaption','30Swaption_30_20','CPTY_A','30CPTY_A')
INSERT PortfolioAdditionalFields (GroupingId,TradeId) VALUES ('Example_30','30Swaption_30_20')
INSERT PortfolioSwaptionData (TradeId,OptionDataLongShort,OptionDataOptionType,OptionDataStyle,OptionDataSettlement,OptionDataPayOffAtExpiry) VALUES ('30Swaption_30_20','Long','Call','European','Cash','false')
INSERT PortfolioOptionExercises (ExerciseDate,TradeId) VALUES ('20460301','30Swaption_30_20')
INSERT PortfolioLegData (LegType,Payer,Currency,DayCounter,PaymentConvention,Id,TradeId) VALUES ('Fixed','false','EUR','30/360','F',30041,'30Swaption_30_20')
INSERT PortfolioLegNotionals (Notional,LegDataId,SeqId) VALUES (10000000.000000,30041,0)
INSERT PortfolioFixedLegCPIRates (Rate,LegDataId,SeqId) VALUES (0.02,30041,0)
INSERT PortfolioScheduleDataRules (StartDate,EndDate,Tenor,Calendar,Convention,TermConvention,RuleName,LegDataId,Id) VALUES ('20460301','20660301','1Y','TARGET','F','F','Forward',30041,30040)
INSERT PortfolioLegData (LegType,Payer,Currency,DayCounter,PaymentConvention,Id,TradeId,FloatingLegIndexName,FloatingLegIsInArrears,FloatingLegFixingDays) VALUES ('Floating','true','EUR','A360','MF',30042,'30Swaption_30_20','EUR-EURIBOR-6M','false',2)
INSERT PortfolioLegNotionals (Notional,LegDataId,SeqId) VALUES (10000000.000000,30042,0)
INSERT PortfolioFloatingLegSpreads (Spread,LegDataId,SeqId) VALUES (0.000000,30042,0)
INSERT PortfolioScheduleDataRules (StartDate,EndDate,Tenor,Calendar,Convention,TermConvention,RuleName,LegDataId,Id) VALUES ('20460301','20660301','6M','TARGET','MF','MF','Forward',30042,30041)

INSERT PortfolioTrades (TradeType,id,CounterParty,NettingSetId) VALUES ('Swaption','30Swaption_40_10','CPTY_A','30CPTY_A')
INSERT PortfolioAdditionalFields (GroupingId,TradeId) VALUES ('Example_30','30Swaption_40_10')
INSERT PortfolioSwaptionData (TradeId,OptionDataLongShort,OptionDataOptionType,OptionDataStyle,OptionDataSettlement,OptionDataPayOffAtExpiry) VALUES ('30Swaption_40_10','Long','Call','European','Cash','false')
INSERT PortfolioOptionExercises (ExerciseDate,TradeId) VALUES ('20560301','30Swaption_40_10')
INSERT PortfolioLegData (LegType,Payer,Currency,DayCounter,PaymentConvention,Id,TradeId) VALUES ('Fixed','false','EUR','30/360','F',30043,'30Swaption_40_10')
INSERT PortfolioLegNotionals (Notional,LegDataId,SeqId) VALUES (10000000.000000,30043,0)
INSERT PortfolioFixedLegCPIRates (Rate,LegDataId,SeqId) VALUES (0.02,30043,0)
INSERT PortfolioScheduleDataRules (StartDate,EndDate,Tenor,Calendar,Convention,TermConvention,RuleName,LegDataId,Id) VALUES ('20560301','20660301','1Y','TARGET','F','F','Forward',30043,30042)
INSERT PortfolioLegData (LegType,Payer,Currency,DayCounter,PaymentConvention,Id,TradeId,FloatingLegIndexName,FloatingLegIsInArrears,FloatingLegFixingDays) VALUES ('Floating','true','EUR','A360','MF',30044,'30Swaption_40_10','EUR-EURIBOR-6M','false',2)
INSERT PortfolioLegNotionals (Notional,LegDataId,SeqId) VALUES (10000000.000000,30044,0)
INSERT PortfolioFloatingLegSpreads (Spread,LegDataId,SeqId) VALUES (0.000000,30044,0)
INSERT PortfolioScheduleDataRules (StartDate,EndDate,Tenor,Calendar,Convention,TermConvention,RuleName,LegDataId,Id) VALUES ('20560301','20660301','6M','TARGET','MF','MF','Forward',30044,30043)

INSERT PortfolioTrades (TradeType,id,CounterParty,NettingSetId) VALUES ('Swaption','30Swaption_45_5','CPTY_A','30CPTY_A')
INSERT PortfolioAdditionalFields (GroupingId,TradeId) VALUES ('Example_30','30Swaption_45_5')
INSERT PortfolioSwaptionData (TradeId,OptionDataLongShort,OptionDataOptionType,OptionDataStyle,OptionDataSettlement,OptionDataPayOffAtExpiry) VALUES ('30Swaption_45_5','Long','Call','European','Cash','false')
INSERT PortfolioOptionExercises (ExerciseDate,TradeId) VALUES ('20610301','30Swaption_45_5')
INSERT PortfolioLegData (LegType,Payer,Currency,DayCounter,PaymentConvention,Id,TradeId) VALUES ('Fixed','false','EUR','30/360','F',30045,'30Swaption_45_5')
INSERT PortfolioLegNotionals (Notional,LegDataId,SeqId) VALUES (10000000.000000,30045,0)
INSERT PortfolioFixedLegCPIRates (Rate,LegDataId,SeqId) VALUES (0.02,30045,0)
INSERT PortfolioScheduleDataRules (StartDate,EndDate,Tenor,Calendar,Convention,TermConvention,RuleName,LegDataId,Id) VALUES ('20610301','20660301','1Y','TARGET','F','F','Forward',30045,30044)
INSERT PortfolioLegData (LegType,Payer,Currency,DayCounter,PaymentConvention,Id,TradeId,FloatingLegIndexName,FloatingLegIsInArrears,FloatingLegFixingDays) VALUES ('Floating','true','EUR','A360','MF',30046,'30Swaption_45_5','EUR-EURIBOR-6M','false',2)
INSERT PortfolioLegNotionals (Notional,LegDataId,SeqId) VALUES (10000000.000000,30046,0)
INSERT PortfolioFloatingLegSpreads (Spread,LegDataId,SeqId) VALUES (0.000000,30046,0)
INSERT PortfolioScheduleDataRules (StartDate,EndDate,Tenor,Calendar,Convention,TermConvention,RuleName,LegDataId,Id) VALUES ('20610301','20660301','6M','TARGET','MF','MF','Forward',30046,30045)

INSERT PortfolioTrades (TradeType,id,CounterParty,NettingSetId) VALUES ('Swaption','30Swaption_49_1','CPTY_A','30CPTY_A')
INSERT PortfolioAdditionalFields (GroupingId,TradeId) VALUES ('Example_30','30Swaption_49_1')
INSERT PortfolioSwaptionData (TradeId,OptionDataLongShort,OptionDataOptionType,OptionDataStyle,OptionDataSettlement,OptionDataPayOffAtExpiry) VALUES ('30Swaption_49_1','Long','Call','European','Cash','false')
INSERT PortfolioOptionExercises (ExerciseDate,TradeId) VALUES ('20650301','30Swaption_49_1')
INSERT PortfolioLegData (LegType,Payer,Currency,DayCounter,PaymentConvention,Id,TradeId) VALUES ('Fixed','false','EUR','30/360','F',30047,'30Swaption_49_1')
INSERT PortfolioLegNotionals (Notional,LegDataId,SeqId) VALUES (10000000.000000,30047,0)
INSERT PortfolioFixedLegCPIRates (Rate,LegDataId,SeqId) VALUES (0.02,30047,0)
INSERT PortfolioScheduleDataRules (StartDate,EndDate,Tenor,Calendar,Convention,TermConvention,RuleName,LegDataId,Id) VALUES ('20650301','20660301','1Y','TARGET','F','F','Forward',30047,30046)
INSERT PortfolioLegData (LegType,Payer,Currency,DayCounter,PaymentConvention,Id,TradeId,FloatingLegIndexName,FloatingLegIsInArrears,FloatingLegFixingDays) VALUES ('Floating','true','EUR','A360','MF',30048,'30Swaption_49_1','EUR-EURIBOR-6M','false',2)
INSERT PortfolioLegNotionals (Notional,LegDataId,SeqId) VALUES (10000000.000000,30048,0)
INSERT PortfolioFloatingLegSpreads (Spread,LegDataId,SeqId) VALUES (0.000000,30048,0)
INSERT PortfolioScheduleDataRules (StartDate,EndDate,Tenor,Calendar,Convention,TermConvention,RuleName,LegDataId,Id) VALUES ('20650301','20660301','6M','TARGET','MF','MF','Forward',30048,30047)

