use ORE

INSERT PortfolioTrades (TradeType,id,EnvelopeCounterParty,EnvelopeNettingSetId) VALUES ('Swap','Swap_20','CPTY_A','CPTY_A')
INSERT PortfolioSwapData (TradeId) VALUES ('Swap_20')
INSERT PortfolioLegData (LegType,Payer,Currency,DayCounter,PaymentConvention,Id,TradeId) VALUES ('Fixed','false','EUR','30/360','F',1,'Swap_20')
INSERT PortfolioLegNotionals (Notional,LegDataId,SeqId) VALUES (10000000.000000,1,0)
INSERT PortfolioFixedLegCPIRates (Rate,LegDataId,SeqId) VALUES (0.02,1,0)
INSERT PortfolioScheduleDataRules (StartDate,EndDate,Tenor,Calendar,Convention,TermConvention,RuleName,LegDataId,Id) VALUES ('20151028','20351028','1Y','TARGET','F','F','Forward',1,0)
INSERT PortfolioLegData (LegType,Payer,Currency,DayCounter,PaymentConvention,Id,TradeId,FloatingLegIndexName,FloatingLegIsInArrears,FloatingLegFixingDays) VALUES ('Floating','true','EUR','A360','MF',2,'Swap_20','EUR-EURIBOR-6M','false',2)
INSERT PortfolioLegNotionals (Notional,LegDataId,SeqId) VALUES (10000000.000000,2,0)
INSERT PortfolioFloatingLegSpreads (Spread,LegDataId,SeqId) VALUES (0.000000,2,0)
INSERT PortfolioScheduleDataRules (StartDate,EndDate,Tenor,Calendar,Convention,TermConvention,RuleName,LegDataId,Id) VALUES ('20151028','20351028','6M','TARGET','MF','MF','Forward',2,1)

INSERT PortfolioTrades (TradeType,id,EnvelopeCounterParty,EnvelopeNettingSetId) VALUES ('Swaption','Swaption_1_19','CPTY_A','CPTY_A')
INSERT PortfolioSwaptionData (TradeId,OptionDataLongShort,OptionDataOptionType,OptionDataStyle,OptionDataSettlement,OptionDataPayOffAtExpiry) VALUES ('Swaption_1_19','Long','Call','European','Cash','false')
INSERT PortfolioOptionExercises (ExerciseDate,TradeId) VALUES ('20161028','Swaption_1_19')
INSERT PortfolioLegData (LegType,Payer,Currency,DayCounter,PaymentConvention,Id,TradeId) VALUES ('Fixed','false','EUR','30/360','F',3,'Swaption_1_19')
INSERT PortfolioLegNotionals (Notional,LegDataId,SeqId) VALUES (10000000.000000,3,0)
INSERT PortfolioFixedLegCPIRates (Rate,LegDataId,SeqId) VALUES (0.02,3,0)
INSERT PortfolioScheduleDataRules (StartDate,EndDate,Tenor,Calendar,Convention,TermConvention,RuleName,LegDataId,Id) VALUES ('20161028','20351028','1Y','TARGET','F','F','Forward',3,2)
INSERT PortfolioLegData (LegType,Payer,Currency,DayCounter,PaymentConvention,Id,TradeId,FloatingLegIndexName,FloatingLegIsInArrears,FloatingLegFixingDays) VALUES ('Floating','true','EUR','A360','MF',4,'Swaption_1_19','EUR-EURIBOR-6M','false',2)
INSERT PortfolioLegNotionals (Notional,LegDataId,SeqId) VALUES (10000000.000000,4,0)
INSERT PortfolioFloatingLegSpreads (Spread,LegDataId,SeqId) VALUES (0.000000,4,0)
INSERT PortfolioScheduleDataRules (StartDate,EndDate,Tenor,Calendar,Convention,TermConvention,RuleName,LegDataId,Id) VALUES ('20161028','20351028','6M','TARGET','MF','MF','Forward',4,3)

INSERT PortfolioTrades (TradeType,id,EnvelopeCounterParty,EnvelopeNettingSetId) VALUES ('Swaption','Swaption_2_18','CPTY_A','CPTY_A')
INSERT PortfolioSwaptionData (TradeId,OptionDataLongShort,OptionDataOptionType,OptionDataStyle,OptionDataSettlement,OptionDataPayOffAtExpiry) VALUES ('Swaption_2_18','Long','Call','European','Cash','false')
INSERT PortfolioOptionExercises (ExerciseDate,TradeId) VALUES ('20171028','Swaption_2_18')
INSERT PortfolioLegData (LegType,Payer,Currency,DayCounter,PaymentConvention,Id,TradeId) VALUES ('Fixed','false','EUR','30/360','F',5,'Swaption_2_18')
INSERT PortfolioLegNotionals (Notional,LegDataId,SeqId) VALUES (10000000.000000,5,0)
INSERT PortfolioFixedLegCPIRates (Rate,LegDataId,SeqId) VALUES (0.02,5,0)
INSERT PortfolioScheduleDataRules (StartDate,EndDate,Tenor,Calendar,Convention,TermConvention,RuleName,LegDataId,Id) VALUES ('20171028','20351028','1Y','TARGET','F','F','Forward',5,4)
INSERT PortfolioLegData (LegType,Payer,Currency,DayCounter,PaymentConvention,Id,TradeId,FloatingLegIndexName,FloatingLegIsInArrears,FloatingLegFixingDays) VALUES ('Floating','true','EUR','A360','MF',6,'Swaption_2_18','EUR-EURIBOR-6M','false',2)
INSERT PortfolioLegNotionals (Notional,LegDataId,SeqId) VALUES (10000000.000000,6,0)
INSERT PortfolioFloatingLegSpreads (Spread,LegDataId,SeqId) VALUES (0.000000,6,0)
INSERT PortfolioScheduleDataRules (StartDate,EndDate,Tenor,Calendar,Convention,TermConvention,RuleName,LegDataId,Id) VALUES ('20171028','20351028','6M','TARGET','MF','MF','Forward',6,5)

INSERT PortfolioTrades (TradeType,id,EnvelopeCounterParty,EnvelopeNettingSetId) VALUES ('Swaption','Swaption_4_16','CPTY_A','CPTY_A')
INSERT PortfolioSwaptionData (TradeId,OptionDataLongShort,OptionDataOptionType,OptionDataStyle,OptionDataSettlement,OptionDataPayOffAtExpiry) VALUES ('Swaption_4_16','Long','Call','European','Cash','false')
INSERT PortfolioOptionExercises (ExerciseDate,TradeId) VALUES ('20191028','Swaption_4_16')
INSERT PortfolioLegData (LegType,Payer,Currency,DayCounter,PaymentConvention,Id,TradeId) VALUES ('Fixed','false','EUR','30/360','F',7,'Swaption_4_16')
INSERT PortfolioLegNotionals (Notional,LegDataId,SeqId) VALUES (10000000.000000,7,0)
INSERT PortfolioFixedLegCPIRates (Rate,LegDataId,SeqId) VALUES (0.02,7,0)
INSERT PortfolioScheduleDataRules (StartDate,EndDate,Tenor,Calendar,Convention,TermConvention,RuleName,LegDataId,Id) VALUES ('20191028','20351028','1Y','TARGET','F','F','Forward',7,6)
INSERT PortfolioLegData (LegType,Payer,Currency,DayCounter,PaymentConvention,Id,TradeId,FloatingLegIndexName,FloatingLegIsInArrears,FloatingLegFixingDays) VALUES ('Floating','true','EUR','A360','MF',8,'Swaption_4_16','EUR-EURIBOR-6M','false',2)
INSERT PortfolioLegNotionals (Notional,LegDataId,SeqId) VALUES (10000000.000000,8,0)
INSERT PortfolioFloatingLegSpreads (Spread,LegDataId,SeqId) VALUES (0.000000,8,0)
INSERT PortfolioScheduleDataRules (StartDate,EndDate,Tenor,Calendar,Convention,TermConvention,RuleName,LegDataId,Id) VALUES ('20191028','20351028','6M','TARGET','MF','MF','Forward',8,7)

INSERT PortfolioTrades (TradeType,id,EnvelopeCounterParty,EnvelopeNettingSetId) VALUES ('Swaption','Swaption_6_14','CPTY_A','CPTY_A')
INSERT PortfolioSwaptionData (TradeId,OptionDataLongShort,OptionDataOptionType,OptionDataStyle,OptionDataSettlement,OptionDataPayOffAtExpiry) VALUES ('Swaption_6_14','Long','Call','European','Cash','false')
INSERT PortfolioOptionExercises (ExerciseDate,TradeId) VALUES ('20211028','Swaption_6_14')
INSERT PortfolioLegData (LegType,Payer,Currency,DayCounter,PaymentConvention,Id,TradeId) VALUES ('Fixed','false','EUR','30/360','F',9,'Swaption_6_14')
INSERT PortfolioLegNotionals (Notional,LegDataId,SeqId) VALUES (10000000.000000,9,0)
INSERT PortfolioFixedLegCPIRates (Rate,LegDataId,SeqId) VALUES (0.02,9,0)
INSERT PortfolioScheduleDataRules (StartDate,EndDate,Tenor,Calendar,Convention,TermConvention,RuleName,LegDataId,Id) VALUES ('20211028','20351028','1Y','TARGET','F','F','Forward',9,8)
INSERT PortfolioLegData (LegType,Payer,Currency,DayCounter,PaymentConvention,Id,TradeId,FloatingLegIndexName,FloatingLegIsInArrears,FloatingLegFixingDays) VALUES ('Floating','true','EUR','A360','MF',10,'Swaption_6_14','EUR-EURIBOR-6M','false',2)
INSERT PortfolioLegNotionals (Notional,LegDataId,SeqId) VALUES (10000000.000000,10,0)
INSERT PortfolioFloatingLegSpreads (Spread,LegDataId,SeqId) VALUES (0.000000,10,0)
INSERT PortfolioScheduleDataRules (StartDate,EndDate,Tenor,Calendar,Convention,TermConvention,RuleName,LegDataId,Id) VALUES ('20211028','20351028','6M','TARGET','MF','MF','Forward',10,9)

INSERT PortfolioTrades (TradeType,id,EnvelopeCounterParty,EnvelopeNettingSetId) VALUES ('Swaption','Swaption_8_12','CPTY_A','CPTY_A')
INSERT PortfolioSwaptionData (TradeId,OptionDataLongShort,OptionDataOptionType,OptionDataStyle,OptionDataSettlement,OptionDataPayOffAtExpiry) VALUES ('Swaption_8_12','Long','Call','European','Cash','false')
INSERT PortfolioOptionExercises (ExerciseDate,TradeId) VALUES ('20231028','Swaption_8_12')
INSERT PortfolioLegData (LegType,Payer,Currency,DayCounter,PaymentConvention,Id,TradeId) VALUES ('Fixed','false','EUR','30/360','F',11,'Swaption_8_12')
INSERT PortfolioLegNotionals (Notional,LegDataId,SeqId) VALUES (10000000.000000,11,0)
INSERT PortfolioFixedLegCPIRates (Rate,LegDataId,SeqId) VALUES (0.02,11,0)
INSERT PortfolioScheduleDataRules (StartDate,EndDate,Tenor,Calendar,Convention,TermConvention,RuleName,LegDataId,Id) VALUES ('20231028','20351028','1Y','TARGET','F','F','Forward',11,10)
INSERT PortfolioLegData (LegType,Payer,Currency,DayCounter,PaymentConvention,Id,TradeId,FloatingLegIndexName,FloatingLegIsInArrears,FloatingLegFixingDays) VALUES ('Floating','true','EUR','A360','MF',12,'Swaption_8_12','EUR-EURIBOR-6M','false',2)
INSERT PortfolioLegNotionals (Notional,LegDataId,SeqId) VALUES (10000000.000000,12,0)
INSERT PortfolioFloatingLegSpreads (Spread,LegDataId,SeqId) VALUES (0.000000,12,0)
INSERT PortfolioScheduleDataRules (StartDate,EndDate,Tenor,Calendar,Convention,TermConvention,RuleName,LegDataId,Id) VALUES ('20231028','20351028','6M','TARGET','MF','MF','Forward',12,11)

INSERT PortfolioTrades (TradeType,id,EnvelopeCounterParty,EnvelopeNettingSetId) VALUES ('Swaption','Swaption_10_10','CPTY_A','CPTY_A')
INSERT PortfolioSwaptionData (TradeId,OptionDataLongShort,OptionDataOptionType,OptionDataStyle,OptionDataSettlement,OptionDataPayOffAtExpiry) VALUES ('Swaption_10_10','Long','Call','European','Cash','false')
INSERT PortfolioOptionExercises (ExerciseDate,TradeId) VALUES ('20251028','Swaption_10_10')
INSERT PortfolioLegData (LegType,Payer,Currency,DayCounter,PaymentConvention,Id,TradeId) VALUES ('Fixed','false','EUR','30/360','F',13,'Swaption_10_10')
INSERT PortfolioLegNotionals (Notional,LegDataId,SeqId) VALUES (10000000.000000,13,0)
INSERT PortfolioFixedLegCPIRates (Rate,LegDataId,SeqId) VALUES (0.02,13,0)
INSERT PortfolioScheduleDataRules (StartDate,EndDate,Tenor,Calendar,Convention,TermConvention,RuleName,LegDataId,Id) VALUES ('20251028','20351028','1Y','TARGET','F','F','Forward',13,12)
INSERT PortfolioLegData (LegType,Payer,Currency,DayCounter,PaymentConvention,Id,TradeId,FloatingLegIndexName,FloatingLegIsInArrears,FloatingLegFixingDays) VALUES ('Floating','true','EUR','A360','MF',14,'Swaption_10_10','EUR-EURIBOR-6M','false',2)
INSERT PortfolioLegNotionals (Notional,LegDataId,SeqId) VALUES (10000000.000000,14,0)
INSERT PortfolioFloatingLegSpreads (Spread,LegDataId,SeqId) VALUES (0.000000,14,0)
INSERT PortfolioScheduleDataRules (StartDate,EndDate,Tenor,Calendar,Convention,TermConvention,RuleName,LegDataId,Id) VALUES ('20251028','20351028','6M','TARGET','MF','MF','Forward',14,13)

INSERT PortfolioTrades (TradeType,id,EnvelopeCounterParty,EnvelopeNettingSetId) VALUES ('Swaption','Swaption_12_8','CPTY_A','CPTY_A')
INSERT PortfolioSwaptionData (TradeId,OptionDataLongShort,OptionDataOptionType,OptionDataStyle,OptionDataSettlement,OptionDataPayOffAtExpiry) VALUES ('Swaption_12_8','Long','Call','European','Cash','false')
INSERT PortfolioOptionExercises (ExerciseDate,TradeId) VALUES ('20271028','Swaption_12_8')
INSERT PortfolioLegData (LegType,Payer,Currency,DayCounter,PaymentConvention,Id,TradeId) VALUES ('Fixed','false','EUR','30/360','F',15,'Swaption_12_8')
INSERT PortfolioLegNotionals (Notional,LegDataId,SeqId) VALUES (10000000.000000,15,0)
INSERT PortfolioFixedLegCPIRates (Rate,LegDataId,SeqId) VALUES (0.02,15,0)
INSERT PortfolioScheduleDataRules (StartDate,EndDate,Tenor,Calendar,Convention,TermConvention,RuleName,LegDataId,Id) VALUES ('20271028','20351028','1Y','TARGET','F','F','Forward',15,14)
INSERT PortfolioLegData (LegType,Payer,Currency,DayCounter,PaymentConvention,Id,TradeId,FloatingLegIndexName,FloatingLegIsInArrears,FloatingLegFixingDays) VALUES ('Floating','true','EUR','A360','MF',16,'Swaption_12_8','EUR-EURIBOR-6M','false',2)
INSERT PortfolioLegNotionals (Notional,LegDataId,SeqId) VALUES (10000000.000000,16,0)
INSERT PortfolioFloatingLegSpreads (Spread,LegDataId,SeqId) VALUES (0.000000,16,0)
INSERT PortfolioScheduleDataRules (StartDate,EndDate,Tenor,Calendar,Convention,TermConvention,RuleName,LegDataId,Id) VALUES ('20271028','20351028','6M','TARGET','MF','MF','Forward',16,15)

INSERT PortfolioTrades (TradeType,id,EnvelopeCounterParty,EnvelopeNettingSetId) VALUES ('Swaption','Swaption_14_6','CPTY_A','CPTY_A')
INSERT PortfolioSwaptionData (TradeId,OptionDataLongShort,OptionDataOptionType,OptionDataStyle,OptionDataSettlement,OptionDataPayOffAtExpiry) VALUES ('Swaption_14_6','Long','Call','European','Cash','false')
INSERT PortfolioOptionExercises (ExerciseDate,TradeId) VALUES ('20291028','Swaption_14_6')
INSERT PortfolioLegData (LegType,Payer,Currency,DayCounter,PaymentConvention,Id,TradeId) VALUES ('Fixed','false','EUR','30/360','F',17,'Swaption_14_6')
INSERT PortfolioLegNotionals (Notional,LegDataId,SeqId) VALUES (10000000.000000,17,0)
INSERT PortfolioFixedLegCPIRates (Rate,LegDataId,SeqId) VALUES (0.02,17,0)
INSERT PortfolioScheduleDataRules (StartDate,EndDate,Tenor,Calendar,Convention,TermConvention,RuleName,LegDataId,Id) VALUES ('20291028','20351028','1Y','TARGET','F','F','Forward',17,16)
INSERT PortfolioLegData (LegType,Payer,Currency,DayCounter,PaymentConvention,Id,TradeId,FloatingLegIndexName,FloatingLegIsInArrears,FloatingLegFixingDays) VALUES ('Floating','true','EUR','A360','MF',18,'Swaption_14_6','EUR-EURIBOR-6M','false',2)
INSERT PortfolioLegNotionals (Notional,LegDataId,SeqId) VALUES (10000000.000000,18,0)
INSERT PortfolioFloatingLegSpreads (Spread,LegDataId,SeqId) VALUES (0.000000,18,0)
INSERT PortfolioScheduleDataRules (StartDate,EndDate,Tenor,Calendar,Convention,TermConvention,RuleName,LegDataId,Id) VALUES ('20291028','20351028','6M','TARGET','MF','MF','Forward',18,17)

INSERT PortfolioTrades (TradeType,id,EnvelopeCounterParty,EnvelopeNettingSetId) VALUES ('Swaption','Swaption_16_4','CPTY_A','CPTY_A')
INSERT PortfolioSwaptionData (TradeId,OptionDataLongShort,OptionDataOptionType,OptionDataStyle,OptionDataSettlement,OptionDataPayOffAtExpiry) VALUES ('Swaption_16_4','Long','Call','European','Cash','false')
INSERT PortfolioOptionExercises (ExerciseDate,TradeId) VALUES ('20311028','Swaption_16_4')
INSERT PortfolioLegData (LegType,Payer,Currency,DayCounter,PaymentConvention,Id,TradeId) VALUES ('Fixed','false','EUR','30/360','F',19,'Swaption_16_4')
INSERT PortfolioLegNotionals (Notional,LegDataId,SeqId) VALUES (10000000.000000,19,0)
INSERT PortfolioFixedLegCPIRates (Rate,LegDataId,SeqId) VALUES (0.02,19,0)
INSERT PortfolioScheduleDataRules (StartDate,EndDate,Tenor,Calendar,Convention,TermConvention,RuleName,LegDataId,Id) VALUES ('20311028','20351028','1Y','TARGET','F','F','Forward',19,18)
INSERT PortfolioLegData (LegType,Payer,Currency,DayCounter,PaymentConvention,Id,TradeId,FloatingLegIndexName,FloatingLegIsInArrears,FloatingLegFixingDays) VALUES ('Floating','true','EUR','A360','MF',20,'Swaption_16_4','EUR-EURIBOR-6M','false',2)
INSERT PortfolioLegNotionals (Notional,LegDataId,SeqId) VALUES (10000000.000000,20,0)
INSERT PortfolioFloatingLegSpreads (Spread,LegDataId,SeqId) VALUES (0.000000,20,0)
INSERT PortfolioScheduleDataRules (StartDate,EndDate,Tenor,Calendar,Convention,TermConvention,RuleName,LegDataId,Id) VALUES ('20311028','20351028','6M','TARGET','MF','MF','Forward',20,19)

INSERT PortfolioTrades (TradeType,id,EnvelopeCounterParty,EnvelopeNettingSetId) VALUES ('Swaption','Swaption_18_2','CPTY_A','CPTY_A')
INSERT PortfolioSwaptionData (TradeId,OptionDataLongShort,OptionDataOptionType,OptionDataStyle,OptionDataSettlement,OptionDataPayOffAtExpiry) VALUES ('Swaption_18_2','Long','Call','European','Cash','false')
INSERT PortfolioOptionExercises (ExerciseDate,TradeId) VALUES ('20331028','Swaption_18_2')
INSERT PortfolioLegData (LegType,Payer,Currency,DayCounter,PaymentConvention,Id,TradeId) VALUES ('Fixed','false','EUR','30/360','F',21,'Swaption_18_2')
INSERT PortfolioLegNotionals (Notional,LegDataId,SeqId) VALUES (10000000.000000,21,0)
INSERT PortfolioFixedLegCPIRates (Rate,LegDataId,SeqId) VALUES (0.02,21,0)
INSERT PortfolioScheduleDataRules (StartDate,EndDate,Tenor,Calendar,Convention,TermConvention,RuleName,LegDataId,Id) VALUES ('20331028','20351028','1Y','TARGET','F','F','Forward',21,20)
INSERT PortfolioLegData (LegType,Payer,Currency,DayCounter,PaymentConvention,Id,TradeId,FloatingLegIndexName,FloatingLegIsInArrears,FloatingLegFixingDays) VALUES ('Floating','true','EUR','A360','MF',22,'Swaption_18_2','EUR-EURIBOR-6M','false',2)
INSERT PortfolioLegNotionals (Notional,LegDataId,SeqId) VALUES (10000000.000000,22,0)
INSERT PortfolioFloatingLegSpreads (Spread,LegDataId,SeqId) VALUES (0.000000,22,0)
INSERT PortfolioScheduleDataRules (StartDate,EndDate,Tenor,Calendar,Convention,TermConvention,RuleName,LegDataId,Id) VALUES ('20331028','20351028','6M','TARGET','MF','MF','Forward',22,21)

INSERT PortfolioTrades (TradeType,id,EnvelopeCounterParty,EnvelopeNettingSetId) VALUES ('Swaption','Swaption_19_1','CPTY_A','CPTY_A')
INSERT PortfolioSwaptionData (TradeId,OptionDataLongShort,OptionDataOptionType,OptionDataStyle,OptionDataSettlement,OptionDataPayOffAtExpiry) VALUES ('Swaption_19_1','Long','Call','European','Cash','false')
INSERT PortfolioOptionExercises (ExerciseDate,TradeId) VALUES ('20341028','Swaption_19_1')
INSERT PortfolioLegData (LegType,Payer,Currency,DayCounter,PaymentConvention,Id,TradeId) VALUES ('Fixed','false','EUR','30/360','F',23,'Swaption_19_1')
INSERT PortfolioLegNotionals (Notional,LegDataId,SeqId) VALUES (10000000.000000,23,0)
INSERT PortfolioFixedLegCPIRates (Rate,LegDataId,SeqId) VALUES (0.02,23,0)
INSERT PortfolioScheduleDataRules (StartDate,EndDate,Tenor,Calendar,Convention,TermConvention,RuleName,LegDataId,Id) VALUES ('20341028','20351028','1Y','TARGET','F','F','Forward',23,22)
INSERT PortfolioLegData (LegType,Payer,Currency,DayCounter,PaymentConvention,Id,TradeId,FloatingLegIndexName,FloatingLegIsInArrears,FloatingLegFixingDays) VALUES ('Floating','true','EUR','A360','MF',24,'Swaption_19_1','EUR-EURIBOR-6M','false',2)
INSERT PortfolioLegNotionals (Notional,LegDataId,SeqId) VALUES (10000000.000000,24,0)
INSERT PortfolioFloatingLegSpreads (Spread,LegDataId,SeqId) VALUES (0.000000,24,0)
INSERT PortfolioScheduleDataRules (StartDate,EndDate,Tenor,Calendar,Convention,TermConvention,RuleName,LegDataId,Id) VALUES ('20341028','20351028','6M','TARGET','MF','MF','Forward',24,23)

