use ORE

INSERT SimulationMarket (BaseCurrency,Id,SimulationDescription,YieldCurvesConfigurationTenors,YieldCurvesConfigurationInterpolation,YieldCurvesConfigurationExtrapolation,DefaultCurvesTenors,SwaptionVolatilitiesSimulate,SwaptionVolatilitiesReactionToTimeDecay,SwaptionVolatilitiesExpiries,SwaptionVolatilitiesTerms,FxVolatilitiesSimulate,FxVolatilitiesReactionToTimeDecay,FxVolatilitiesExpiries) VALUES ('EUR','Example_1','Example_1 Description','3M,6M,1Y,2Y,3Y,4Y,5Y,7Y,10Y,12Y,15Y,20Y','LogLinear','Y','6M,1Y,2Y','false','ForwardVariance','6M,1Y,2Y,3Y,5Y,10Y,12Y,15Y,20Y','1Y,2Y,3Y,4Y,5Y,7Y,10Y,15Y,20Y,30Y','false','ForwardVariance','6M,1Y,2Y,3Y,4Y,5Y,7Y,10Y')
INSERT SimulationMarketIndices (IndexName,SimulationId) VALUES ('EUR-EURIBOR-6M','Example_1')
INSERT SimulationMarketIndices (IndexName,SimulationId) VALUES ('EUR-EURIBOR-3M','Example_1')
INSERT SimulationMarketIndices (IndexName,SimulationId) VALUES ('EUR-EONIA','Example_1')
INSERT SimulationMarketIndices (IndexName,SimulationId) VALUES ('USD-LIBOR-3M','Example_1')
INSERT SimulationMarketIndices (IndexName,SimulationId) VALUES ('GBP-LIBOR-6M','Example_1')
INSERT SimulationMarketIndices (IndexName,SimulationId) VALUES ('GBP-LIBOR-3M','Example_1')
INSERT SimulationMarketIndices (IndexName,SimulationId) VALUES ('CHF-LIBOR-6M','Example_1')
INSERT SimulationMarketIndices (IndexName,SimulationId) VALUES ('JPY-LIBOR-6M','Example_1')
INSERT SimulationMarketSwapIndices (Name,DiscountingIndex,SimulationId) VALUES ('EUR-CMS-1Y','EUR-EONIA','Example_1')
INSERT SimulationMarketSwapIndices (Name,DiscountingIndex,SimulationId) VALUES ('EUR-CMS-30Y','EUR-EONIA','Example_1')
INSERT SimulationMarketSwaptionVolatilitiesCurrencies (Currency,SimulationId) VALUES ('EUR','Example_1')
INSERT SimulationMarketSwaptionVolatilitiesCurrencies (Currency,SimulationId) VALUES ('USD','Example_1')
INSERT SimulationMarketSwaptionVolatilitiesCurrencies (Currency,SimulationId) VALUES ('GBP','Example_1')
INSERT SimulationMarketSwaptionVolatilitiesCurrencies (Currency,SimulationId) VALUES ('CHF','Example_1')
INSERT SimulationMarketSwaptionVolatilitiesCurrencies (Currency,SimulationId) VALUES ('JPY','Example_1')
INSERT SimulationMarketFxVolatilitiesCurrencyPairs (CurrencyPair,SimulationId) VALUES ('USDEUR','Example_1')
INSERT SimulationMarketFxVolatilitiesCurrencyPairs (CurrencyPair,SimulationId) VALUES ('GBPEUR','Example_1')
INSERT SimulationMarketFxVolatilitiesCurrencyPairs (CurrencyPair,SimulationId) VALUES ('JPYEUR','Example_1')
INSERT SimulationMarketAggregationScenarioDataCurrencies (Currency,SimulationId) VALUES ('EUR','Example_1')
INSERT SimulationMarketAggregationScenarioDataCurrencies (Currency,SimulationId) VALUES ('USD','Example_1')
INSERT SimulationMarketCurrencies (Currency,SimulationId) VALUES ('EUR','Example_1')
INSERT SimulationMarketCurrencies (Currency,SimulationId) VALUES ('USD','Example_1')
INSERT SimulationMarketCurrencies (Currency,SimulationId) VALUES ('GBP','Example_1')
INSERT SimulationMarketCurrencies (Currency,SimulationId) VALUES ('CHF','Example_1')
INSERT SimulationMarketCurrencies (Currency,SimulationId) VALUES ('JPY','Example_1')
INSERT SimulationMarketAggregationScenarioDataIndices (IndexName,SimulationId) VALUES ('EUR-EURIBOR-3M','Example_1')
INSERT SimulationMarketAggregationScenarioDataIndices (IndexName,SimulationId) VALUES ('EUR-EONIA','Example_1')
INSERT SimulationMarketAggregationScenarioDataIndices (IndexName,SimulationId) VALUES ('USD-LIBOR-3M','Example_1')
INSERT SimulationParameters (Discretization,Grid,Calendar,Sequence,Seed,Samples,SimulationId) VALUES ('Exact','81,3M','EUR,USD,GBP,CHF','SobolBrownianBridge',42,5000,'Example_1')
INSERT SimulationCrossAssetModel (DomesticCcy,BootstrapTolerance,SimulationId) VALUES ('EUR',0.0001,'Example_1')
INSERT SimulationCrossAssetModelCurrencies (Currency,SimulationId) VALUES ('EUR','Example_1')
INSERT SimulationCrossAssetModelCurrencies (Currency,SimulationId) VALUES ('USD','Example_1')
INSERT SimulationCrossAssetModelCurrencies (Currency,SimulationId) VALUES ('GBP','Example_1')
INSERT SimulationCrossAssetModelCurrencies (Currency,SimulationId) VALUES ('CHF','Example_1')
INSERT SimulationCrossAssetModelCurrencies (Currency,SimulationId) VALUES ('JPY','Example_1')
INSERT SimulationCrossAssetModelInstantaneousCorrelations (Correlation,factor1,factor2,SimulationId) VALUES (0.3,'IR:EUR','IR:USD','Example_1')
INSERT SimulationCrossAssetModelInstantaneousCorrelations (Correlation,factor1,factor2,SimulationId) VALUES (0.3,'IR:EUR','IR:GBP','Example_1')
INSERT SimulationCrossAssetModelInstantaneousCorrelations (Correlation,factor1,factor2,SimulationId) VALUES (0.3,'IR:USD','IR:GBP','Example_1')
INSERT SimulationCrossAssetModelInstantaneousCorrelations (Correlation,factor1,factor2,SimulationId) VALUES (0,'IR:EUR','FX:USDEUR','Example_1')
INSERT SimulationCrossAssetModelInstantaneousCorrelations (Correlation,factor1,factor2,SimulationId) VALUES (0,'IR:EUR','FX:GBPEUR','Example_1')
INSERT SimulationCrossAssetModelInstantaneousCorrelations (Correlation,factor1,factor2,SimulationId) VALUES (0,'IR:GBP','FX:USDEUR','Example_1')
INSERT SimulationCrossAssetModelInstantaneousCorrelations (Correlation,factor1,factor2,SimulationId) VALUES (0,'IR:GBP','FX:GBPEUR','Example_1')
INSERT SimulationCrossAssetModelInstantaneousCorrelations (Correlation,factor1,factor2,SimulationId) VALUES (0,'IR:USD','FX:USDEUR','Example_1')
INSERT SimulationCrossAssetModelInstantaneousCorrelations (Correlation,factor1,factor2,SimulationId) VALUES (0,'IR:USD','FX:GBPEUR','Example_1')
INSERT SimulationCrossAssetModelInstantaneousCorrelations (Correlation,factor1,factor2,SimulationId) VALUES (0,'FX:USDEUR','FX:GBPEUR','Example_1')
INSERT SimulationCrossAssetModelInterestRateModels (CalibrationType,ccy,VolatilityCalibrate,VolatilityVolatilityType,VolatilityParamType,VolatilityTimeGrid,VolatilityInitialValue,ReversionCalibrate,ReversionReversionType,ReversionParamType,ReversionInitialValue,CalibrationSwaptionsExpiries,CalibrationSwaptionsTerms,ParameterTransformationShiftHorizon,ParameterTransformationScaling,SimulationId) VALUES ('Bootstrap','default','Y','Hagan','Piecewise','1.0, 2.0, 3.0, 4.0, 5.0, 7.0, 10.0','0.01, 0.01, 0.01, 0.01, 0.01, 0.01, 0.01, 0.01','N','HullWhite','Constant',0.03,' 1Y,  2Y,  4Y,  6Y,  8Y, 10Y, 12Y, 14Y, 16Y, 18Y, 19Y','   19Y, 18Y, 16Y, 14Y, 12Y, 10Y,  8Y,  6Y,  4Y,  2Y,  1Y',0.0,1.0,'Example_1')
INSERT SimulationCrossAssetModelInterestRateModels (CalibrationType,ccy,VolatilityCalibrate,VolatilityVolatilityType,VolatilityParamType,VolatilityTimeGrid,VolatilityInitialValue,ReversionCalibrate,ReversionReversionType,ReversionParamType,ReversionInitialValue,CalibrationSwaptionsExpiries,CalibrationSwaptionsTerms,ParameterTransformationShiftHorizon,ParameterTransformationScaling,SimulationId) VALUES ('Bootstrap','EUR','Y','Hagan','Piecewise','1.0, 2.0, 3.0, 4.0, 5.0, 7.0, 10.0','0.01, 0.01, 0.01, 0.01, 0.01, 0.01, 0.01, 0.01','N','HullWhite','Constant',0.03,' 1Y,  2Y,  4Y,  6Y,  8Y, 10Y, 12Y, 14Y, 16Y, 18Y, 19Y','   19Y, 18Y, 16Y, 14Y, 12Y, 10Y,  8Y,  6Y,  4Y,  2Y,  1Y',0.0,1.0,'Example_1')
INSERT SimulationCrossAssetModelInterestRateModels (CalibrationType,ccy,VolatilityCalibrate,VolatilityVolatilityType,VolatilityParamType,VolatilityTimeGrid,VolatilityInitialValue,ReversionCalibrate,ReversionReversionType,ReversionParamType,ReversionInitialValue,CalibrationSwaptionsExpiries,CalibrationSwaptionsTerms,ParameterTransformationShiftHorizon,ParameterTransformationScaling,SimulationId) VALUES ('Bootstrap','CHF','Y','Hagan','Piecewise','1.0, 2.0, 3.0, 4.0, 5.0, 7.0, 10.0','0.01, 0.01, 0.01, 0.01, 0.01, 0.01, 0.01, 0.01','N','HullWhite','Constant',0.03,' 1Y,  2Y,  4Y,  6Y,  8Y, 10Y, 12Y, 14Y, 16Y, 18Y, 19Y','   19Y, 18Y, 16Y, 14Y, 12Y, 10Y,  8Y,  6Y,  4Y,  2Y,  1Y',0.0,1.0,'Example_1')
INSERT SimulationCrossAssetModelForeignExchangeModels (DomesticCcy,CalibrationType,foreignCcy,SigmaCalibrate,SigmaParamType,SigmaTimeGrid,SigmaInitialValue,CalibrationOptionsExpiries,SimulationId) VALUES ('EUR','Bootstrap','default','Y','Piecewise','1.0, 2.0, 3.0, 4.0, 5.0, 7.0, 10.0','0.1, 0.1, 0.1, 0.1, 0.1, 0.1, 0.1, 0.1','1Y, 2Y, 3Y, 4Y, 5Y, 10Y','Example_1')
INSERT SimulationCrossAssetModelForeignExchangeModels (DomesticCcy,CalibrationType,foreignCcy,SigmaCalibrate,SigmaParamType,SigmaTimeGrid,SigmaInitialValue,CalibrationOptionsExpiries,SimulationId) VALUES ('EUR','Bootstrap','USD','Y','Piecewise','1.0, 2.0, 3.0, 4.0, 5.0, 7.0, 10.0','0.1, 0.1, 0.1, 0.1, 0.1, 0.1, 0.1, 0.1','1Y, 2Y, 3Y, 4Y, 5Y, 10Y','Example_1')
INSERT SimulationCrossAssetModelForeignExchangeModels (DomesticCcy,CalibrationType,foreignCcy,SigmaCalibrate,SigmaParamType,SigmaTimeGrid,SigmaInitialValue,CalibrationOptionsExpiries,SimulationId) VALUES ('EUR','Bootstrap','GBP','Y','Piecewise','    1.0, 2.0, 3.0, 4.0, 5.0, 7.0, 10.0','0.1, 0.1, 0.1, 0.1, 0.1, 0.1,  0.1, 0.1','1Y, 2Y, 3Y, 4Y, 5Y, 10Y','Example_1')
INSERT SimulationMarket (BaseCurrency,Id,SimulationDescription,YieldCurvesConfigurationTenors,YieldCurvesConfigurationInterpolation,YieldCurvesConfigurationExtrapolation,DefaultCurvesTenors,SwaptionVolatilitiesSimulate,SwaptionVolatilitiesReactionToTimeDecay,SwaptionVolatilitiesExpiries,SwaptionVolatilitiesTerms,FxVolatilitiesSimulate,FxVolatilitiesReactionToTimeDecay,FxVolatilitiesExpiries) VALUES ('EUR','Example_2','Example_2 Description','3M,6M,1Y,2Y,3Y,4Y,5Y,7Y,10Y,12Y,15Y,20Y','LogLinear','Y','6M,1Y,2Y','false','ForwardVariance','6M,1Y,2Y,3Y,5Y,10Y,12Y,15Y,20Y','1Y,2Y,3Y,4Y,5Y,7Y,10Y,15Y,20Y,30Y','false','ForwardVariance','6M,1Y,2Y,3Y,4Y,5Y,7Y,10Y')
INSERT SimulationMarketIndices (IndexName,SimulationId) VALUES ('EUR-EURIBOR-6M','Example_2')
INSERT SimulationMarketIndices (IndexName,SimulationId) VALUES ('EUR-EURIBOR-3M','Example_2')
INSERT SimulationMarketIndices (IndexName,SimulationId) VALUES ('EUR-EONIA','Example_2')
INSERT SimulationMarketIndices (IndexName,SimulationId) VALUES ('USD-LIBOR-3M','Example_2')
INSERT SimulationMarketIndices (IndexName,SimulationId) VALUES ('GBP-LIBOR-6M','Example_2')
INSERT SimulationMarketIndices (IndexName,SimulationId) VALUES ('GBP-LIBOR-3M','Example_2')
INSERT SimulationMarketIndices (IndexName,SimulationId) VALUES ('CHF-LIBOR-6M','Example_2')
INSERT SimulationMarketIndices (IndexName,SimulationId) VALUES ('JPY-LIBOR-6M','Example_2')
INSERT SimulationMarketSwapIndices (Name,DiscountingIndex,SimulationId) VALUES ('EUR-CMS-1Y','EUR-EONIA','Example_2')
INSERT SimulationMarketSwapIndices (Name,DiscountingIndex,SimulationId) VALUES ('EUR-CMS-30Y','EUR-EONIA','Example_2')
INSERT SimulationMarketSwaptionVolatilitiesCurrencies (Currency,SimulationId) VALUES ('EUR','Example_2')
INSERT SimulationMarketSwaptionVolatilitiesCurrencies (Currency,SimulationId) VALUES ('USD','Example_2')
INSERT SimulationMarketSwaptionVolatilitiesCurrencies (Currency,SimulationId) VALUES ('GBP','Example_2')
INSERT SimulationMarketSwaptionVolatilitiesCurrencies (Currency,SimulationId) VALUES ('CHF','Example_2')
INSERT SimulationMarketSwaptionVolatilitiesCurrencies (Currency,SimulationId) VALUES ('JPY','Example_2')
INSERT SimulationMarketFxVolatilitiesCurrencyPairs (CurrencyPair,SimulationId) VALUES ('USDEUR','Example_2')
INSERT SimulationMarketFxVolatilitiesCurrencyPairs (CurrencyPair,SimulationId) VALUES ('GBPEUR','Example_2')
INSERT SimulationMarketFxVolatilitiesCurrencyPairs (CurrencyPair,SimulationId) VALUES ('JPYEUR','Example_2')
INSERT SimulationMarketAggregationScenarioDataCurrencies (Currency,SimulationId) VALUES ('EUR','Example_2')
INSERT SimulationMarketAggregationScenarioDataCurrencies (Currency,SimulationId) VALUES ('USD','Example_2')
INSERT SimulationMarketCurrencies (Currency,SimulationId) VALUES ('EUR','Example_2')
INSERT SimulationMarketCurrencies (Currency,SimulationId) VALUES ('USD','Example_2')
INSERT SimulationMarketCurrencies (Currency,SimulationId) VALUES ('GBP','Example_2')
INSERT SimulationMarketCurrencies (Currency,SimulationId) VALUES ('CHF','Example_2')
INSERT SimulationMarketCurrencies (Currency,SimulationId) VALUES ('JPY','Example_2')
INSERT SimulationMarketAggregationScenarioDataIndices (IndexName,SimulationId) VALUES ('EUR-EURIBOR-3M','Example_2')
INSERT SimulationMarketAggregationScenarioDataIndices (IndexName,SimulationId) VALUES ('EUR-EONIA','Example_2')
INSERT SimulationMarketAggregationScenarioDataIndices (IndexName,SimulationId) VALUES ('USD-LIBOR-3M','Example_2')
INSERT SimulationParameters (Discretization,Grid,Calendar,Sequence,Seed,Samples,SimulationId) VALUES ('Exact','241,1M','EUR,USD,GBP,CHF','SobolBrownianBridge',42,1000,'Example_2')
INSERT SimulationCrossAssetModel (DomesticCcy,BootstrapTolerance,SimulationId) VALUES ('EUR',0.0001,'Example_2')
INSERT SimulationCrossAssetModelCurrencies (Currency,SimulationId) VALUES ('EUR','Example_2')
INSERT SimulationCrossAssetModelCurrencies (Currency,SimulationId) VALUES ('USD','Example_2')
INSERT SimulationCrossAssetModelCurrencies (Currency,SimulationId) VALUES ('GBP','Example_2')
INSERT SimulationCrossAssetModelCurrencies (Currency,SimulationId) VALUES ('CHF','Example_2')
INSERT SimulationCrossAssetModelCurrencies (Currency,SimulationId) VALUES ('JPY','Example_2')
INSERT SimulationCrossAssetModelInstantaneousCorrelations (Correlation,factor1,factor2,SimulationId) VALUES (0.3,'IR:EUR','IR:USD','Example_2')
INSERT SimulationCrossAssetModelInstantaneousCorrelations (Correlation,factor1,factor2,SimulationId) VALUES (0.3,'IR:EUR','IR:GBP','Example_2')
INSERT SimulationCrossAssetModelInstantaneousCorrelations (Correlation,factor1,factor2,SimulationId) VALUES (0.3,'IR:USD','IR:GBP','Example_2')
INSERT SimulationCrossAssetModelInstantaneousCorrelations (Correlation,factor1,factor2,SimulationId) VALUES (0,'IR:EUR','FX:USDEUR','Example_2')
INSERT SimulationCrossAssetModelInstantaneousCorrelations (Correlation,factor1,factor2,SimulationId) VALUES (0,'IR:EUR','FX:GBPEUR','Example_2')
INSERT SimulationCrossAssetModelInstantaneousCorrelations (Correlation,factor1,factor2,SimulationId) VALUES (0,'IR:GBP','FX:USDEUR','Example_2')
INSERT SimulationCrossAssetModelInstantaneousCorrelations (Correlation,factor1,factor2,SimulationId) VALUES (0,'IR:GBP','FX:GBPEUR','Example_2')
INSERT SimulationCrossAssetModelInstantaneousCorrelations (Correlation,factor1,factor2,SimulationId) VALUES (0,'IR:USD','FX:USDEUR','Example_2')
INSERT SimulationCrossAssetModelInstantaneousCorrelations (Correlation,factor1,factor2,SimulationId) VALUES (0,'IR:USD','FX:GBPEUR','Example_2')
INSERT SimulationCrossAssetModelInstantaneousCorrelations (Correlation,factor1,factor2,SimulationId) VALUES (0,'FX:USDEUR','FX:GBPEUR','Example_2')
INSERT SimulationCrossAssetModelInterestRateModels (CalibrationType,ccy,VolatilityCalibrate,VolatilityVolatilityType,VolatilityParamType,VolatilityTimeGrid,VolatilityInitialValue,ReversionCalibrate,ReversionReversionType,ReversionParamType,ReversionInitialValue,CalibrationSwaptionsExpiries,CalibrationSwaptionsTerms,ParameterTransformationShiftHorizon,ParameterTransformationScaling,SimulationId) VALUES ('Bootstrap','default','Y','Hagan','Piecewise','1.0, 2.0, 3.0, 4.0, 5.0, 7.0, 10.0','0.01, 0.01, 0.01, 0.01, 0.01, 0.01, 0.01, 0.01','N','HullWhite','Constant',0.03,' 1Y,  2Y,  4Y,  6Y,  8Y, 10Y, 12Y, 14Y, 16Y, 18Y, 19Y','   19Y, 18Y, 16Y, 14Y, 12Y, 10Y,  8Y,  6Y,  4Y,  2Y,  1Y',0.0,1.0,'Example_2')
INSERT SimulationCrossAssetModelInterestRateModels (CalibrationType,ccy,VolatilityCalibrate,VolatilityVolatilityType,VolatilityParamType,VolatilityTimeGrid,VolatilityInitialValue,ReversionCalibrate,ReversionReversionType,ReversionParamType,ReversionInitialValue,CalibrationSwaptionsExpiries,CalibrationSwaptionsTerms,ParameterTransformationShiftHorizon,ParameterTransformationScaling,SimulationId) VALUES ('Bootstrap','EUR','Y','Hagan','Piecewise','1.0, 2.0, 3.0, 4.0, 5.0, 7.0, 10.0','0.01, 0.01, 0.01, 0.01, 0.01, 0.01, 0.01, 0.01','N','HullWhite','Constant',0.03,' 1Y,  2Y,  4Y,  6Y,  8Y, 10Y, 12Y, 14Y, 16Y, 18Y, 19Y','   19Y, 18Y, 16Y, 14Y, 12Y, 10Y,  8Y,  6Y,  4Y,  2Y,  1Y',0.0,1.0,'Example_2')
INSERT SimulationCrossAssetModelInterestRateModels (CalibrationType,ccy,VolatilityCalibrate,VolatilityVolatilityType,VolatilityParamType,VolatilityTimeGrid,VolatilityInitialValue,ReversionCalibrate,ReversionReversionType,ReversionParamType,ReversionInitialValue,CalibrationSwaptionsExpiries,CalibrationSwaptionsTerms,ParameterTransformationShiftHorizon,ParameterTransformationScaling,SimulationId) VALUES ('Bootstrap','CHF','Y','Hagan','Piecewise','1.0, 2.0, 3.0, 4.0, 5.0, 7.0, 10.0','0.01, 0.01, 0.01, 0.01, 0.01, 0.01, 0.01, 0.01','N','HullWhite','Constant',0.03,' 1Y,  2Y,  4Y,  6Y,  8Y, 10Y, 12Y, 14Y, 16Y, 18Y, 19Y','   19Y, 18Y, 16Y, 14Y, 12Y, 10Y,  8Y,  6Y,  4Y,  2Y,  1Y',0.0,1.0,'Example_2')
INSERT SimulationCrossAssetModelForeignExchangeModels (DomesticCcy,CalibrationType,foreignCcy,SigmaCalibrate,SigmaParamType,SigmaTimeGrid,SigmaInitialValue,CalibrationOptionsExpiries,SimulationId) VALUES ('EUR','Bootstrap','default','Y','Piecewise','1.0, 2.0, 3.0, 4.0, 5.0, 7.0, 10.0','0.1, 0.1, 0.1, 0.1, 0.1, 0.1, 0.1, 0.1','1Y, 2Y, 3Y, 4Y, 5Y, 10Y','Example_2')
INSERT SimulationCrossAssetModelForeignExchangeModels (DomesticCcy,CalibrationType,foreignCcy,SigmaCalibrate,SigmaParamType,SigmaTimeGrid,SigmaInitialValue,CalibrationOptionsExpiries,SimulationId) VALUES ('EUR','Bootstrap','USD','Y','Piecewise','1.0, 2.0, 3.0, 4.0, 5.0, 7.0, 10.0','0.1, 0.1, 0.1, 0.1, 0.1, 0.1, 0.1, 0.1','1Y, 2Y, 3Y, 4Y, 5Y, 10Y','Example_2')
INSERT SimulationCrossAssetModelForeignExchangeModels (DomesticCcy,CalibrationType,foreignCcy,SigmaCalibrate,SigmaParamType,SigmaTimeGrid,SigmaInitialValue,CalibrationOptionsExpiries,SimulationId) VALUES ('EUR','Bootstrap','GBP','Y','Piecewise','    1.0, 2.0, 3.0, 4.0, 5.0, 7.0, 10.0','0.1, 0.1, 0.1, 0.1, 0.1, 0.1,  0.1, 0.1','1Y, 2Y, 3Y, 4Y, 5Y, 10Y','Example_2')
INSERT SimulationMarket (BaseCurrency,Id,SimulationDescription,YieldCurvesConfigurationTenors,YieldCurvesConfigurationInterpolation,YieldCurvesConfigurationExtrapolation,DefaultCurvesTenors,SwaptionVolatilitiesSimulate,SwaptionVolatilitiesReactionToTimeDecay,SwaptionVolatilitiesExpiries,SwaptionVolatilitiesTerms,FxVolatilitiesSimulate,FxVolatilitiesReactionToTimeDecay,FxVolatilitiesExpiries) VALUES ('EUR','Example_3','Example_3 Description','3M,6M,1Y,2Y,3Y,4Y,5Y,7Y,10Y,12Y,15Y,20Y','LogLinear','Y','6M,1Y,2Y','false','ForwardVariance','6M,1Y,2Y,3Y,5Y,10Y,12Y,15Y,20Y','1Y,2Y,3Y,4Y,5Y,7Y,10Y,15Y,20Y,30Y','false','ForwardVariance','6M,1Y,2Y,3Y,4Y,5Y,7Y,10Y')
INSERT SimulationMarketIndices (IndexName,SimulationId) VALUES ('EUR-EURIBOR-6M','Example_3')
INSERT SimulationMarketIndices (IndexName,SimulationId) VALUES ('EUR-EURIBOR-3M','Example_3')
INSERT SimulationMarketIndices (IndexName,SimulationId) VALUES ('EUR-EONIA','Example_3')
INSERT SimulationMarketIndices (IndexName,SimulationId) VALUES ('USD-LIBOR-3M','Example_3')
INSERT SimulationMarketIndices (IndexName,SimulationId) VALUES ('GBP-LIBOR-6M','Example_3')
INSERT SimulationMarketIndices (IndexName,SimulationId) VALUES ('GBP-LIBOR-3M','Example_3')
INSERT SimulationMarketIndices (IndexName,SimulationId) VALUES ('CHF-LIBOR-6M','Example_3')
INSERT SimulationMarketIndices (IndexName,SimulationId) VALUES ('JPY-LIBOR-6M','Example_3')
INSERT SimulationMarketSwapIndices (Name,DiscountingIndex,SimulationId) VALUES ('EUR-CMS-1Y','EUR-EONIA','Example_3')
INSERT SimulationMarketSwapIndices (Name,DiscountingIndex,SimulationId) VALUES ('EUR-CMS-30Y','EUR-EONIA','Example_3')
INSERT SimulationMarketSwaptionVolatilitiesCurrencies (Currency,SimulationId) VALUES ('EUR','Example_3')
INSERT SimulationMarketSwaptionVolatilitiesCurrencies (Currency,SimulationId) VALUES ('USD','Example_3')
INSERT SimulationMarketSwaptionVolatilitiesCurrencies (Currency,SimulationId) VALUES ('GBP','Example_3')
INSERT SimulationMarketSwaptionVolatilitiesCurrencies (Currency,SimulationId) VALUES ('CHF','Example_3')
INSERT SimulationMarketSwaptionVolatilitiesCurrencies (Currency,SimulationId) VALUES ('JPY','Example_3')
INSERT SimulationMarketFxVolatilitiesCurrencyPairs (CurrencyPair,SimulationId) VALUES ('EURUSD','Example_3')
INSERT SimulationMarketFxVolatilitiesCurrencyPairs (CurrencyPair,SimulationId) VALUES ('EURGBP','Example_3')
INSERT SimulationMarketFxVolatilitiesCurrencyPairs (CurrencyPair,SimulationId) VALUES ('EURJPY','Example_3')
INSERT SimulationMarketAggregationScenarioDataCurrencies (Currency,SimulationId) VALUES ('EUR','Example_3')
INSERT SimulationMarketAggregationScenarioDataCurrencies (Currency,SimulationId) VALUES ('USD','Example_3')
INSERT SimulationMarketCurrencies (Currency,SimulationId) VALUES ('EUR','Example_3')
INSERT SimulationMarketCurrencies (Currency,SimulationId) VALUES ('USD','Example_3')
INSERT SimulationMarketCurrencies (Currency,SimulationId) VALUES ('GBP','Example_3')
INSERT SimulationMarketCurrencies (Currency,SimulationId) VALUES ('CHF','Example_3')
INSERT SimulationMarketCurrencies (Currency,SimulationId) VALUES ('JPY','Example_3')
INSERT SimulationMarketAggregationScenarioDataIndices (IndexName,SimulationId) VALUES ('EUR-EURIBOR-3M','Example_3')
INSERT SimulationMarketAggregationScenarioDataIndices (IndexName,SimulationId) VALUES ('EUR-EONIA','Example_3')
INSERT SimulationMarketAggregationScenarioDataIndices (IndexName,SimulationId) VALUES ('USD-LIBOR-3M','Example_3')
INSERT SimulationParameters (Discretization,Grid,Calendar,Sequence,Seed,Samples,SimulationId) VALUES ('Exact','83,3M','EUR,USD,GBP,CHF','SobolBrownianBridge',42,1000,'Example_3')
INSERT SimulationCrossAssetModel (DomesticCcy,BootstrapTolerance,SimulationId) VALUES ('EUR',0.0001,'Example_3')
INSERT SimulationCrossAssetModelCurrencies (Currency,SimulationId) VALUES ('EUR','Example_3')
INSERT SimulationCrossAssetModelCurrencies (Currency,SimulationId) VALUES ('USD','Example_3')
INSERT SimulationCrossAssetModelCurrencies (Currency,SimulationId) VALUES ('GBP','Example_3')
INSERT SimulationCrossAssetModelCurrencies (Currency,SimulationId) VALUES ('CHF','Example_3')
INSERT SimulationCrossAssetModelCurrencies (Currency,SimulationId) VALUES ('JPY','Example_3')
INSERT SimulationCrossAssetModelInstantaneousCorrelations (Correlation,factor1,factor2,SimulationId) VALUES (0.3,'IR:EUR','IR:USD','Example_3')
INSERT SimulationCrossAssetModelInstantaneousCorrelations (Correlation,factor1,factor2,SimulationId) VALUES (0.3,'IR:EUR','IR:GBP','Example_3')
INSERT SimulationCrossAssetModelInstantaneousCorrelations (Correlation,factor1,factor2,SimulationId) VALUES (0.3,'IR:USD','IR:GBP','Example_3')
INSERT SimulationCrossAssetModelInstantaneousCorrelations (Correlation,factor1,factor2,SimulationId) VALUES (0,'IR:EUR','FX:USDEUR','Example_3')
INSERT SimulationCrossAssetModelInstantaneousCorrelations (Correlation,factor1,factor2,SimulationId) VALUES (0,'IR:EUR','FX:GBPEUR','Example_3')
INSERT SimulationCrossAssetModelInstantaneousCorrelations (Correlation,factor1,factor2,SimulationId) VALUES (0,'IR:GBP','FX:USDEUR','Example_3')
INSERT SimulationCrossAssetModelInstantaneousCorrelations (Correlation,factor1,factor2,SimulationId) VALUES (0,'IR:GBP','FX:GBPEUR','Example_3')
INSERT SimulationCrossAssetModelInstantaneousCorrelations (Correlation,factor1,factor2,SimulationId) VALUES (0,'IR:USD','FX:USDEUR','Example_3')
INSERT SimulationCrossAssetModelInstantaneousCorrelations (Correlation,factor1,factor2,SimulationId) VALUES (0,'IR:USD','FX:GBPEUR','Example_3')
INSERT SimulationCrossAssetModelInstantaneousCorrelations (Correlation,factor1,factor2,SimulationId) VALUES (0,'FX:USDEUR','FX:GBPEUR','Example_3')
INSERT SimulationCrossAssetModelInterestRateModels (CalibrationType,ccy,VolatilityCalibrate,VolatilityVolatilityType,VolatilityParamType,VolatilityTimeGrid,VolatilityInitialValue,ReversionCalibrate,ReversionReversionType,ReversionParamType,ReversionInitialValue,CalibrationSwaptionsExpiries,CalibrationSwaptionsTerms,ParameterTransformationShiftHorizon,ParameterTransformationScaling,SimulationId) VALUES ('Bootstrap','default','Y','Hagan','Piecewise','1.0, 2.0, 3.0, 4.0, 5.0, 7.0, 10.0','0.01, 0.01, 0.01, 0.01, 0.01, 0.01, 0.01, 0.01','N','HullWhite','Constant',0.03,' 1Y,2Y,3Y,4Y,5Y,7Y,10Y,12Y,15Y,20Y,25Y','   29Y,28Y,27Y,26Y,25Y,23Y,20Y,18Y,15Y,10Y,5Y',0.0,1.0,'Example_3')
INSERT SimulationCrossAssetModelInterestRateModels (CalibrationType,ccy,VolatilityCalibrate,VolatilityVolatilityType,VolatilityParamType,VolatilityTimeGrid,VolatilityInitialValue,ReversionCalibrate,ReversionReversionType,ReversionParamType,ReversionInitialValue,CalibrationSwaptionsExpiries,CalibrationSwaptionsTerms,ParameterTransformationShiftHorizon,ParameterTransformationScaling,SimulationId) VALUES ('Bootstrap','EUR','Y','Hagan','Piecewise','1.0, 2.0, 3.0, 4.0, 5.0, 7.0, 10.0','0.01, 0.01, 0.01, 0.01, 0.01, 0.01, 0.01, 0.01','N','HullWhite','Constant',0.03,' 1Y,2Y,3Y,4Y,5Y,7Y,10Y,12Y,15Y,20Y,25Y','   29Y,28Y,27Y,26Y,25Y,23Y,20Y,18Y,15Y,10Y,5Y',0.0,1.0,'Example_3')
INSERT SimulationCrossAssetModelInterestRateModels (CalibrationType,ccy,VolatilityCalibrate,VolatilityVolatilityType,VolatilityParamType,VolatilityTimeGrid,VolatilityInitialValue,ReversionCalibrate,ReversionReversionType,ReversionParamType,ReversionInitialValue,CalibrationSwaptionsExpiries,CalibrationSwaptionsTerms,ParameterTransformationShiftHorizon,ParameterTransformationScaling,SimulationId) VALUES ('Bootstrap','CHF','Y','Hagan','Piecewise','1.0, 2.0, 3.0, 4.0, 5.0, 7.0, 10.0','0.01, 0.01, 0.01, 0.01, 0.01, 0.01, 0.01, 0.01','N','HullWhite','Constant',0.03,' 1Y,2Y,3Y,4Y,5Y,7Y,10Y,12Y,15Y,20Y,25Y','   29Y,28Y,27Y,26Y,25Y,23Y,20Y,18Y,15Y,10Y,5Y',0.0,1.0,'Example_3')
INSERT SimulationCrossAssetModelForeignExchangeModels (DomesticCcy,CalibrationType,foreignCcy,SigmaCalibrate,SigmaParamType,SigmaTimeGrid,SigmaInitialValue,CalibrationOptionsExpiries,SimulationId) VALUES ('EUR','Bootstrap','default','Y','Piecewise','1.0, 2.0, 3.0, 4.0, 5.0, 7.0, 10.0','0.1, 0.1, 0.1, 0.1, 0.1, 0.1, 0.1, 0.1','1Y, 2Y, 3Y, 4Y, 5Y, 10Y','Example_3')
INSERT SimulationCrossAssetModelForeignExchangeModels (DomesticCcy,CalibrationType,foreignCcy,SigmaCalibrate,SigmaParamType,SigmaTimeGrid,SigmaInitialValue,CalibrationOptionsExpiries,SimulationId) VALUES ('EUR','Bootstrap','USD','Y','Piecewise','1.0, 2.0, 3.0, 4.0, 5.0, 7.0, 10.0','0.1, 0.1, 0.1, 0.1, 0.1, 0.1, 0.1, 0.1','1Y, 2Y, 3Y, 4Y, 5Y, 10Y','Example_3')
INSERT SimulationCrossAssetModelForeignExchangeModels (DomesticCcy,CalibrationType,foreignCcy,SigmaCalibrate,SigmaParamType,SigmaTimeGrid,SigmaInitialValue,CalibrationOptionsExpiries,SimulationId) VALUES ('EUR','Bootstrap','GBP','Y','Piecewise','    1.0, 2.0, 3.0, 4.0, 5.0, 7.0, 10.0','0.1, 0.1, 0.1, 0.1, 0.1, 0.1,  0.1, 0.1','1Y, 2Y, 3Y, 4Y, 5Y, 10Y','Example_3')
INSERT SimulationMarket (BaseCurrency,Id,SimulationDescription,YieldCurvesConfigurationTenors,YieldCurvesConfigurationInterpolation,YieldCurvesConfigurationExtrapolation,DefaultCurvesTenors,SwaptionVolatilitiesSimulate,SwaptionVolatilitiesReactionToTimeDecay,SwaptionVolatilitiesExpiries,SwaptionVolatilitiesTerms,FxVolatilitiesSimulate,FxVolatilitiesReactionToTimeDecay,FxVolatilitiesExpiries) VALUES ('EUR','Example_4','Example_4 Description','3M,6M,1Y,2Y,3Y,4Y,5Y,7Y,10Y,12Y,15Y,20Y','LogLinear','Y','6M,1Y,2Y','false','ForwardVariance','6M,1Y,2Y,3Y,5Y,10Y,12Y,15Y,20Y','1Y,2Y,3Y,4Y,5Y,7Y,10Y,15Y,20Y,30Y','false','ForwardVariance','6M,1Y,2Y,3Y,4Y,5Y,7Y,10Y')
INSERT SimulationMarketIndices (IndexName,SimulationId) VALUES ('EUR-EURIBOR-6M','Example_4')
INSERT SimulationMarketIndices (IndexName,SimulationId) VALUES ('EUR-EURIBOR-3M','Example_4')
INSERT SimulationMarketIndices (IndexName,SimulationId) VALUES ('EUR-EONIA','Example_4')
INSERT SimulationMarketIndices (IndexName,SimulationId) VALUES ('USD-LIBOR-3M','Example_4')
INSERT SimulationMarketIndices (IndexName,SimulationId) VALUES ('GBP-LIBOR-6M','Example_4')
INSERT SimulationMarketIndices (IndexName,SimulationId) VALUES ('GBP-LIBOR-3M','Example_4')
INSERT SimulationMarketIndices (IndexName,SimulationId) VALUES ('CHF-LIBOR-6M','Example_4')
INSERT SimulationMarketIndices (IndexName,SimulationId) VALUES ('JPY-LIBOR-6M','Example_4')
INSERT SimulationMarketSwapIndices (Name,DiscountingIndex,SimulationId) VALUES ('EUR-CMS-1Y','EUR-EONIA','Example_4')
INSERT SimulationMarketSwapIndices (Name,DiscountingIndex,SimulationId) VALUES ('EUR-CMS-30Y','EUR-EONIA','Example_4')
INSERT SimulationMarketSwaptionVolatilitiesCurrencies (Currency,SimulationId) VALUES ('EUR','Example_4')
INSERT SimulationMarketSwaptionVolatilitiesCurrencies (Currency,SimulationId) VALUES ('USD','Example_4')
INSERT SimulationMarketSwaptionVolatilitiesCurrencies (Currency,SimulationId) VALUES ('GBP','Example_4')
INSERT SimulationMarketSwaptionVolatilitiesCurrencies (Currency,SimulationId) VALUES ('CHF','Example_4')
INSERT SimulationMarketSwaptionVolatilitiesCurrencies (Currency,SimulationId) VALUES ('JPY','Example_4')
INSERT SimulationMarketFxVolatilitiesCurrencyPairs (CurrencyPair,SimulationId) VALUES ('EURUSD','Example_4')
INSERT SimulationMarketFxVolatilitiesCurrencyPairs (CurrencyPair,SimulationId) VALUES ('EURGBP','Example_4')
INSERT SimulationMarketFxVolatilitiesCurrencyPairs (CurrencyPair,SimulationId) VALUES ('EURJPY','Example_4')
INSERT SimulationMarketAggregationScenarioDataCurrencies (Currency,SimulationId) VALUES ('EUR','Example_4')
INSERT SimulationMarketAggregationScenarioDataCurrencies (Currency,SimulationId) VALUES ('USD','Example_4')
INSERT SimulationMarketCurrencies (Currency,SimulationId) VALUES ('EUR','Example_4')
INSERT SimulationMarketCurrencies (Currency,SimulationId) VALUES ('USD','Example_4')
INSERT SimulationMarketCurrencies (Currency,SimulationId) VALUES ('GBP','Example_4')
INSERT SimulationMarketCurrencies (Currency,SimulationId) VALUES ('CHF','Example_4')
INSERT SimulationMarketCurrencies (Currency,SimulationId) VALUES ('JPY','Example_4')
INSERT SimulationMarketAggregationScenarioDataIndices (IndexName,SimulationId) VALUES ('EUR-EURIBOR-3M','Example_4')
INSERT SimulationMarketAggregationScenarioDataIndices (IndexName,SimulationId) VALUES ('EUR-EONIA','Example_4')
INSERT SimulationMarketAggregationScenarioDataIndices (IndexName,SimulationId) VALUES ('USD-LIBOR-3M','Example_4')
INSERT SimulationParameters (Discretization,Grid,Calendar,Sequence,Seed,Samples,SimulationId) VALUES ('Exact','92,3M','EUR,USD,GBP,CHF','SobolBrownianBridge',42,1000,'Example_4')
INSERT SimulationCrossAssetModel (DomesticCcy,BootstrapTolerance,SimulationId) VALUES ('EUR',0.0001,'Example_4')
INSERT SimulationCrossAssetModelCurrencies (Currency,SimulationId) VALUES ('EUR','Example_4')
INSERT SimulationCrossAssetModelCurrencies (Currency,SimulationId) VALUES ('USD','Example_4')
INSERT SimulationCrossAssetModelCurrencies (Currency,SimulationId) VALUES ('GBP','Example_4')
INSERT SimulationCrossAssetModelCurrencies (Currency,SimulationId) VALUES ('CHF','Example_4')
INSERT SimulationCrossAssetModelCurrencies (Currency,SimulationId) VALUES ('JPY','Example_4')
INSERT SimulationCrossAssetModelInstantaneousCorrelations (Correlation,factor1,factor2,SimulationId) VALUES (0.3,'IR:EUR','IR:USD','Example_4')
INSERT SimulationCrossAssetModelInstantaneousCorrelations (Correlation,factor1,factor2,SimulationId) VALUES (0.3,'IR:EUR','IR:GBP','Example_4')
INSERT SimulationCrossAssetModelInstantaneousCorrelations (Correlation,factor1,factor2,SimulationId) VALUES (0.3,'IR:USD','IR:GBP','Example_4')
INSERT SimulationCrossAssetModelInstantaneousCorrelations (Correlation,factor1,factor2,SimulationId) VALUES (0,'IR:EUR','FX:USDEUR','Example_4')
INSERT SimulationCrossAssetModelInstantaneousCorrelations (Correlation,factor1,factor2,SimulationId) VALUES (0,'IR:EUR','FX:GBPEUR','Example_4')
INSERT SimulationCrossAssetModelInstantaneousCorrelations (Correlation,factor1,factor2,SimulationId) VALUES (0,'IR:GBP','FX:USDEUR','Example_4')
INSERT SimulationCrossAssetModelInstantaneousCorrelations (Correlation,factor1,factor2,SimulationId) VALUES (0,'IR:GBP','FX:GBPEUR','Example_4')
INSERT SimulationCrossAssetModelInstantaneousCorrelations (Correlation,factor1,factor2,SimulationId) VALUES (0,'IR:USD','FX:USDEUR','Example_4')
INSERT SimulationCrossAssetModelInstantaneousCorrelations (Correlation,factor1,factor2,SimulationId) VALUES (0,'IR:USD','FX:GBPEUR','Example_4')
INSERT SimulationCrossAssetModelInstantaneousCorrelations (Correlation,factor1,factor2,SimulationId) VALUES (0,'FX:USDEUR','FX:GBPEUR','Example_4')
INSERT SimulationCrossAssetModelInterestRateModels (CalibrationType,ccy,VolatilityCalibrate,VolatilityVolatilityType,VolatilityParamType,VolatilityTimeGrid,VolatilityInitialValue,ReversionCalibrate,ReversionReversionType,ReversionParamType,ReversionInitialValue,CalibrationSwaptionsExpiries,CalibrationSwaptionsTerms,ParameterTransformationShiftHorizon,ParameterTransformationScaling,SimulationId) VALUES ('Bootstrap','default','Y','Hagan','Piecewise','1.0, 2.0, 3.0, 4.0, 5.0, 7.0, 10.0','0.01, 0.01, 0.01, 0.01, 0.01, 0.01, 0.01, 0.01','N','HullWhite','Constant',0.03,' 1Y,2Y,3Y,4Y,5Y,7Y,10Y,12Y,15Y,20Y,25Y','   29Y,28Y,27Y,26Y,25Y,23Y,20Y,18Y,15Y,10Y,5Y',0.0,1.0,'Example_4')
INSERT SimulationCrossAssetModelInterestRateModels (CalibrationType,ccy,VolatilityCalibrate,VolatilityVolatilityType,VolatilityParamType,VolatilityTimeGrid,VolatilityInitialValue,ReversionCalibrate,ReversionReversionType,ReversionParamType,ReversionInitialValue,CalibrationSwaptionsExpiries,CalibrationSwaptionsTerms,ParameterTransformationShiftHorizon,ParameterTransformationScaling,SimulationId) VALUES ('Bootstrap','EUR','Y','Hagan','Piecewise','1.0, 2.0, 3.0, 4.0, 5.0, 7.0, 10.0','0.01, 0.01, 0.01, 0.01, 0.01, 0.01, 0.01, 0.01','N','HullWhite','Constant',0.03,' 1Y,2Y,3Y,4Y,5Y,7Y,10Y,12Y,15Y,20Y,25Y','   29Y,28Y,27Y,26Y,25Y,23Y,20Y,18Y,15Y,10Y,5Y',0.0,1.0,'Example_4')
INSERT SimulationCrossAssetModelInterestRateModels (CalibrationType,ccy,VolatilityCalibrate,VolatilityVolatilityType,VolatilityParamType,VolatilityTimeGrid,VolatilityInitialValue,ReversionCalibrate,ReversionReversionType,ReversionParamType,ReversionInitialValue,CalibrationSwaptionsExpiries,CalibrationSwaptionsTerms,ParameterTransformationShiftHorizon,ParameterTransformationScaling,SimulationId) VALUES ('Bootstrap','CHF','Y','Hagan','Piecewise','1.0, 2.0, 3.0, 4.0, 5.0, 7.0, 10.0','0.01, 0.01, 0.01, 0.01, 0.01, 0.01, 0.01, 0.01','N','HullWhite','Constant',0.03,' 1Y,2Y,3Y,4Y,5Y,7Y,10Y,12Y,15Y,20Y,25Y','   29Y,28Y,27Y,26Y,25Y,23Y,20Y,18Y,15Y,10Y,5Y',0.0,1.0,'Example_4')
INSERT SimulationCrossAssetModelForeignExchangeModels (DomesticCcy,CalibrationType,foreignCcy,SigmaCalibrate,SigmaParamType,SigmaTimeGrid,SigmaInitialValue,CalibrationOptionsExpiries,SimulationId) VALUES ('EUR','Bootstrap','default','Y','Piecewise','1.0, 2.0, 3.0, 4.0, 5.0, 7.0, 10.0','0.1, 0.1, 0.1, 0.1, 0.1, 0.1, 0.1, 0.1','1Y, 2Y, 3Y, 4Y, 5Y, 10Y','Example_4')
INSERT SimulationCrossAssetModelForeignExchangeModels (DomesticCcy,CalibrationType,foreignCcy,SigmaCalibrate,SigmaParamType,SigmaTimeGrid,SigmaInitialValue,CalibrationOptionsExpiries,SimulationId) VALUES ('EUR','Bootstrap','USD','Y','Piecewise','1.0, 2.0, 3.0, 4.0, 5.0, 7.0, 10.0','0.1, 0.1, 0.1, 0.1, 0.1, 0.1, 0.1, 0.1','1Y, 2Y, 3Y, 4Y, 5Y, 10Y','Example_4')
INSERT SimulationCrossAssetModelForeignExchangeModels (DomesticCcy,CalibrationType,foreignCcy,SigmaCalibrate,SigmaParamType,SigmaTimeGrid,SigmaInitialValue,CalibrationOptionsExpiries,SimulationId) VALUES ('EUR','Bootstrap','GBP','Y','Piecewise','    1.0, 2.0, 3.0, 4.0, 5.0, 7.0, 10.0','0.1, 0.1, 0.1, 0.1, 0.1, 0.1,  0.1, 0.1','1Y, 2Y, 3Y, 4Y, 5Y, 10Y','Example_4')
INSERT SimulationMarket (BaseCurrency,Id,SimulationDescription,YieldCurvesConfigurationTenors,YieldCurvesConfigurationInterpolation,YieldCurvesConfigurationExtrapolation,DefaultCurvesTenors,SwaptionVolatilitiesSimulate,SwaptionVolatilitiesReactionToTimeDecay,SwaptionVolatilitiesExpiries,SwaptionVolatilitiesTerms,FxVolatilitiesSimulate,FxVolatilitiesReactionToTimeDecay,FxVolatilitiesExpiries) VALUES ('EUR','Example_5','Example_5 Description','3M,6M,1Y,2Y,3Y,4Y,5Y,7Y,10Y,12Y,15Y,20Y','LogLinear','Y','6M,1Y,2Y','false','ForwardVariance','6M,1Y,2Y,3Y,5Y,10Y,12Y,15Y,20Y','1Y,2Y,3Y,4Y,5Y,7Y,10Y,15Y,20Y,30Y','false','ForwardVariance','6M,1Y,2Y,3Y,4Y,5Y,7Y,10Y')
INSERT SimulationMarketIndices (IndexName,SimulationId) VALUES ('EUR-EURIBOR-6M','Example_5')
INSERT SimulationMarketIndices (IndexName,SimulationId) VALUES ('EUR-EURIBOR-3M','Example_5')
INSERT SimulationMarketIndices (IndexName,SimulationId) VALUES ('EUR-EONIA','Example_5')
INSERT SimulationMarketIndices (IndexName,SimulationId) VALUES ('USD-LIBOR-3M','Example_5')
INSERT SimulationMarketIndices (IndexName,SimulationId) VALUES ('GBP-LIBOR-6M','Example_5')
INSERT SimulationMarketIndices (IndexName,SimulationId) VALUES ('GBP-LIBOR-3M','Example_5')
INSERT SimulationMarketIndices (IndexName,SimulationId) VALUES ('CHF-LIBOR-6M','Example_5')
INSERT SimulationMarketIndices (IndexName,SimulationId) VALUES ('JPY-LIBOR-6M','Example_5')
INSERT SimulationMarketSwapIndices (Name,DiscountingIndex,SimulationId) VALUES ('EUR-CMS-1Y','EUR-EONIA','Example_5')
INSERT SimulationMarketSwapIndices (Name,DiscountingIndex,SimulationId) VALUES ('EUR-CMS-30Y','EUR-EONIA','Example_5')
INSERT SimulationMarketSwaptionVolatilitiesCurrencies (Currency,SimulationId) VALUES ('EUR','Example_5')
INSERT SimulationMarketSwaptionVolatilitiesCurrencies (Currency,SimulationId) VALUES ('USD','Example_5')
INSERT SimulationMarketSwaptionVolatilitiesCurrencies (Currency,SimulationId) VALUES ('GBP','Example_5')
INSERT SimulationMarketSwaptionVolatilitiesCurrencies (Currency,SimulationId) VALUES ('CHF','Example_5')
INSERT SimulationMarketSwaptionVolatilitiesCurrencies (Currency,SimulationId) VALUES ('JPY','Example_5')
INSERT SimulationMarketFxVolatilitiesCurrencyPairs (CurrencyPair,SimulationId) VALUES ('EURUSD','Example_5')
INSERT SimulationMarketFxVolatilitiesCurrencyPairs (CurrencyPair,SimulationId) VALUES ('EURGBP','Example_5')
INSERT SimulationMarketFxVolatilitiesCurrencyPairs (CurrencyPair,SimulationId) VALUES ('EURJPY','Example_5')
INSERT SimulationMarketAggregationScenarioDataCurrencies (Currency,SimulationId) VALUES ('EUR','Example_5')
INSERT SimulationMarketAggregationScenarioDataCurrencies (Currency,SimulationId) VALUES ('USD','Example_5')
INSERT SimulationMarketCurrencies (Currency,SimulationId) VALUES ('EUR','Example_5')
INSERT SimulationMarketCurrencies (Currency,SimulationId) VALUES ('USD','Example_5')
INSERT SimulationMarketCurrencies (Currency,SimulationId) VALUES ('GBP','Example_5')
INSERT SimulationMarketCurrencies (Currency,SimulationId) VALUES ('CHF','Example_5')
INSERT SimulationMarketCurrencies (Currency,SimulationId) VALUES ('JPY','Example_5')
INSERT SimulationMarketAggregationScenarioDataIndices (IndexName,SimulationId) VALUES ('EUR-EURIBOR-3M','Example_5')
INSERT SimulationMarketAggregationScenarioDataIndices (IndexName,SimulationId) VALUES ('EUR-EONIA','Example_5')
INSERT SimulationMarketAggregationScenarioDataIndices (IndexName,SimulationId) VALUES ('USD-LIBOR-3M','Example_5')
INSERT SimulationParameters (Discretization,Grid,Calendar,Sequence,Seed,Samples,SimulationId) VALUES ('Exact','92,3M','EUR,USD,GBP,CHF','SobolBrownianBridge',42,1000,'Example_5')
INSERT SimulationCrossAssetModel (DomesticCcy,BootstrapTolerance,SimulationId) VALUES ('EUR',0.0001,'Example_5')
INSERT SimulationCrossAssetModelCurrencies (Currency,SimulationId) VALUES ('EUR','Example_5')
INSERT SimulationCrossAssetModelCurrencies (Currency,SimulationId) VALUES ('USD','Example_5')
INSERT SimulationCrossAssetModelCurrencies (Currency,SimulationId) VALUES ('GBP','Example_5')
INSERT SimulationCrossAssetModelCurrencies (Currency,SimulationId) VALUES ('CHF','Example_5')
INSERT SimulationCrossAssetModelCurrencies (Currency,SimulationId) VALUES ('JPY','Example_5')
INSERT SimulationCrossAssetModelInstantaneousCorrelations (Correlation,factor1,factor2,SimulationId) VALUES (0.3,'IR:EUR','IR:USD','Example_5')
INSERT SimulationCrossAssetModelInstantaneousCorrelations (Correlation,factor1,factor2,SimulationId) VALUES (0.3,'IR:EUR','IR:GBP','Example_5')
INSERT SimulationCrossAssetModelInstantaneousCorrelations (Correlation,factor1,factor2,SimulationId) VALUES (0.3,'IR:USD','IR:GBP','Example_5')
INSERT SimulationCrossAssetModelInstantaneousCorrelations (Correlation,factor1,factor2,SimulationId) VALUES (0,'IR:EUR','FX:USDEUR','Example_5')
INSERT SimulationCrossAssetModelInstantaneousCorrelations (Correlation,factor1,factor2,SimulationId) VALUES (0,'IR:EUR','FX:GBPEUR','Example_5')
INSERT SimulationCrossAssetModelInstantaneousCorrelations (Correlation,factor1,factor2,SimulationId) VALUES (0,'IR:GBP','FX:USDEUR','Example_5')
INSERT SimulationCrossAssetModelInstantaneousCorrelations (Correlation,factor1,factor2,SimulationId) VALUES (0,'IR:GBP','FX:GBPEUR','Example_5')
INSERT SimulationCrossAssetModelInstantaneousCorrelations (Correlation,factor1,factor2,SimulationId) VALUES (0,'IR:USD','FX:USDEUR','Example_5')
INSERT SimulationCrossAssetModelInstantaneousCorrelations (Correlation,factor1,factor2,SimulationId) VALUES (0,'IR:USD','FX:GBPEUR','Example_5')
INSERT SimulationCrossAssetModelInstantaneousCorrelations (Correlation,factor1,factor2,SimulationId) VALUES (0,'FX:USDEUR','FX:GBPEUR','Example_5')
INSERT SimulationCrossAssetModelInterestRateModels (CalibrationType,ccy,VolatilityCalibrate,VolatilityVolatilityType,VolatilityParamType,VolatilityTimeGrid,VolatilityInitialValue,ReversionCalibrate,ReversionReversionType,ReversionParamType,ReversionInitialValue,CalibrationSwaptionsExpiries,CalibrationSwaptionsTerms,ParameterTransformationShiftHorizon,ParameterTransformationScaling,SimulationId) VALUES ('Bootstrap','default','Y','Hagan','Piecewise','1.0, 2.0, 3.0, 4.0, 5.0, 7.0, 10.0','0.01, 0.01, 0.01, 0.01, 0.01, 0.01, 0.01, 0.01','N','HullWhite','Constant',0.03,' 1Y,2Y,3Y,4Y,5Y,7Y,10Y,12Y,15Y,20Y,25Y','   29Y,28Y,27Y,26Y,25Y,23Y,20Y,18Y,15Y,10Y,5Y',0.0,1.0,'Example_5')
INSERT SimulationCrossAssetModelInterestRateModels (CalibrationType,ccy,VolatilityCalibrate,VolatilityVolatilityType,VolatilityParamType,VolatilityTimeGrid,VolatilityInitialValue,ReversionCalibrate,ReversionReversionType,ReversionParamType,ReversionInitialValue,CalibrationSwaptionsExpiries,CalibrationSwaptionsTerms,ParameterTransformationShiftHorizon,ParameterTransformationScaling,SimulationId) VALUES ('Bootstrap','EUR','Y','Hagan','Piecewise','1.0, 2.0, 3.0, 4.0, 5.0, 7.0, 10.0','0.01, 0.01, 0.01, 0.01, 0.01, 0.01, 0.01, 0.01','N','HullWhite','Constant',0.03,' 1Y,2Y,3Y,4Y,5Y,7Y,10Y,12Y,15Y,20Y,25Y','   29Y,28Y,27Y,26Y,25Y,23Y,20Y,18Y,15Y,10Y,5Y',0.0,1.0,'Example_5')
INSERT SimulationCrossAssetModelInterestRateModels (CalibrationType,ccy,VolatilityCalibrate,VolatilityVolatilityType,VolatilityParamType,VolatilityTimeGrid,VolatilityInitialValue,ReversionCalibrate,ReversionReversionType,ReversionParamType,ReversionInitialValue,CalibrationSwaptionsExpiries,CalibrationSwaptionsTerms,ParameterTransformationShiftHorizon,ParameterTransformationScaling,SimulationId) VALUES ('Bootstrap','CHF','Y','Hagan','Piecewise','1.0, 2.0, 3.0, 4.0, 5.0, 7.0, 10.0','0.01, 0.01, 0.01, 0.01, 0.01, 0.01, 0.01, 0.01','N','HullWhite','Constant',0.03,' 1Y,2Y,3Y,4Y,5Y,7Y,10Y,12Y,15Y,20Y,25Y','   29Y,28Y,27Y,26Y,25Y,23Y,20Y,18Y,15Y,10Y,5Y',0.0,1.0,'Example_5')
INSERT SimulationCrossAssetModelForeignExchangeModels (DomesticCcy,CalibrationType,foreignCcy,SigmaCalibrate,SigmaParamType,SigmaTimeGrid,SigmaInitialValue,CalibrationOptionsExpiries,SimulationId) VALUES ('EUR','Bootstrap','default','Y','Piecewise','1.0, 2.0, 3.0, 4.0, 5.0, 7.0, 10.0','0.1, 0.1, 0.1, 0.1, 0.1, 0.1, 0.1, 0.1','1Y, 2Y, 3Y, 4Y, 5Y, 10Y','Example_5')
INSERT SimulationCrossAssetModelForeignExchangeModels (DomesticCcy,CalibrationType,foreignCcy,SigmaCalibrate,SigmaParamType,SigmaTimeGrid,SigmaInitialValue,CalibrationOptionsExpiries,SimulationId) VALUES ('EUR','Bootstrap','USD','Y','Piecewise','1.0, 2.0, 3.0, 4.0, 5.0, 7.0, 10.0','0.1, 0.1, 0.1, 0.1, 0.1, 0.1, 0.1, 0.1','1Y, 2Y, 3Y, 4Y, 5Y, 10Y','Example_5')
INSERT SimulationCrossAssetModelForeignExchangeModels (DomesticCcy,CalibrationType,foreignCcy,SigmaCalibrate,SigmaParamType,SigmaTimeGrid,SigmaInitialValue,CalibrationOptionsExpiries,SimulationId) VALUES ('EUR','Bootstrap','GBP','Y','Piecewise','    1.0, 2.0, 3.0, 4.0, 5.0, 7.0, 10.0','0.1, 0.1, 0.1, 0.1, 0.1, 0.1,  0.1, 0.1','1Y, 2Y, 3Y, 4Y, 5Y, 10Y','Example_5')
INSERT SimulationMarket (BaseCurrency,Id,SimulationDescription,YieldCurvesConfigurationTenors,YieldCurvesConfigurationInterpolation,YieldCurvesConfigurationExtrapolation,DefaultCurvesTenors,SwaptionVolatilitiesSimulate,SwaptionVolatilitiesReactionToTimeDecay,SwaptionVolatilitiesExpiries,SwaptionVolatilitiesTerms,FxVolatilitiesSimulate,FxVolatilitiesReactionToTimeDecay,FxVolatilitiesExpiries) VALUES ('EUR','Example_6','Example_6 Description','3M,6M,1Y,2Y,3Y,4Y,5Y,7Y,10Y,12Y,15Y,20Y','LogLinear','Y','6M,1Y,2Y','false','ForwardVariance','6M,1Y,2Y,3Y,5Y,10Y,12Y,15Y,20Y','1Y,2Y,3Y,4Y,5Y,7Y,10Y,15Y,20Y,30Y','false','ForwardVariance','6M,1Y,2Y,3Y,4Y,5Y,7Y,10Y')
INSERT SimulationMarketIndices (IndexName,SimulationId) VALUES ('EUR-EURIBOR-6M','Example_6')
INSERT SimulationMarketIndices (IndexName,SimulationId) VALUES ('EUR-EURIBOR-3M','Example_6')
INSERT SimulationMarketIndices (IndexName,SimulationId) VALUES ('EUR-EONIA','Example_6')
INSERT SimulationMarketIndices (IndexName,SimulationId) VALUES ('USD-LIBOR-3M','Example_6')
INSERT SimulationMarketIndices (IndexName,SimulationId) VALUES ('GBP-LIBOR-6M','Example_6')
INSERT SimulationMarketIndices (IndexName,SimulationId) VALUES ('GBP-LIBOR-3M','Example_6')
INSERT SimulationMarketIndices (IndexName,SimulationId) VALUES ('CHF-LIBOR-6M','Example_6')
INSERT SimulationMarketIndices (IndexName,SimulationId) VALUES ('JPY-LIBOR-6M','Example_6')
INSERT SimulationMarketSwapIndices (Name,DiscountingIndex,SimulationId) VALUES ('EUR-CMS-1Y','EUR-EONIA','Example_6')
INSERT SimulationMarketSwapIndices (Name,DiscountingIndex,SimulationId) VALUES ('EUR-CMS-30Y','EUR-EONIA','Example_6')
INSERT SimulationMarketSwaptionVolatilitiesCurrencies (Currency,SimulationId) VALUES ('EUR','Example_6')
INSERT SimulationMarketSwaptionVolatilitiesCurrencies (Currency,SimulationId) VALUES ('USD','Example_6')
INSERT SimulationMarketSwaptionVolatilitiesCurrencies (Currency,SimulationId) VALUES ('GBP','Example_6')
INSERT SimulationMarketSwaptionVolatilitiesCurrencies (Currency,SimulationId) VALUES ('CHF','Example_6')
INSERT SimulationMarketSwaptionVolatilitiesCurrencies (Currency,SimulationId) VALUES ('JPY','Example_6')
INSERT SimulationMarketCapFloorVolatilitiesCurrencies (Currency,SimulationId) VALUES ('EUR','Example_6')
INSERT SimulationMarketCapFloorVolatilitiesCurrencies (Currency,SimulationId) VALUES ('USD','Example_6')
INSERT SimulationMarketCapFloorVolatilitiesCurrencies (Currency,SimulationId) VALUES ('GBP','Example_6')
INSERT SimulationMarketFxVolatilitiesCurrencyPairs (CurrencyPair,SimulationId) VALUES ('EURUSD','Example_6')
INSERT SimulationMarketFxVolatilitiesCurrencyPairs (CurrencyPair,SimulationId) VALUES ('EURGBP','Example_6')
INSERT SimulationMarketFxVolatilitiesCurrencyPairs (CurrencyPair,SimulationId) VALUES ('EURJPY','Example_6')
INSERT SimulationMarketAggregationScenarioDataCurrencies (Currency,SimulationId) VALUES ('EUR','Example_6')
INSERT SimulationMarketAggregationScenarioDataCurrencies (Currency,SimulationId) VALUES ('USD','Example_6')
INSERT SimulationMarketCurrencies (Currency,SimulationId) VALUES ('EUR','Example_6')
INSERT SimulationMarketCurrencies (Currency,SimulationId) VALUES ('USD','Example_6')
INSERT SimulationMarketCurrencies (Currency,SimulationId) VALUES ('GBP','Example_6')
INSERT SimulationMarketCurrencies (Currency,SimulationId) VALUES ('CHF','Example_6')
INSERT SimulationMarketCurrencies (Currency,SimulationId) VALUES ('JPY','Example_6')
INSERT SimulationMarketAggregationScenarioDataIndices (IndexName,SimulationId) VALUES ('EUR-EURIBOR-3M','Example_6')
INSERT SimulationMarketAggregationScenarioDataIndices (IndexName,SimulationId) VALUES ('EUR-EONIA','Example_6')
INSERT SimulationMarketAggregationScenarioDataIndices (IndexName,SimulationId) VALUES ('USD-LIBOR-3M','Example_6')
INSERT SimulationParameters (Discretization,Grid,Calendar,Sequence,Seed,Samples,SimulationId) VALUES ('Exact','80,3M','EUR,USD,GBP,CHF','SobolBrownianBridge',42,1000,'Example_6')
INSERT SimulationCrossAssetModel (DomesticCcy,BootstrapTolerance,SimulationId) VALUES ('EUR',0.0001,'Example_6')
INSERT SimulationCrossAssetModelCurrencies (Currency,SimulationId) VALUES ('EUR','Example_6')
INSERT SimulationCrossAssetModelCurrencies (Currency,SimulationId) VALUES ('USD','Example_6')
INSERT SimulationCrossAssetModelCurrencies (Currency,SimulationId) VALUES ('GBP','Example_6')
INSERT SimulationCrossAssetModelCurrencies (Currency,SimulationId) VALUES ('CHF','Example_6')
INSERT SimulationCrossAssetModelCurrencies (Currency,SimulationId) VALUES ('JPY','Example_6')
INSERT SimulationCrossAssetModelInstantaneousCorrelations (Correlation,factor1,factor2,SimulationId) VALUES (0.3,'IR:EUR','IR:USD','Example_6')
INSERT SimulationCrossAssetModelInstantaneousCorrelations (Correlation,factor1,factor2,SimulationId) VALUES (0.3,'IR:EUR','IR:GBP','Example_6')
INSERT SimulationCrossAssetModelInstantaneousCorrelations (Correlation,factor1,factor2,SimulationId) VALUES (0.3,'IR:USD','IR:GBP','Example_6')
INSERT SimulationCrossAssetModelInstantaneousCorrelations (Correlation,factor1,factor2,SimulationId) VALUES (0,'IR:EUR','FX:USDEUR','Example_6')
INSERT SimulationCrossAssetModelInstantaneousCorrelations (Correlation,factor1,factor2,SimulationId) VALUES (0,'IR:EUR','FX:GBPEUR','Example_6')
INSERT SimulationCrossAssetModelInstantaneousCorrelations (Correlation,factor1,factor2,SimulationId) VALUES (0,'IR:GBP','FX:USDEUR','Example_6')
INSERT SimulationCrossAssetModelInstantaneousCorrelations (Correlation,factor1,factor2,SimulationId) VALUES (0,'IR:GBP','FX:GBPEUR','Example_6')
INSERT SimulationCrossAssetModelInstantaneousCorrelations (Correlation,factor1,factor2,SimulationId) VALUES (0,'IR:USD','FX:USDEUR','Example_6')
INSERT SimulationCrossAssetModelInstantaneousCorrelations (Correlation,factor1,factor2,SimulationId) VALUES (0,'IR:USD','FX:GBPEUR','Example_6')
INSERT SimulationCrossAssetModelInstantaneousCorrelations (Correlation,factor1,factor2,SimulationId) VALUES (0,'FX:USDEUR','FX:GBPEUR','Example_6')
INSERT SimulationCrossAssetModelInterestRateModels (CalibrationType,ccy,VolatilityCalibrate,VolatilityVolatilityType,VolatilityParamType,VolatilityTimeGrid,VolatilityInitialValue,ReversionCalibrate,ReversionReversionType,ReversionParamType,ReversionInitialValue,CalibrationSwaptionsExpiries,CalibrationSwaptionsTerms,ParameterTransformationShiftHorizon,ParameterTransformationScaling,SimulationId) VALUES ('Bootstrap','default','Y','Hagan','Piecewise','1.0, 2.0, 3.0, 4.0, 5.0, 7.0, 10.0','0.01, 0.01, 0.01, 0.01, 0.01, 0.01, 0.01, 0.01','N','HullWhite','Constant',0.03,' 1Y,  2Y,  4Y,  6Y,  8Y, 10Y, 12Y, 14Y, 16Y, 18Y, 19Y','   19Y, 18Y, 16Y, 14Y, 12Y, 10Y,  8Y,  6Y,  4Y,  2Y,  1Y',0.0,1.0,'Example_6')
INSERT SimulationCrossAssetModelInterestRateModels (CalibrationType,ccy,VolatilityCalibrate,VolatilityVolatilityType,VolatilityParamType,VolatilityTimeGrid,VolatilityInitialValue,ReversionCalibrate,ReversionReversionType,ReversionParamType,ReversionInitialValue,CalibrationSwaptionsExpiries,CalibrationSwaptionsTerms,ParameterTransformationShiftHorizon,ParameterTransformationScaling,SimulationId) VALUES ('Bootstrap','EUR','Y','Hagan','Piecewise','1.0, 2.0, 3.0, 4.0, 5.0, 7.0, 10.0','0.01, 0.01, 0.01, 0.01, 0.01, 0.01, 0.01, 0.01','N','HullWhite','Constant',0.03,' 1Y,  2Y,  4Y,  6Y,  8Y, 10Y, 12Y, 14Y, 16Y, 18Y, 19Y','   19Y, 18Y, 16Y, 14Y, 12Y, 10Y,  8Y,  6Y,  4Y,  2Y,  1Y',0.0,1.0,'Example_6')
INSERT SimulationCrossAssetModelInterestRateModels (CalibrationType,ccy,VolatilityCalibrate,VolatilityVolatilityType,VolatilityParamType,VolatilityTimeGrid,VolatilityInitialValue,ReversionCalibrate,ReversionReversionType,ReversionParamType,ReversionInitialValue,CalibrationSwaptionsExpiries,CalibrationSwaptionsTerms,ParameterTransformationShiftHorizon,ParameterTransformationScaling,SimulationId) VALUES ('Bootstrap','CHF','Y','Hagan','Piecewise','1.0, 2.0, 3.0, 4.0, 5.0, 7.0, 10.0','0.01, 0.01, 0.01, 0.01, 0.01, 0.01, 0.01, 0.01','N','HullWhite','Constant',0.03,' 1Y,  2Y,  4Y,  6Y,  8Y, 10Y, 12Y, 14Y, 16Y, 18Y, 19Y','   19Y, 18Y, 16Y, 14Y, 12Y, 10Y,  8Y,  6Y,  4Y,  2Y,  1Y',0.0,1.0,'Example_6')
INSERT SimulationCrossAssetModelForeignExchangeModels (DomesticCcy,CalibrationType,foreignCcy,SigmaCalibrate,SigmaParamType,SigmaTimeGrid,SigmaInitialValue,CalibrationOptionsExpiries,SimulationId) VALUES ('EUR','Bootstrap','default','Y','Piecewise','1.0, 2.0, 3.0, 4.0, 5.0, 7.0, 10.0','0.1, 0.1, 0.1, 0.1, 0.1, 0.1, 0.1, 0.1','1Y, 2Y, 3Y, 4Y, 5Y, 10Y','Example_6')
INSERT SimulationCrossAssetModelForeignExchangeModels (DomesticCcy,CalibrationType,foreignCcy,SigmaCalibrate,SigmaParamType,SigmaTimeGrid,SigmaInitialValue,CalibrationOptionsExpiries,SimulationId) VALUES ('EUR','Bootstrap','USD','Y','Piecewise','1.0, 2.0, 3.0, 4.0, 5.0, 7.0, 10.0','0.1, 0.1, 0.1, 0.1, 0.1, 0.1, 0.1, 0.1','1Y, 2Y, 3Y, 4Y, 5Y, 10Y','Example_6')
INSERT SimulationCrossAssetModelForeignExchangeModels (DomesticCcy,CalibrationType,foreignCcy,SigmaCalibrate,SigmaParamType,SigmaTimeGrid,SigmaInitialValue,CalibrationOptionsExpiries,SimulationId) VALUES ('EUR','Bootstrap','GBP','Y','Piecewise','    1.0, 2.0, 3.0, 4.0, 5.0, 7.0, 10.0','0.1, 0.1, 0.1, 0.1, 0.1, 0.1,  0.1, 0.1','1Y, 2Y, 3Y, 4Y, 5Y, 10Y','Example_6')
INSERT SimulationMarket (BaseCurrency,Id,SimulationDescription,YieldCurvesConfigurationTenors,YieldCurvesConfigurationInterpolation,YieldCurvesConfigurationExtrapolation,DefaultCurvesTenors,SwaptionVolatilitiesSimulate,SwaptionVolatilitiesReactionToTimeDecay,SwaptionVolatilitiesExpiries,SwaptionVolatilitiesTerms,FxVolatilitiesSimulate,FxVolatilitiesReactionToTimeDecay,FxVolatilitiesExpiries) VALUES ('EUR','Example_7','Example_7 Description','3M,6M,1Y,2Y,3Y,4Y,5Y,7Y,10Y,12Y,15Y,20Y','LogLinear','Y','6M,1Y,2Y','false','ForwardVariance','6M,1Y,2Y,3Y,5Y,10Y,12Y,15Y,20Y','1Y,2Y,3Y,4Y,5Y,7Y,10Y,15Y,20Y,30Y','false','ConstantVariance','6M,1Y,2Y,3Y,4Y,5Y,7Y,10Y')
INSERT SimulationMarketIndices (IndexName,SimulationId) VALUES ('EUR-EURIBOR-6M','Example_7')
INSERT SimulationMarketIndices (IndexName,SimulationId) VALUES ('EUR-EURIBOR-3M','Example_7')
INSERT SimulationMarketIndices (IndexName,SimulationId) VALUES ('EUR-EONIA','Example_7')
INSERT SimulationMarketIndices (IndexName,SimulationId) VALUES ('USD-LIBOR-3M','Example_7')
INSERT SimulationMarketIndices (IndexName,SimulationId) VALUES ('GBP-LIBOR-6M','Example_7')
INSERT SimulationMarketIndices (IndexName,SimulationId) VALUES ('GBP-LIBOR-3M','Example_7')
INSERT SimulationMarketIndices (IndexName,SimulationId) VALUES ('CHF-LIBOR-6M','Example_7')
INSERT SimulationMarketIndices (IndexName,SimulationId) VALUES ('JPY-LIBOR-6M','Example_7')
INSERT SimulationMarketSwapIndices (Name,DiscountingIndex,SimulationId) VALUES ('EUR-CMS-1Y','EUR-EONIA','Example_7')
INSERT SimulationMarketSwapIndices (Name,DiscountingIndex,SimulationId) VALUES ('EUR-CMS-30Y','EUR-EONIA','Example_7')
INSERT SimulationMarketSwaptionVolatilitiesCurrencies (Currency,SimulationId) VALUES ('EUR','Example_7')
INSERT SimulationMarketSwaptionVolatilitiesCurrencies (Currency,SimulationId) VALUES ('USD','Example_7')
INSERT SimulationMarketSwaptionVolatilitiesCurrencies (Currency,SimulationId) VALUES ('GBP','Example_7')
INSERT SimulationMarketSwaptionVolatilitiesCurrencies (Currency,SimulationId) VALUES ('CHF','Example_7')
INSERT SimulationMarketSwaptionVolatilitiesCurrencies (Currency,SimulationId) VALUES ('JPY','Example_7')
INSERT SimulationMarketFxVolatilitiesCurrencyPairs (CurrencyPair,SimulationId) VALUES ('EURUSD','Example_7')
INSERT SimulationMarketFxVolatilitiesCurrencyPairs (CurrencyPair,SimulationId) VALUES ('EURGBP','Example_7')
INSERT SimulationMarketFxVolatilitiesCurrencyPairs (CurrencyPair,SimulationId) VALUES ('EURJPY','Example_7')
INSERT SimulationMarketAggregationScenarioDataCurrencies (Currency,SimulationId) VALUES ('EUR','Example_7')
INSERT SimulationMarketAggregationScenarioDataCurrencies (Currency,SimulationId) VALUES ('USD','Example_7')
INSERT SimulationMarketCurrencies (Currency,SimulationId) VALUES ('EUR','Example_7')
INSERT SimulationMarketCurrencies (Currency,SimulationId) VALUES ('USD','Example_7')
INSERT SimulationMarketCurrencies (Currency,SimulationId) VALUES ('GBP','Example_7')
INSERT SimulationMarketCurrencies (Currency,SimulationId) VALUES ('CHF','Example_7')
INSERT SimulationMarketCurrencies (Currency,SimulationId) VALUES ('JPY','Example_7')
INSERT SimulationMarketAggregationScenarioDataIndices (IndexName,SimulationId) VALUES ('EUR-EURIBOR-3M','Example_7')
INSERT SimulationMarketAggregationScenarioDataIndices (IndexName,SimulationId) VALUES ('EUR-EONIA','Example_7')
INSERT SimulationMarketAggregationScenarioDataIndices (IndexName,SimulationId) VALUES ('USD-LIBOR-3M','Example_7')
INSERT SimulationParameters (Discretization,Grid,Calendar,Sequence,Seed,Samples,SimulationId) VALUES ('Exact','42,3M','EUR,USD,GBP,CHF','SobolBrownianBridge',42,5000,'Example_7')
INSERT SimulationCrossAssetModel (DomesticCcy,BootstrapTolerance,SimulationId) VALUES ('EUR',0.0001,'Example_7')
INSERT SimulationCrossAssetModelCurrencies (Currency,SimulationId) VALUES ('EUR','Example_7')
INSERT SimulationCrossAssetModelCurrencies (Currency,SimulationId) VALUES ('USD','Example_7')
INSERT SimulationCrossAssetModelCurrencies (Currency,SimulationId) VALUES ('GBP','Example_7')
INSERT SimulationCrossAssetModelCurrencies (Currency,SimulationId) VALUES ('CHF','Example_7')
INSERT SimulationCrossAssetModelCurrencies (Currency,SimulationId) VALUES ('JPY','Example_7')
INSERT SimulationCrossAssetModelInstantaneousCorrelations (Correlation,factor1,factor2,SimulationId) VALUES (0.3,'IR:EUR','IR:USD','Example_7')
INSERT SimulationCrossAssetModelInstantaneousCorrelations (Correlation,factor1,factor2,SimulationId) VALUES (0.3,'IR:EUR','IR:GBP','Example_7')
INSERT SimulationCrossAssetModelInstantaneousCorrelations (Correlation,factor1,factor2,SimulationId) VALUES (0.3,'IR:USD','IR:GBP','Example_7')
INSERT SimulationCrossAssetModelInstantaneousCorrelations (Correlation,factor1,factor2,SimulationId) VALUES (0,'IR:EUR','FX:USDEUR','Example_7')
INSERT SimulationCrossAssetModelInstantaneousCorrelations (Correlation,factor1,factor2,SimulationId) VALUES (0,'IR:EUR','FX:GBPEUR','Example_7')
INSERT SimulationCrossAssetModelInstantaneousCorrelations (Correlation,factor1,factor2,SimulationId) VALUES (0,'IR:GBP','FX:USDEUR','Example_7')
INSERT SimulationCrossAssetModelInstantaneousCorrelations (Correlation,factor1,factor2,SimulationId) VALUES (0,'IR:GBP','FX:GBPEUR','Example_7')
INSERT SimulationCrossAssetModelInstantaneousCorrelations (Correlation,factor1,factor2,SimulationId) VALUES (0,'IR:USD','FX:USDEUR','Example_7')
INSERT SimulationCrossAssetModelInstantaneousCorrelations (Correlation,factor1,factor2,SimulationId) VALUES (0,'IR:USD','FX:GBPEUR','Example_7')
INSERT SimulationCrossAssetModelInstantaneousCorrelations (Correlation,factor1,factor2,SimulationId) VALUES (0,'FX:USDEUR','FX:GBPEUR','Example_7')
INSERT SimulationCrossAssetModelInterestRateModels (CalibrationType,ccy,VolatilityCalibrate,VolatilityVolatilityType,VolatilityParamType,VolatilityTimeGrid,VolatilityInitialValue,ReversionCalibrate,ReversionReversionType,ReversionParamType,ReversionInitialValue,CalibrationSwaptionsExpiries,CalibrationSwaptionsTerms,ParameterTransformationShiftHorizon,ParameterTransformationScaling,SimulationId) VALUES ('Bootstrap','default','Y','Hagan','Piecewise','1.0, 2.0, 3.0, 4.0, 5.0, 7.0, 10.0','0.01, 0.01, 0.01, 0.01, 0.01, 0.01, 0.01, 0.01','N','HullWhite','Constant',0.03,'1Y,2Y,3Y,4Y,5Y,6Y,7Y,8Y,9Y,10Y,12Y,14Y,16Y,18Y,19Y','19Y,18Y,17Y,16Y,15Y,14Y,13Y,12Y,11Y,10Y,8Y,6Y,4Y,2Y,1Y',0.0,1.0,'Example_7')
INSERT SimulationCrossAssetModelInterestRateModels (CalibrationType,ccy,VolatilityCalibrate,VolatilityVolatilityType,VolatilityParamType,VolatilityTimeGrid,VolatilityInitialValue,ReversionCalibrate,ReversionReversionType,ReversionParamType,ReversionInitialValue,CalibrationSwaptionsExpiries,CalibrationSwaptionsTerms,ParameterTransformationShiftHorizon,ParameterTransformationScaling,SimulationId) VALUES ('Bootstrap','EUR','Y','Hagan','Piecewise','1.0, 2.0, 3.0, 4.0, 5.0, 7.0, 10.0','0.01, 0.01, 0.01, 0.01, 0.01, 0.01, 0.01, 0.01','N','HullWhite','Constant',0.03,'1Y,2Y,3Y,4Y,5Y,7Y,8Y,9Y,10Y,12Y,15Y,20Y,25Y','29Y,28Y,27Y,26Y,25Y,23Y,22Y,21Y,10Y,18Y,15Y,10Y,5Y',0.0,1.0,'Example_7')
INSERT SimulationCrossAssetModelInterestRateModels (CalibrationType,ccy,VolatilityCalibrate,VolatilityVolatilityType,VolatilityParamType,VolatilityTimeGrid,VolatilityInitialValue,ReversionCalibrate,ReversionReversionType,ReversionParamType,ReversionInitialValue,CalibrationSwaptionsExpiries,CalibrationSwaptionsTerms,ParameterTransformationShiftHorizon,ParameterTransformationScaling,SimulationId) VALUES ('Bootstrap','CHF','Y','Hagan','Piecewise','1.0, 2.0, 3.0, 4.0, 5.0, 7.0, 10.0','0.01, 0.01, 0.01, 0.01, 0.01, 0.01, 0.01, 0.01','N','HullWhite','Constant',0.03,'5Y, 7Y, 8Y, 9Y, 10Y, 12Y, 15Y, 20Y, 30Y','   5Y, 5Y, 5Y, 5Y,  5Y,  5Y,  5Y,  5Y,  5Y',0.0,1.0,'Example_7')
INSERT SimulationCrossAssetModelForeignExchangeModels (DomesticCcy,CalibrationType,foreignCcy,SigmaCalibrate,SigmaParamType,SigmaTimeGrid,SigmaInitialValue,CalibrationOptionsExpiries,SimulationId) VALUES ('EUR','Bootstrap','default','Y','Piecewise','1.0, 2.0, 3.0, 4.0, 5.0, 7.0, 10.0','0.1, 0.1, 0.1, 0.1, 0.1, 0.1, 0.1, 0.1','1Y, 2Y, 3Y, 4Y, 5Y, 10Y','Example_7')
INSERT SimulationCrossAssetModelForeignExchangeModels (DomesticCcy,CalibrationType,foreignCcy,SigmaCalibrate,SigmaParamType,SigmaTimeGrid,SigmaInitialValue,CalibrationOptionsExpiries,SimulationId) VALUES ('EUR','Bootstrap','USD','Y','Piecewise','1.0, 2.0, 3.0, 4.0, 5.0, 7.0, 10.0','0.1, 0.1, 0.1, 0.1, 0.1, 0.1, 0.1, 0.1','1W, 1M, 2M, 3M, 6M, 9M, 1Y, 18M, 2Y, 3Y, 4Y, 5Y, 7Y, 10Y','Example_7')
INSERT SimulationCrossAssetModelForeignExchangeModels (DomesticCcy,CalibrationType,foreignCcy,SigmaCalibrate,SigmaParamType,SigmaTimeGrid,SigmaInitialValue,CalibrationOptionsExpiries,SimulationId) VALUES ('EUR','Bootstrap','GBP','Y','Piecewise','    1.0, 2.0, 3.0, 4.0, 5.0, 7.0, 10.0','0.1, 0.1, 0.1, 0.1, 0.1, 0.1,  0.1, 0.1','1Y, 2Y, 3Y, 4Y, 5Y, 10Y','Example_7')
INSERT SimulationMarket (BaseCurrency,Id,SimulationDescription,YieldCurvesConfigurationTenors,YieldCurvesConfigurationInterpolation,YieldCurvesConfigurationExtrapolation,DefaultCurvesTenors,SwaptionVolatilitiesSimulate,SwaptionVolatilitiesReactionToTimeDecay,SwaptionVolatilitiesExpiries,SwaptionVolatilitiesTerms,FxVolatilitiesSimulate,FxVolatilitiesReactionToTimeDecay,FxVolatilitiesExpiries) VALUES ('EUR','Example_8','Example_8 Description','3M,6M,1Y,2Y,3Y,4Y,5Y,7Y,10Y,12Y,15Y,20Y','LogLinear','Y','6M,1Y,2Y','false','ForwardVariance','6M,1Y,2Y,3Y,5Y,10Y,12Y,15Y,20Y','1Y,2Y,3Y,4Y,5Y,7Y,10Y,15Y,20Y,30Y','false','ForwardVariance','6M,1Y,2Y,3Y,4Y,5Y,7Y,10Y')
INSERT SimulationMarketIndices (IndexName,SimulationId) VALUES ('EUR-EURIBOR-6M','Example_8')
INSERT SimulationMarketIndices (IndexName,SimulationId) VALUES ('EUR-EURIBOR-3M','Example_8')
INSERT SimulationMarketIndices (IndexName,SimulationId) VALUES ('EUR-EONIA','Example_8')
INSERT SimulationMarketIndices (IndexName,SimulationId) VALUES ('USD-LIBOR-3M','Example_8')
INSERT SimulationMarketIndices (IndexName,SimulationId) VALUES ('GBP-LIBOR-6M','Example_8')
INSERT SimulationMarketIndices (IndexName,SimulationId) VALUES ('GBP-LIBOR-3M','Example_8')
INSERT SimulationMarketIndices (IndexName,SimulationId) VALUES ('CHF-LIBOR-6M','Example_8')
INSERT SimulationMarketIndices (IndexName,SimulationId) VALUES ('JPY-LIBOR-6M','Example_8')
INSERT SimulationMarketSwapIndices (Name,DiscountingIndex,SimulationId) VALUES ('EUR-CMS-1Y','EUR-EONIA','Example_8')
INSERT SimulationMarketSwapIndices (Name,DiscountingIndex,SimulationId) VALUES ('EUR-CMS-30Y','EUR-EONIA','Example_8')
INSERT SimulationMarketSwaptionVolatilitiesCurrencies (Currency,SimulationId) VALUES ('EUR','Example_8')
INSERT SimulationMarketSwaptionVolatilitiesCurrencies (Currency,SimulationId) VALUES ('USD','Example_8')
INSERT SimulationMarketSwaptionVolatilitiesCurrencies (Currency,SimulationId) VALUES ('GBP','Example_8')
INSERT SimulationMarketSwaptionVolatilitiesCurrencies (Currency,SimulationId) VALUES ('CHF','Example_8')
INSERT SimulationMarketSwaptionVolatilitiesCurrencies (Currency,SimulationId) VALUES ('JPY','Example_8')
INSERT SimulationMarketFxVolatilitiesCurrencyPairs (CurrencyPair,SimulationId) VALUES ('USDEUR','Example_8')
INSERT SimulationMarketFxVolatilitiesCurrencyPairs (CurrencyPair,SimulationId) VALUES ('GBPEUR','Example_8')
INSERT SimulationMarketFxVolatilitiesCurrencyPairs (CurrencyPair,SimulationId) VALUES ('JPYEUR','Example_8')
INSERT SimulationMarketAggregationScenarioDataCurrencies (Currency,SimulationId) VALUES ('EUR','Example_8')
INSERT SimulationMarketAggregationScenarioDataCurrencies (Currency,SimulationId) VALUES ('USD','Example_8')
INSERT SimulationMarketCurrencies (Currency,SimulationId) VALUES ('EUR','Example_8')
INSERT SimulationMarketCurrencies (Currency,SimulationId) VALUES ('USD','Example_8')
INSERT SimulationMarketCurrencies (Currency,SimulationId) VALUES ('GBP','Example_8')
INSERT SimulationMarketCurrencies (Currency,SimulationId) VALUES ('CHF','Example_8')
INSERT SimulationMarketCurrencies (Currency,SimulationId) VALUES ('JPY','Example_8')
INSERT SimulationMarketAggregationScenarioDataIndices (IndexName,SimulationId) VALUES ('EUR-EURIBOR-3M','Example_8')
INSERT SimulationMarketAggregationScenarioDataIndices (IndexName,SimulationId) VALUES ('EUR-EONIA','Example_8')
INSERT SimulationMarketAggregationScenarioDataIndices (IndexName,SimulationId) VALUES ('USD-LIBOR-3M','Example_8')
INSERT SimulationParameters (Discretization,Grid,Calendar,Sequence,Seed,Samples,SimulationId) VALUES ('Exact','92,3M','EUR,USD,GBP,CHF','SobolBrownianBridge',42,1000,'Example_8')
INSERT SimulationCrossAssetModel (DomesticCcy,BootstrapTolerance,SimulationId) VALUES ('EUR',0.0001,'Example_8')
INSERT SimulationCrossAssetModelCurrencies (Currency,SimulationId) VALUES ('EUR','Example_8')
INSERT SimulationCrossAssetModelCurrencies (Currency,SimulationId) VALUES ('USD','Example_8')
INSERT SimulationCrossAssetModelCurrencies (Currency,SimulationId) VALUES ('GBP','Example_8')
INSERT SimulationCrossAssetModelCurrencies (Currency,SimulationId) VALUES ('CHF','Example_8')
INSERT SimulationCrossAssetModelCurrencies (Currency,SimulationId) VALUES ('JPY','Example_8')
INSERT SimulationCrossAssetModelInstantaneousCorrelations (Correlation,factor1,factor2,SimulationId) VALUES (0.3,'IR:EUR','IR:USD','Example_8')
INSERT SimulationCrossAssetModelInstantaneousCorrelations (Correlation,factor1,factor2,SimulationId) VALUES (0.3,'IR:EUR','IR:GBP','Example_8')
INSERT SimulationCrossAssetModelInstantaneousCorrelations (Correlation,factor1,factor2,SimulationId) VALUES (0.3,'IR:USD','IR:GBP','Example_8')
INSERT SimulationCrossAssetModelInstantaneousCorrelations (Correlation,factor1,factor2,SimulationId) VALUES (0,'IR:EUR','FX:USDEUR','Example_8')
INSERT SimulationCrossAssetModelInstantaneousCorrelations (Correlation,factor1,factor2,SimulationId) VALUES (0,'IR:EUR','FX:GBPEUR','Example_8')
INSERT SimulationCrossAssetModelInstantaneousCorrelations (Correlation,factor1,factor2,SimulationId) VALUES (0,'IR:GBP','FX:USDEUR','Example_8')
INSERT SimulationCrossAssetModelInstantaneousCorrelations (Correlation,factor1,factor2,SimulationId) VALUES (0,'IR:GBP','FX:GBPEUR','Example_8')
INSERT SimulationCrossAssetModelInstantaneousCorrelations (Correlation,factor1,factor2,SimulationId) VALUES (0,'IR:USD','FX:USDEUR','Example_8')
INSERT SimulationCrossAssetModelInstantaneousCorrelations (Correlation,factor1,factor2,SimulationId) VALUES (0,'IR:USD','FX:GBPEUR','Example_8')
INSERT SimulationCrossAssetModelInstantaneousCorrelations (Correlation,factor1,factor2,SimulationId) VALUES (0,'FX:USDEUR','FX:GBPEUR','Example_8')
INSERT SimulationCrossAssetModelInterestRateModels (CalibrationType,ccy,VolatilityCalibrate,VolatilityVolatilityType,VolatilityParamType,VolatilityTimeGrid,VolatilityInitialValue,ReversionCalibrate,ReversionReversionType,ReversionParamType,ReversionInitialValue,CalibrationSwaptionsExpiries,CalibrationSwaptionsTerms,ParameterTransformationShiftHorizon,ParameterTransformationScaling,SimulationId) VALUES ('Bootstrap','default','Y','Hagan','Piecewise','1.0, 2.0, 3.0, 4.0, 5.0, 7.0, 10.0','0.01, 0.01, 0.01, 0.01, 0.01, 0.01, 0.01, 0.01','N','HullWhite','Constant',0.03,' 1Y,2Y,3Y,4Y,5Y,7Y,10Y,12Y,15Y,20Y,25Y','   29Y,28Y,27Y,26Y,25Y,23Y,20Y,18Y,15Y,10Y,5Y',0.0,1.0,'Example_8')
INSERT SimulationCrossAssetModelInterestRateModels (CalibrationType,ccy,VolatilityCalibrate,VolatilityVolatilityType,VolatilityParamType,VolatilityTimeGrid,VolatilityInitialValue,ReversionCalibrate,ReversionReversionType,ReversionParamType,ReversionInitialValue,CalibrationSwaptionsExpiries,CalibrationSwaptionsTerms,ParameterTransformationShiftHorizon,ParameterTransformationScaling,SimulationId) VALUES ('Bootstrap','EUR','Y','Hagan','Piecewise','1.0, 2.0, 3.0, 4.0, 5.0, 7.0, 10.0','0.01, 0.01, 0.01, 0.01, 0.01, 0.01, 0.01, 0.01','N','HullWhite','Constant',0.03,' 1Y,2Y,3Y,4Y,5Y,7Y,10Y,12Y,15Y,20Y,25Y','   29Y,28Y,27Y,26Y,25Y,23Y,20Y,18Y,15Y,10Y,5Y',0.0,1.0,'Example_8')
INSERT SimulationCrossAssetModelInterestRateModels (CalibrationType,ccy,VolatilityCalibrate,VolatilityVolatilityType,VolatilityParamType,VolatilityTimeGrid,VolatilityInitialValue,ReversionCalibrate,ReversionReversionType,ReversionParamType,ReversionInitialValue,CalibrationSwaptionsExpiries,CalibrationSwaptionsTerms,ParameterTransformationShiftHorizon,ParameterTransformationScaling,SimulationId) VALUES ('Bootstrap','CHF','Y','Hagan','Piecewise','1.0, 2.0, 3.0, 4.0, 5.0, 7.0, 10.0','0.01, 0.01, 0.01, 0.01, 0.01, 0.01, 0.01, 0.01','N','HullWhite','Constant',0.03,' 1Y,2Y,3Y,4Y,5Y,7Y,10Y,12Y,15Y,20Y,25Y','   29Y,28Y,27Y,26Y,25Y,23Y,20Y,18Y,15Y,10Y,5Y',0.0,1.0,'Example_8')
INSERT SimulationCrossAssetModelForeignExchangeModels (DomesticCcy,CalibrationType,foreignCcy,SigmaCalibrate,SigmaParamType,SigmaTimeGrid,SigmaInitialValue,CalibrationOptionsExpiries,SimulationId) VALUES ('EUR','Bootstrap','default','Y','Piecewise','1.0, 2.0, 3.0, 4.0, 5.0, 7.0, 10.0','0.1, 0.1, 0.1, 0.1, 0.1, 0.1, 0.1, 0.1','1Y, 2Y, 3Y, 4Y, 5Y, 10Y','Example_8')
INSERT SimulationCrossAssetModelForeignExchangeModels (DomesticCcy,CalibrationType,foreignCcy,SigmaCalibrate,SigmaParamType,SigmaTimeGrid,SigmaInitialValue,CalibrationOptionsExpiries,SimulationId) VALUES ('EUR','Bootstrap','USD','Y','Piecewise','1.0, 2.0, 3.0, 4.0, 5.0, 7.0, 10.0','0.1, 0.1, 0.1, 0.1, 0.1, 0.1, 0.1, 0.1','1Y, 2Y, 3Y, 4Y, 5Y, 10Y','Example_8')
INSERT SimulationCrossAssetModelForeignExchangeModels (DomesticCcy,CalibrationType,foreignCcy,SigmaCalibrate,SigmaParamType,SigmaTimeGrid,SigmaInitialValue,CalibrationOptionsExpiries,SimulationId) VALUES ('EUR','Bootstrap','GBP','Y','Piecewise','    1.0, 2.0, 3.0, 4.0, 5.0, 7.0, 10.0','0.1, 0.1, 0.1, 0.1, 0.1, 0.1,  0.1, 0.1','1Y, 2Y, 3Y, 4Y, 5Y, 10Y','Example_8')
INSERT SimulationMarket (BaseCurrency,Id,SimulationDescription,YieldCurvesConfigurationTenors,YieldCurvesConfigurationInterpolation,YieldCurvesConfigurationExtrapolation,DefaultCurvesTenors,SwaptionVolatilitiesSimulate,SwaptionVolatilitiesReactionToTimeDecay,SwaptionVolatilitiesExpiries,SwaptionVolatilitiesTerms,FxVolatilitiesSimulate,FxVolatilitiesReactionToTimeDecay,FxVolatilitiesExpiries) VALUES ('EUR','Example_9','Example_9 Description','3M,6M,1Y,2Y,3Y,4Y,5Y,7Y,10Y,12Y,15Y,20Y','LogLinear','Y','6M,1Y,2Y','false','ForwardVariance','6M,1Y,2Y,3Y,5Y,10Y,12Y,15Y,20Y','1Y,2Y,3Y,4Y,5Y,7Y,10Y,15Y,20Y,30Y','false','ForwardVariance','6M,1Y,2Y,3Y,4Y,5Y,7Y,10Y')
INSERT SimulationMarketIndices (IndexName,SimulationId) VALUES ('EUR-EURIBOR-6M','Example_9')
INSERT SimulationMarketIndices (IndexName,SimulationId) VALUES ('EUR-EURIBOR-3M','Example_9')
INSERT SimulationMarketIndices (IndexName,SimulationId) VALUES ('EUR-EONIA','Example_9')
INSERT SimulationMarketIndices (IndexName,SimulationId) VALUES ('USD-LIBOR-3M','Example_9')
INSERT SimulationMarketIndices (IndexName,SimulationId) VALUES ('USD-LIBOR-6M','Example_9')
INSERT SimulationMarketIndices (IndexName,SimulationId) VALUES ('GBP-LIBOR-6M','Example_9')
INSERT SimulationMarketIndices (IndexName,SimulationId) VALUES ('GBP-LIBOR-3M','Example_9')
INSERT SimulationMarketIndices (IndexName,SimulationId) VALUES ('CHF-LIBOR-6M','Example_9')
INSERT SimulationMarketIndices (IndexName,SimulationId) VALUES ('JPY-LIBOR-6M','Example_9')
INSERT SimulationMarketSwapIndices (Name,DiscountingIndex,SimulationId) VALUES ('EUR-CMS-1Y','EUR-EONIA','Example_9')
INSERT SimulationMarketSwapIndices (Name,DiscountingIndex,SimulationId) VALUES ('EUR-CMS-30Y','EUR-EONIA','Example_9')
INSERT SimulationMarketSwaptionVolatilitiesCurrencies (Currency,SimulationId) VALUES ('EUR','Example_9')
INSERT SimulationMarketSwaptionVolatilitiesCurrencies (Currency,SimulationId) VALUES ('USD','Example_9')
INSERT SimulationMarketSwaptionVolatilitiesCurrencies (Currency,SimulationId) VALUES ('GBP','Example_9')
INSERT SimulationMarketSwaptionVolatilitiesCurrencies (Currency,SimulationId) VALUES ('CHF','Example_9')
INSERT SimulationMarketSwaptionVolatilitiesCurrencies (Currency,SimulationId) VALUES ('JPY','Example_9')
INSERT SimulationMarketFxVolatilitiesCurrencyPairs (CurrencyPair,SimulationId) VALUES ('USDEUR','Example_9')
INSERT SimulationMarketFxVolatilitiesCurrencyPairs (CurrencyPair,SimulationId) VALUES ('GBPEUR','Example_9')
INSERT SimulationMarketFxVolatilitiesCurrencyPairs (CurrencyPair,SimulationId) VALUES ('JPYEUR','Example_9')
INSERT SimulationMarketAggregationScenarioDataCurrencies (Currency,SimulationId) VALUES ('EUR','Example_9')
INSERT SimulationMarketAggregationScenarioDataCurrencies (Currency,SimulationId) VALUES ('USD','Example_9')
INSERT SimulationMarketCurrencies (Currency,SimulationId) VALUES ('EUR','Example_9')
INSERT SimulationMarketCurrencies (Currency,SimulationId) VALUES ('USD','Example_9')
INSERT SimulationMarketCurrencies (Currency,SimulationId) VALUES ('GBP','Example_9')
INSERT SimulationMarketCurrencies (Currency,SimulationId) VALUES ('CHF','Example_9')
INSERT SimulationMarketCurrencies (Currency,SimulationId) VALUES ('JPY','Example_9')
INSERT SimulationMarketAggregationScenarioDataIndices (IndexName,SimulationId) VALUES ('EUR-EURIBOR-3M','Example_9')
INSERT SimulationMarketAggregationScenarioDataIndices (IndexName,SimulationId) VALUES ('EUR-EONIA','Example_9')
INSERT SimulationMarketAggregationScenarioDataIndices (IndexName,SimulationId) VALUES ('USD-LIBOR-3M','Example_9')
INSERT SimulationParameters (Discretization,Grid,Calendar,Sequence,Seed,Samples,SimulationId) VALUES ('Exact','121,1M','EUR,USD,GBP,CHF','SobolBrownianBridge',42,1000,'Example_9')
INSERT SimulationCrossAssetModel (DomesticCcy,BootstrapTolerance,SimulationId) VALUES ('EUR',0.0001,'Example_9')
INSERT SimulationCrossAssetModelCurrencies (Currency,SimulationId) VALUES ('EUR','Example_9')
INSERT SimulationCrossAssetModelCurrencies (Currency,SimulationId) VALUES ('USD','Example_9')
INSERT SimulationCrossAssetModelCurrencies (Currency,SimulationId) VALUES ('GBP','Example_9')
INSERT SimulationCrossAssetModelCurrencies (Currency,SimulationId) VALUES ('CHF','Example_9')
INSERT SimulationCrossAssetModelCurrencies (Currency,SimulationId) VALUES ('JPY','Example_9')
INSERT SimulationCrossAssetModelInstantaneousCorrelations (Correlation,factor1,factor2,SimulationId) VALUES (0.3,'IR:EUR','IR:USD','Example_9')
INSERT SimulationCrossAssetModelInstantaneousCorrelations (Correlation,factor1,factor2,SimulationId) VALUES (0.3,'IR:EUR','IR:GBP','Example_9')
INSERT SimulationCrossAssetModelInstantaneousCorrelations (Correlation,factor1,factor2,SimulationId) VALUES (0.3,'IR:USD','IR:GBP','Example_9')
INSERT SimulationCrossAssetModelInstantaneousCorrelations (Correlation,factor1,factor2,SimulationId) VALUES (0,'IR:EUR','FX:USDEUR','Example_9')
INSERT SimulationCrossAssetModelInstantaneousCorrelations (Correlation,factor1,factor2,SimulationId) VALUES (0,'IR:EUR','FX:GBPEUR','Example_9')
INSERT SimulationCrossAssetModelInstantaneousCorrelations (Correlation,factor1,factor2,SimulationId) VALUES (0,'IR:GBP','FX:USDEUR','Example_9')
INSERT SimulationCrossAssetModelInstantaneousCorrelations (Correlation,factor1,factor2,SimulationId) VALUES (0,'IR:GBP','FX:GBPEUR','Example_9')
INSERT SimulationCrossAssetModelInstantaneousCorrelations (Correlation,factor1,factor2,SimulationId) VALUES (0,'IR:USD','FX:USDEUR','Example_9')
INSERT SimulationCrossAssetModelInstantaneousCorrelations (Correlation,factor1,factor2,SimulationId) VALUES (0,'IR:USD','FX:GBPEUR','Example_9')
INSERT SimulationCrossAssetModelInstantaneousCorrelations (Correlation,factor1,factor2,SimulationId) VALUES (0,'FX:USDEUR','FX:GBPEUR','Example_9')
INSERT SimulationCrossAssetModelInterestRateModels (CalibrationType,ccy,VolatilityCalibrate,VolatilityVolatilityType,VolatilityParamType,VolatilityTimeGrid,VolatilityInitialValue,ReversionCalibrate,ReversionReversionType,ReversionParamType,ReversionInitialValue,CalibrationSwaptionsExpiries,CalibrationSwaptionsTerms,ParameterTransformationShiftHorizon,ParameterTransformationScaling,SimulationId) VALUES ('Bootstrap','default','Y','Hagan','Piecewise','1.0, 2.0, 3.0, 4.0, 5.0, 7.0, 10.0','0.01, 0.01, 0.01, 0.01, 0.01, 0.01, 0.01, 0.01','N','HullWhite','Constant',0.03,' 1Y,  2Y,  4Y,  6Y,  8Y, 10Y, 12Y, 14Y, 16Y, 18Y, 19Y','   19Y, 18Y, 16Y, 14Y, 12Y, 10Y,  8Y,  6Y,  4Y,  2Y,  1Y',0.0,1.0,'Example_9')
INSERT SimulationCrossAssetModelInterestRateModels (CalibrationType,ccy,VolatilityCalibrate,VolatilityVolatilityType,VolatilityParamType,VolatilityTimeGrid,VolatilityInitialValue,ReversionCalibrate,ReversionReversionType,ReversionParamType,ReversionInitialValue,CalibrationSwaptionsExpiries,CalibrationSwaptionsTerms,ParameterTransformationShiftHorizon,ParameterTransformationScaling,SimulationId) VALUES ('Bootstrap','EUR','Y','Hagan','Piecewise','1.0, 2.0, 3.0, 4.0, 5.0, 7.0, 10.0','0.01, 0.01, 0.01, 0.01, 0.01, 0.01, 0.01, 0.01','N','HullWhite','Constant',0.03,' 1Y,  2Y,  4Y,  6Y,  8Y, 10Y, 12Y, 14Y, 16Y, 18Y, 19Y','   19Y, 18Y, 16Y, 14Y, 12Y, 10Y,  8Y,  6Y,  4Y,  2Y,  1Y',0.0,1.0,'Example_9')
INSERT SimulationCrossAssetModelInterestRateModels (CalibrationType,ccy,VolatilityCalibrate,VolatilityVolatilityType,VolatilityParamType,VolatilityTimeGrid,VolatilityInitialValue,ReversionCalibrate,ReversionReversionType,ReversionParamType,ReversionInitialValue,CalibrationSwaptionsExpiries,CalibrationSwaptionsTerms,ParameterTransformationShiftHorizon,ParameterTransformationScaling,SimulationId) VALUES ('Bootstrap','CHF','Y','Hagan','Piecewise','1.0, 2.0, 3.0, 4.0, 5.0, 7.0, 10.0','0.01, 0.01, 0.01, 0.01, 0.01, 0.01, 0.01, 0.01','N','HullWhite','Constant',0.03,' 1Y,  2Y,  4Y,  6Y,  8Y, 10Y, 12Y, 14Y, 16Y, 18Y, 19Y','   19Y, 18Y, 16Y, 14Y, 12Y, 10Y,  8Y,  6Y,  4Y,  2Y,  1Y',0.0,1.0,'Example_9')
INSERT SimulationCrossAssetModelForeignExchangeModels (DomesticCcy,CalibrationType,foreignCcy,SigmaCalibrate,SigmaParamType,SigmaTimeGrid,SigmaInitialValue,CalibrationOptionsExpiries,SimulationId) VALUES ('EUR','Bootstrap','default','Y','Piecewise','1.0, 2.0, 3.0, 4.0, 5.0, 7.0, 10.0','0.1, 0.1, 0.1, 0.1, 0.1, 0.1, 0.1, 0.1','1Y, 2Y, 3Y, 4Y, 5Y, 10Y','Example_9')
INSERT SimulationCrossAssetModelForeignExchangeModels (DomesticCcy,CalibrationType,foreignCcy,SigmaCalibrate,SigmaParamType,SigmaTimeGrid,SigmaInitialValue,CalibrationOptionsExpiries,SimulationId) VALUES ('EUR','Bootstrap','USD','Y','Piecewise','1.0, 2.0, 3.0, 4.0, 5.0, 7.0, 10.0','0.1, 0.1, 0.1, 0.1, 0.1, 0.1, 0.1, 0.1','1Y, 2Y, 3Y, 4Y, 5Y, 10Y','Example_9')
INSERT SimulationCrossAssetModelForeignExchangeModels (DomesticCcy,CalibrationType,foreignCcy,SigmaCalibrate,SigmaParamType,SigmaTimeGrid,SigmaInitialValue,CalibrationOptionsExpiries,SimulationId) VALUES ('EUR','Bootstrap','GBP','Y','Piecewise','    1.0, 2.0, 3.0, 4.0, 5.0, 7.0, 10.0','0.1, 0.1, 0.1, 0.1, 0.1, 0.1,  0.1, 0.1','1Y, 2Y, 3Y, 4Y, 5Y, 10Y','Example_9')
INSERT SimulationMarket (BaseCurrency,Id,SimulationDescription,YieldCurvesConfigurationTenors,YieldCurvesConfigurationInterpolation,YieldCurvesConfigurationExtrapolation,DefaultCurvesTenors,SwaptionVolatilitiesSimulate,SwaptionVolatilitiesReactionToTimeDecay,SwaptionVolatilitiesExpiries,SwaptionVolatilitiesTerms,FxVolatilitiesSimulate,FxVolatilitiesReactionToTimeDecay,FxVolatilitiesExpiries) VALUES ('EUR','Example_10','Example_10 Description','3M,6M,1Y,2Y,3Y,4Y,5Y,7Y,10Y,12Y,15Y,20Y','LogLinear','Y','6M,1Y,2Y','false','ForwardVariance','6M,1Y,2Y,3Y,5Y,10Y,12Y,15Y,20Y','1Y,2Y,3Y,4Y,5Y,7Y,10Y,15Y,20Y,30Y','false','ForwardVariance','6M,1Y,2Y,3Y,4Y,5Y,7Y,10Y')
INSERT SimulationMarketIndices (IndexName,SimulationId) VALUES ('EUR-EURIBOR-6M','Example_10')
INSERT SimulationMarketIndices (IndexName,SimulationId) VALUES ('EUR-EURIBOR-3M','Example_10')
INSERT SimulationMarketIndices (IndexName,SimulationId) VALUES ('EUR-EONIA','Example_10')
INSERT SimulationMarketIndices (IndexName,SimulationId) VALUES ('USD-LIBOR-3M','Example_10')
INSERT SimulationMarketIndices (IndexName,SimulationId) VALUES ('GBP-LIBOR-6M','Example_10')
INSERT SimulationMarketIndices (IndexName,SimulationId) VALUES ('GBP-LIBOR-3M','Example_10')
INSERT SimulationMarketIndices (IndexName,SimulationId) VALUES ('CHF-LIBOR-6M','Example_10')
INSERT SimulationMarketIndices (IndexName,SimulationId) VALUES ('JPY-LIBOR-6M','Example_10')
INSERT SimulationMarketSwapIndices (Name,DiscountingIndex,SimulationId) VALUES ('EUR-CMS-1Y','EUR-EONIA','Example_10')
INSERT SimulationMarketSwapIndices (Name,DiscountingIndex,SimulationId) VALUES ('EUR-CMS-30Y','EUR-EONIA','Example_10')
INSERT SimulationMarketSwaptionVolatilitiesCurrencies (Currency,SimulationId) VALUES ('EUR','Example_10')
INSERT SimulationMarketSwaptionVolatilitiesCurrencies (Currency,SimulationId) VALUES ('USD','Example_10')
INSERT SimulationMarketSwaptionVolatilitiesCurrencies (Currency,SimulationId) VALUES ('GBP','Example_10')
INSERT SimulationMarketSwaptionVolatilitiesCurrencies (Currency,SimulationId) VALUES ('CHF','Example_10')
INSERT SimulationMarketSwaptionVolatilitiesCurrencies (Currency,SimulationId) VALUES ('JPY','Example_10')
INSERT SimulationMarketFxVolatilitiesCurrencyPairs (CurrencyPair,SimulationId) VALUES ('USDEUR','Example_10')
INSERT SimulationMarketFxVolatilitiesCurrencyPairs (CurrencyPair,SimulationId) VALUES ('GBPEUR','Example_10')
INSERT SimulationMarketFxVolatilitiesCurrencyPairs (CurrencyPair,SimulationId) VALUES ('JPYEUR','Example_10')
INSERT SimulationMarketAggregationScenarioDataCurrencies (Currency,SimulationId) VALUES ('EUR','Example_10')
INSERT SimulationMarketAggregationScenarioDataCurrencies (Currency,SimulationId) VALUES ('GBP','Example_10')
INSERT SimulationMarketAggregationScenarioDataCurrencies (Currency,SimulationId) VALUES ('USD','Example_10')
INSERT SimulationMarketCurrencies (Currency,SimulationId) VALUES ('EUR','Example_10')
INSERT SimulationMarketCurrencies (Currency,SimulationId) VALUES ('USD','Example_10')
INSERT SimulationMarketCurrencies (Currency,SimulationId) VALUES ('GBP','Example_10')
INSERT SimulationMarketCurrencies (Currency,SimulationId) VALUES ('CHF','Example_10')
INSERT SimulationMarketCurrencies (Currency,SimulationId) VALUES ('JPY','Example_10')
INSERT SimulationMarketAggregationScenarioDataIndices (IndexName,SimulationId) VALUES ('EUR-EURIBOR-3M','Example_10')
INSERT SimulationMarketAggregationScenarioDataIndices (IndexName,SimulationId) VALUES ('EUR-EONIA','Example_10')
INSERT SimulationMarketAggregationScenarioDataIndices (IndexName,SimulationId) VALUES ('USD-LIBOR-3M','Example_10')
INSERT SimulationMarketAggregationScenarioDataIndices (IndexName,SimulationId) VALUES ('GBP-LIBOR-3M','Example_10')
INSERT SimulationParameters (Discretization,Grid,Calendar,Sequence,Seed,Samples,SimulationId) VALUES ('Exact','290,2W','EUR,USD,GBP,CHF','SobolBrownianBridge',42,5000,'Example_10')
INSERT SimulationCrossAssetModel (DomesticCcy,BootstrapTolerance,SimulationId) VALUES ('EUR',0.0001,'Example_10')
INSERT SimulationCrossAssetModelCurrencies (Currency,SimulationId) VALUES ('EUR','Example_10')
INSERT SimulationCrossAssetModelCurrencies (Currency,SimulationId) VALUES ('USD','Example_10')
INSERT SimulationCrossAssetModelCurrencies (Currency,SimulationId) VALUES ('GBP','Example_10')
INSERT SimulationCrossAssetModelCurrencies (Currency,SimulationId) VALUES ('CHF','Example_10')
INSERT SimulationCrossAssetModelCurrencies (Currency,SimulationId) VALUES ('JPY','Example_10')
INSERT SimulationCrossAssetModelInstantaneousCorrelations (Correlation,factor1,factor2,SimulationId) VALUES (0.3,'IR:EUR','IR:USD','Example_10')
INSERT SimulationCrossAssetModelInstantaneousCorrelations (Correlation,factor1,factor2,SimulationId) VALUES (0.3,'IR:EUR','IR:GBP','Example_10')
INSERT SimulationCrossAssetModelInstantaneousCorrelations (Correlation,factor1,factor2,SimulationId) VALUES (0.3,'IR:USD','IR:GBP','Example_10')
INSERT SimulationCrossAssetModelInstantaneousCorrelations (Correlation,factor1,factor2,SimulationId) VALUES (0,'IR:EUR','FX:USDEUR','Example_10')
INSERT SimulationCrossAssetModelInstantaneousCorrelations (Correlation,factor1,factor2,SimulationId) VALUES (0,'IR:EUR','FX:GBPEUR','Example_10')
INSERT SimulationCrossAssetModelInstantaneousCorrelations (Correlation,factor1,factor2,SimulationId) VALUES (0,'IR:GBP','FX:USDEUR','Example_10')
INSERT SimulationCrossAssetModelInstantaneousCorrelations (Correlation,factor1,factor2,SimulationId) VALUES (0,'IR:GBP','FX:GBPEUR','Example_10')
INSERT SimulationCrossAssetModelInstantaneousCorrelations (Correlation,factor1,factor2,SimulationId) VALUES (0,'IR:USD','FX:USDEUR','Example_10')
INSERT SimulationCrossAssetModelInstantaneousCorrelations (Correlation,factor1,factor2,SimulationId) VALUES (0,'IR:USD','FX:GBPEUR','Example_10')
INSERT SimulationCrossAssetModelInstantaneousCorrelations (Correlation,factor1,factor2,SimulationId) VALUES (0,'FX:USDEUR','FX:GBPEUR','Example_10')
INSERT SimulationCrossAssetModelInterestRateModels (CalibrationType,ccy,VolatilityCalibrate,VolatilityVolatilityType,VolatilityParamType,VolatilityTimeGrid,VolatilityInitialValue,ReversionCalibrate,ReversionReversionType,ReversionParamType,ReversionInitialValue,CalibrationSwaptionsExpiries,CalibrationSwaptionsTerms,ParameterTransformationShiftHorizon,ParameterTransformationScaling,SimulationId) VALUES ('Bootstrap','default','Y','Hagan','Piecewise','1.0, 2.0, 3.0, 4.0, 5.0, 7.0, 10.0','0.01, 0.01, 0.01, 0.01, 0.01, 0.01, 0.01, 0.01','N','HullWhite','Constant',0.03,' 1Y,2Y,3Y,4Y,5Y,7Y,10Y,12Y,15Y,20Y,25Y','   29Y,28Y,27Y,26Y,25Y,23Y,20Y,18Y,15Y,10Y,5Y',0.0,1.0,'Example_10')
INSERT SimulationCrossAssetModelInterestRateModels (CalibrationType,ccy,VolatilityCalibrate,VolatilityVolatilityType,VolatilityParamType,VolatilityTimeGrid,VolatilityInitialValue,ReversionCalibrate,ReversionReversionType,ReversionParamType,ReversionInitialValue,CalibrationSwaptionsExpiries,CalibrationSwaptionsTerms,ParameterTransformationShiftHorizon,ParameterTransformationScaling,SimulationId) VALUES ('Bootstrap','EUR','Y','Hagan','Piecewise','1.0, 2.0, 3.0, 4.0, 5.0, 7.0, 10.0','0.01, 0.01, 0.01, 0.01, 0.01, 0.01, 0.01, 0.01','N','HullWhite','Constant',0.03,' 1Y,2Y,3Y,4Y,5Y,7Y,10Y,12Y,15Y,20Y,25Y','   29Y,28Y,27Y,26Y,25Y,23Y,20Y,18Y,15Y,10Y,5Y',0.0,1.0,'Example_10')
INSERT SimulationCrossAssetModelInterestRateModels (CalibrationType,ccy,VolatilityCalibrate,VolatilityVolatilityType,VolatilityParamType,VolatilityTimeGrid,VolatilityInitialValue,ReversionCalibrate,ReversionReversionType,ReversionParamType,ReversionInitialValue,CalibrationSwaptionsExpiries,CalibrationSwaptionsTerms,ParameterTransformationShiftHorizon,ParameterTransformationScaling,SimulationId) VALUES ('Bootstrap','CHF','Y','Hagan','Piecewise','1.0, 2.0, 3.0, 4.0, 5.0, 7.0, 10.0','0.01, 0.01, 0.01, 0.01, 0.01, 0.01, 0.01, 0.01','N','HullWhite','Constant',0.03,' 1Y,2Y,3Y,4Y,5Y,7Y,10Y,12Y,15Y,20Y,25Y','   29Y,28Y,27Y,26Y,25Y,23Y,20Y,18Y,15Y,10Y,5Y',0.0,1.0,'Example_10')
INSERT SimulationCrossAssetModelForeignExchangeModels (DomesticCcy,CalibrationType,foreignCcy,SigmaCalibrate,SigmaParamType,SigmaTimeGrid,SigmaInitialValue,CalibrationOptionsExpiries,SimulationId) VALUES ('EUR','Bootstrap','default','Y','Piecewise','1.0, 2.0, 3.0, 4.0, 5.0, 7.0, 10.0','0.1, 0.1, 0.1, 0.1, 0.1, 0.1, 0.1, 0.1','1Y, 2Y, 3Y, 4Y, 5Y, 10Y','Example_10')
INSERT SimulationCrossAssetModelForeignExchangeModels (DomesticCcy,CalibrationType,foreignCcy,SigmaCalibrate,SigmaParamType,SigmaTimeGrid,SigmaInitialValue,CalibrationOptionsExpiries,SimulationId) VALUES ('EUR','Bootstrap','USD','Y','Piecewise','1.0, 2.0, 3.0, 4.0, 5.0, 7.0, 10.0','0.1, 0.1, 0.1, 0.1, 0.1, 0.1, 0.1, 0.1','1Y, 2Y, 3Y, 4Y, 5Y, 10Y','Example_10')
INSERT SimulationCrossAssetModelForeignExchangeModels (DomesticCcy,CalibrationType,foreignCcy,SigmaCalibrate,SigmaParamType,SigmaTimeGrid,SigmaInitialValue,CalibrationOptionsExpiries,SimulationId) VALUES ('EUR','Bootstrap','GBP','Y','Piecewise','    1.0, 2.0, 3.0, 4.0, 5.0, 7.0, 10.0','0.1, 0.1, 0.1, 0.1, 0.1, 0.1,  0.1, 0.1','1Y, 2Y, 3Y, 4Y, 5Y, 10Y','Example_10')
INSERT SimulationMarket (BaseCurrency,Id,SimulationDescription,YieldCurvesConfigurationTenors,YieldCurvesConfigurationInterpolation,YieldCurvesConfigurationExtrapolation,DefaultCurvesTenors,SwaptionVolatilitiesSimulate,SwaptionVolatilitiesReactionToTimeDecay,SwaptionVolatilitiesExpiries,SwaptionVolatilitiesTerms,FxVolatilitiesSimulate,FxVolatilitiesReactionToTimeDecay,FxVolatilitiesExpiries) VALUES ('EUR','Example_11','Example_11 Description','3M,6M,1Y,2Y,3Y,4Y,5Y,7Y,10Y,12Y,15Y,20Y','LogLinear','Y','6M,1Y,2Y','false','ForwardVariance','6M,1Y,2Y,3Y,5Y,10Y,12Y,15Y,20Y','1Y,2Y,3Y,4Y,5Y,7Y,10Y,15Y,20Y,30Y','false','ForwardVariance','6M,1Y,2Y,3Y,4Y,5Y,7Y,10Y')
INSERT SimulationMarketIndices (IndexName,SimulationId) VALUES ('EUR-EURIBOR-6M','Example_11')
INSERT SimulationMarketIndices (IndexName,SimulationId) VALUES ('EUR-EURIBOR-3M','Example_11')
INSERT SimulationMarketIndices (IndexName,SimulationId) VALUES ('EUR-EONIA','Example_11')
INSERT SimulationMarketIndices (IndexName,SimulationId) VALUES ('USD-LIBOR-3M','Example_11')
INSERT SimulationMarketIndices (IndexName,SimulationId) VALUES ('GBP-LIBOR-6M','Example_11')
INSERT SimulationMarketIndices (IndexName,SimulationId) VALUES ('GBP-LIBOR-3M','Example_11')
INSERT SimulationMarketIndices (IndexName,SimulationId) VALUES ('CHF-LIBOR-6M','Example_11')
INSERT SimulationMarketIndices (IndexName,SimulationId) VALUES ('JPY-LIBOR-6M','Example_11')
INSERT SimulationMarketSwapIndices (Name,DiscountingIndex,SimulationId) VALUES ('EUR-CMS-1Y','EUR-EONIA','Example_11')
INSERT SimulationMarketSwapIndices (Name,DiscountingIndex,SimulationId) VALUES ('EUR-CMS-30Y','EUR-EONIA','Example_11')
INSERT SimulationMarketSwaptionVolatilitiesCurrencies (Currency,SimulationId) VALUES ('EUR','Example_11')
INSERT SimulationMarketSwaptionVolatilitiesCurrencies (Currency,SimulationId) VALUES ('USD','Example_11')
INSERT SimulationMarketSwaptionVolatilitiesCurrencies (Currency,SimulationId) VALUES ('GBP','Example_11')
INSERT SimulationMarketSwaptionVolatilitiesCurrencies (Currency,SimulationId) VALUES ('CHF','Example_11')
INSERT SimulationMarketSwaptionVolatilitiesCurrencies (Currency,SimulationId) VALUES ('JPY','Example_11')
INSERT SimulationMarketFxVolatilitiesCurrencyPairs (CurrencyPair,SimulationId) VALUES ('EURUSD','Example_11')
INSERT SimulationMarketFxVolatilitiesCurrencyPairs (CurrencyPair,SimulationId) VALUES ('EURGBP','Example_11')
INSERT SimulationMarketFxVolatilitiesCurrencyPairs (CurrencyPair,SimulationId) VALUES ('EURJPY','Example_11')
INSERT SimulationMarketAggregationScenarioDataCurrencies (Currency,SimulationId) VALUES ('EUR','Example_11')
INSERT SimulationMarketAggregationScenarioDataCurrencies (Currency,SimulationId) VALUES ('USD','Example_11')
INSERT SimulationMarketCurrencies (Currency,SimulationId) VALUES ('EUR','Example_11')
INSERT SimulationMarketCurrencies (Currency,SimulationId) VALUES ('USD','Example_11')
INSERT SimulationMarketCurrencies (Currency,SimulationId) VALUES ('GBP','Example_11')
INSERT SimulationMarketCurrencies (Currency,SimulationId) VALUES ('CHF','Example_11')
INSERT SimulationMarketCurrencies (Currency,SimulationId) VALUES ('JPY','Example_11')
INSERT SimulationMarketAggregationScenarioDataIndices (IndexName,SimulationId) VALUES ('EUR-EURIBOR-3M','Example_11')
INSERT SimulationMarketAggregationScenarioDataIndices (IndexName,SimulationId) VALUES ('EUR-EONIA','Example_11')
INSERT SimulationMarketAggregationScenarioDataIndices (IndexName,SimulationId) VALUES ('USD-LIBOR-3M','Example_11')
INSERT SimulationParameters (Discretization,Grid,Calendar,Sequence,Seed,Samples,SimulationId) VALUES ('Exact','240,1M','EUR,USD,GBP,CHF','SobolBrownianBridge',42,1000,'Example_11')
INSERT SimulationCrossAssetModel (DomesticCcy,BootstrapTolerance,SimulationId) VALUES ('EUR',0.0001,'Example_11')
INSERT SimulationCrossAssetModelCurrencies (Currency,SimulationId) VALUES ('EUR','Example_11')
INSERT SimulationCrossAssetModelCurrencies (Currency,SimulationId) VALUES ('USD','Example_11')
INSERT SimulationCrossAssetModelCurrencies (Currency,SimulationId) VALUES ('GBP','Example_11')
INSERT SimulationCrossAssetModelCurrencies (Currency,SimulationId) VALUES ('CHF','Example_11')
INSERT SimulationCrossAssetModelCurrencies (Currency,SimulationId) VALUES ('JPY','Example_11')
INSERT SimulationCrossAssetModelInstantaneousCorrelations (Correlation,factor1,factor2,SimulationId) VALUES (0.3,'IR:EUR','IR:USD','Example_11')
INSERT SimulationCrossAssetModelInstantaneousCorrelations (Correlation,factor1,factor2,SimulationId) VALUES (0.3,'IR:EUR','IR:GBP','Example_11')
INSERT SimulationCrossAssetModelInstantaneousCorrelations (Correlation,factor1,factor2,SimulationId) VALUES (0.3,'IR:USD','IR:GBP','Example_11')
INSERT SimulationCrossAssetModelInstantaneousCorrelations (Correlation,factor1,factor2,SimulationId) VALUES (0,'IR:EUR','FX:USDEUR','Example_11')
INSERT SimulationCrossAssetModelInstantaneousCorrelations (Correlation,factor1,factor2,SimulationId) VALUES (0,'IR:EUR','FX:GBPEUR','Example_11')
INSERT SimulationCrossAssetModelInstantaneousCorrelations (Correlation,factor1,factor2,SimulationId) VALUES (0,'IR:GBP','FX:USDEUR','Example_11')
INSERT SimulationCrossAssetModelInstantaneousCorrelations (Correlation,factor1,factor2,SimulationId) VALUES (0,'IR:GBP','FX:GBPEUR','Example_11')
INSERT SimulationCrossAssetModelInstantaneousCorrelations (Correlation,factor1,factor2,SimulationId) VALUES (0,'IR:USD','FX:USDEUR','Example_11')
INSERT SimulationCrossAssetModelInstantaneousCorrelations (Correlation,factor1,factor2,SimulationId) VALUES (0,'IR:USD','FX:GBPEUR','Example_11')
INSERT SimulationCrossAssetModelInstantaneousCorrelations (Correlation,factor1,factor2,SimulationId) VALUES (0,'FX:USDEUR','FX:GBPEUR','Example_11')
INSERT SimulationCrossAssetModelInterestRateModels (CalibrationType,ccy,VolatilityCalibrate,VolatilityVolatilityType,VolatilityParamType,VolatilityTimeGrid,VolatilityInitialValue,ReversionCalibrate,ReversionReversionType,ReversionParamType,ReversionInitialValue,CalibrationSwaptionsExpiries,CalibrationSwaptionsTerms,ParameterTransformationShiftHorizon,ParameterTransformationScaling,SimulationId) VALUES ('Bootstrap','default','Y','Hagan','Piecewise','1.0, 2.0, 3.0, 4.0, 5.0, 7.0, 10.0','0.01, 0.01, 0.01, 0.01, 0.01, 0.01, 0.01, 0.01','N','HullWhite','Constant',0.03,' 1Y,  2Y,  4Y,  6Y,  8Y, 10Y, 12Y, 14Y, 16Y, 18Y, 19Y','   19Y, 18Y, 16Y, 14Y, 12Y, 10Y,  8Y,  6Y,  4Y,  2Y,  1Y',0.0,1.0,'Example_11')
INSERT SimulationCrossAssetModelInterestRateModels (CalibrationType,ccy,VolatilityCalibrate,VolatilityVolatilityType,VolatilityParamType,VolatilityTimeGrid,VolatilityInitialValue,ReversionCalibrate,ReversionReversionType,ReversionParamType,ReversionInitialValue,CalibrationSwaptionsExpiries,CalibrationSwaptionsTerms,ParameterTransformationShiftHorizon,ParameterTransformationScaling,SimulationId) VALUES ('Bootstrap','EUR','Y','Hagan','Piecewise','1.0, 2.0, 3.0, 4.0, 5.0, 7.0, 10.0','0.01, 0.01, 0.01, 0.01, 0.01, 0.01, 0.01, 0.01','N','HullWhite','Constant',0.03,' 1Y,  2Y,  4Y,  6Y,  8Y, 10Y, 12Y, 14Y, 16Y, 18Y, 19Y','   19Y, 18Y, 16Y, 14Y, 12Y, 10Y,  8Y,  6Y,  4Y,  2Y,  1Y',0.0,1.0,'Example_11')
INSERT SimulationCrossAssetModelInterestRateModels (CalibrationType,ccy,VolatilityCalibrate,VolatilityVolatilityType,VolatilityParamType,VolatilityTimeGrid,VolatilityInitialValue,ReversionCalibrate,ReversionReversionType,ReversionParamType,ReversionInitialValue,CalibrationSwaptionsExpiries,CalibrationSwaptionsTerms,ParameterTransformationShiftHorizon,ParameterTransformationScaling,SimulationId) VALUES ('Bootstrap','CHF','Y','Hagan','Piecewise','1.0, 2.0, 3.0, 4.0, 5.0, 7.0, 10.0','0.01, 0.01, 0.01, 0.01, 0.01, 0.01, 0.01, 0.01','N','HullWhite','Constant',0.03,' 1Y,  2Y,  4Y,  6Y,  8Y, 10Y, 12Y, 14Y, 16Y, 18Y, 19Y','   19Y, 18Y, 16Y, 14Y, 12Y, 10Y,  8Y,  6Y,  4Y,  2Y,  1Y',0.0,1.0,'Example_11')
INSERT SimulationCrossAssetModelForeignExchangeModels (DomesticCcy,CalibrationType,foreignCcy,SigmaCalibrate,SigmaParamType,SigmaTimeGrid,SigmaInitialValue,CalibrationOptionsExpiries,SimulationId) VALUES ('EUR','Bootstrap','default','Y','Piecewise','1.0, 2.0, 3.0, 4.0, 5.0, 7.0, 10.0','0.1, 0.1, 0.1, 0.1, 0.1, 0.1, 0.1, 0.1','1Y, 2Y, 3Y, 4Y, 5Y, 10Y','Example_11')
INSERT SimulationCrossAssetModelForeignExchangeModels (DomesticCcy,CalibrationType,foreignCcy,SigmaCalibrate,SigmaParamType,SigmaTimeGrid,SigmaInitialValue,CalibrationOptionsExpiries,SimulationId) VALUES ('EUR','Bootstrap','USD','Y','Piecewise','1.0, 2.0, 3.0, 4.0, 5.0, 7.0, 10.0','0.1, 0.1, 0.1, 0.1, 0.1, 0.1, 0.1, 0.1','1Y, 2Y, 3Y, 4Y, 5Y, 10Y','Example_11')
INSERT SimulationCrossAssetModelForeignExchangeModels (DomesticCcy,CalibrationType,foreignCcy,SigmaCalibrate,SigmaParamType,SigmaTimeGrid,SigmaInitialValue,CalibrationOptionsExpiries,SimulationId) VALUES ('EUR','Bootstrap','GBP','Y','Piecewise','    1.0, 2.0, 3.0, 4.0, 5.0, 7.0, 10.0','0.1, 0.1, 0.1, 0.1, 0.1, 0.1,  0.1, 0.1','1Y, 2Y, 3Y, 4Y, 5Y, 10Y','Example_11')
INSERT SimulationMarket (BaseCurrency,Id,SimulationDescription,YieldCurvesConfigurationTenors,YieldCurvesConfigurationInterpolation,YieldCurvesConfigurationExtrapolation,DefaultCurvesTenors,SwaptionVolatilitiesSimulate,SwaptionVolatilitiesReactionToTimeDecay,SwaptionVolatilitiesExpiries,SwaptionVolatilitiesTerms,FxVolatilitiesSimulate,FxVolatilitiesReactionToTimeDecay,FxVolatilitiesExpiries) VALUES ('EUR','Example_12','Example_12 Description','3M,6M,1Y,2Y,3Y,4Y,5Y,7Y,10Y,12Y,15Y,20Y,30Y,40Y,50Y','LogLinear','Y','6M,1Y,2Y','false','ForwardVariance','6M,1Y,2Y,3Y,5Y,10Y,12Y,15Y,20Y','1Y,2Y,3Y,4Y,5Y,7Y,10Y,15Y,20Y,30Y','false','ForwardVariance','6M,1Y,2Y,3Y,4Y,5Y,7Y,10Y')
INSERT SimulationMarketIndices (IndexName,SimulationId) VALUES ('EUR-EURIBOR-6M','Example_12')
INSERT SimulationMarketIndices (IndexName,SimulationId) VALUES ('EUR-EURIBOR-3M','Example_12')
INSERT SimulationMarketIndices (IndexName,SimulationId) VALUES ('EUR-EONIA','Example_12')
INSERT SimulationMarketIndices (IndexName,SimulationId) VALUES ('USD-LIBOR-3M','Example_12')
INSERT SimulationMarketIndices (IndexName,SimulationId) VALUES ('GBP-LIBOR-6M','Example_12')
INSERT SimulationMarketIndices (IndexName,SimulationId) VALUES ('GBP-LIBOR-3M','Example_12')
INSERT SimulationMarketIndices (IndexName,SimulationId) VALUES ('CHF-LIBOR-6M','Example_12')
INSERT SimulationMarketIndices (IndexName,SimulationId) VALUES ('JPY-LIBOR-6M','Example_12')
INSERT SimulationMarketSwapIndices (Name,DiscountingIndex,SimulationId) VALUES ('EUR-CMS-1Y','EUR-EONIA','Example_12')
INSERT SimulationMarketSwapIndices (Name,DiscountingIndex,SimulationId) VALUES ('EUR-CMS-30Y','EUR-EONIA','Example_12')
INSERT SimulationMarketSwaptionVolatilitiesCurrencies (Currency,SimulationId) VALUES ('EUR','Example_12')
INSERT SimulationMarketSwaptionVolatilitiesCurrencies (Currency,SimulationId) VALUES ('USD','Example_12')
INSERT SimulationMarketSwaptionVolatilitiesCurrencies (Currency,SimulationId) VALUES ('GBP','Example_12')
INSERT SimulationMarketSwaptionVolatilitiesCurrencies (Currency,SimulationId) VALUES ('CHF','Example_12')
INSERT SimulationMarketSwaptionVolatilitiesCurrencies (Currency,SimulationId) VALUES ('JPY','Example_12')
INSERT SimulationMarketFxVolatilitiesCurrencyPairs (CurrencyPair,SimulationId) VALUES ('USDEUR','Example_12')
INSERT SimulationMarketFxVolatilitiesCurrencyPairs (CurrencyPair,SimulationId) VALUES ('GBPEUR','Example_12')
INSERT SimulationMarketFxVolatilitiesCurrencyPairs (CurrencyPair,SimulationId) VALUES ('JPYEUR','Example_12')
INSERT SimulationMarketAggregationScenarioDataCurrencies (Currency,SimulationId) VALUES ('EUR','Example_12')
INSERT SimulationMarketAggregationScenarioDataCurrencies (Currency,SimulationId) VALUES ('USD','Example_12')
INSERT SimulationMarketCurrencies (Currency,SimulationId) VALUES ('EUR','Example_12')
INSERT SimulationMarketCurrencies (Currency,SimulationId) VALUES ('USD','Example_12')
INSERT SimulationMarketCurrencies (Currency,SimulationId) VALUES ('GBP','Example_12')
INSERT SimulationMarketCurrencies (Currency,SimulationId) VALUES ('CHF','Example_12')
INSERT SimulationMarketCurrencies (Currency,SimulationId) VALUES ('JPY','Example_12')
INSERT SimulationMarketAggregationScenarioDataIndices (IndexName,SimulationId) VALUES ('EUR-EURIBOR-3M','Example_12')
INSERT SimulationMarketAggregationScenarioDataIndices (IndexName,SimulationId) VALUES ('EUR-EONIA','Example_12')
INSERT SimulationMarketAggregationScenarioDataIndices (IndexName,SimulationId) VALUES ('USD-LIBOR-3M','Example_12')
INSERT SimulationParameters (Discretization,Grid,Calendar,Sequence,Seed,Samples,SimulationId) VALUES ('Exact','100,6M','EUR,USD,GBP,CHF','SobolBrownianBridge',42,1000,'Example_12')
INSERT SimulationCrossAssetModel (DomesticCcy,BootstrapTolerance,SimulationId) VALUES ('EUR',0.0001,'Example_12')
INSERT SimulationCrossAssetModelCurrencies (Currency,SimulationId) VALUES ('EUR','Example_12')
INSERT SimulationCrossAssetModelCurrencies (Currency,SimulationId) VALUES ('USD','Example_12')
INSERT SimulationCrossAssetModelCurrencies (Currency,SimulationId) VALUES ('GBP','Example_12')
INSERT SimulationCrossAssetModelCurrencies (Currency,SimulationId) VALUES ('CHF','Example_12')
INSERT SimulationCrossAssetModelCurrencies (Currency,SimulationId) VALUES ('JPY','Example_12')
INSERT SimulationCrossAssetModelInstantaneousCorrelations (Correlation,factor1,factor2,SimulationId) VALUES (0.3,'IR:EUR','IR:USD','Example_12')
INSERT SimulationCrossAssetModelInstantaneousCorrelations (Correlation,factor1,factor2,SimulationId) VALUES (0.3,'IR:EUR','IR:GBP','Example_12')
INSERT SimulationCrossAssetModelInstantaneousCorrelations (Correlation,factor1,factor2,SimulationId) VALUES (0.3,'IR:USD','IR:GBP','Example_12')
INSERT SimulationCrossAssetModelInstantaneousCorrelations (Correlation,factor1,factor2,SimulationId) VALUES (0,'IR:EUR','FX:USDEUR','Example_12')
INSERT SimulationCrossAssetModelInstantaneousCorrelations (Correlation,factor1,factor2,SimulationId) VALUES (0,'IR:EUR','FX:GBPEUR','Example_12')
INSERT SimulationCrossAssetModelInstantaneousCorrelations (Correlation,factor1,factor2,SimulationId) VALUES (0,'IR:GBP','FX:USDEUR','Example_12')
INSERT SimulationCrossAssetModelInstantaneousCorrelations (Correlation,factor1,factor2,SimulationId) VALUES (0,'IR:GBP','FX:GBPEUR','Example_12')
INSERT SimulationCrossAssetModelInstantaneousCorrelations (Correlation,factor1,factor2,SimulationId) VALUES (0,'IR:USD','FX:USDEUR','Example_12')
INSERT SimulationCrossAssetModelInstantaneousCorrelations (Correlation,factor1,factor2,SimulationId) VALUES (0,'IR:USD','FX:GBPEUR','Example_12')
INSERT SimulationCrossAssetModelInstantaneousCorrelations (Correlation,factor1,factor2,SimulationId) VALUES (0,'FX:USDEUR','FX:GBPEUR','Example_12')
INSERT SimulationCrossAssetModelInterestRateModels (CalibrationType,ccy,VolatilityCalibrate,VolatilityVolatilityType,VolatilityParamType,VolatilityTimeGrid,VolatilityInitialValue,ReversionCalibrate,ReversionReversionType,ReversionParamType,ReversionInitialValue,CalibrationSwaptionsExpiries,CalibrationSwaptionsTerms,ParameterTransformationShiftHorizon,ParameterTransformationScaling,SimulationId) VALUES ('Bootstrap','default','Y','Hagan','Piecewise','1.0, 2.0, 3.0, 4.0, 5.0, 7.0, 10.0','0.01, 0.01, 0.01, 0.01, 0.01, 0.01, 0.01, 0.01','N','HullWhite','Constant',0.03,' 1Y,  2Y,  4Y,  6Y,  8Y, 10Y, 12Y, 14Y, 16Y, 18Y, 19Y','   19Y, 18Y, 16Y, 14Y, 12Y, 10Y,  8Y,  6Y,  4Y,  2Y,  1Y',0.0,1.0,'Example_12')
INSERT SimulationCrossAssetModelInterestRateModels (CalibrationType,ccy,VolatilityCalibrate,VolatilityVolatilityType,VolatilityParamType,VolatilityInitialValue,ReversionCalibrate,ReversionReversionType,ReversionParamType,ReversionInitialValue,CalibrationSwaptionsExpiries,CalibrationSwaptionsTerms,ParameterTransformationShiftHorizon,ParameterTransformationScaling,SimulationId) VALUES ('Bootstrap','EUR','Y','Hagan','Piecewise',0.0025,'N','HullWhite','Constant',0.03,' 1Y,  2Y,  4Y,  6Y,  8Y, 10Y, 12Y, 14Y, 16Y, 18Y, 19Y, 20Y, 25Y, 30Y, 35Y, 40Y, 45Y','   49Y, 48Y, 46Y, 44Y, 42Y, 40Y, 38Y, 36Y, 34Y, 32Y, 31Y, 30Y, 25Y, 20Y, 15Y, 10Y, 5Y',0.0,1.0,'Example_12')
INSERT SimulationCrossAssetModelInterestRateModels (CalibrationType,ccy,VolatilityCalibrate,VolatilityVolatilityType,VolatilityParamType,VolatilityTimeGrid,VolatilityInitialValue,ReversionCalibrate,ReversionReversionType,ReversionParamType,ReversionInitialValue,CalibrationSwaptionsExpiries,CalibrationSwaptionsTerms,ParameterTransformationShiftHorizon,ParameterTransformationScaling,SimulationId) VALUES ('Bootstrap','CHF','Y','Hagan','Piecewise','1.0, 2.0, 3.0, 4.0, 5.0, 7.0, 10.0','0.01, 0.01, 0.01, 0.01, 0.01, 0.01, 0.01, 0.01','N','HullWhite','Constant',0.03,' 1Y,  2Y,  4Y,  6Y,  8Y, 10Y, 12Y, 14Y, 16Y, 18Y, 19Y','   19Y, 18Y, 16Y, 14Y, 12Y, 10Y,  8Y,  6Y,  4Y,  2Y,  1Y',0.0,1.0,'Example_12')
INSERT SimulationCrossAssetModelForeignExchangeModels (DomesticCcy,CalibrationType,foreignCcy,SigmaCalibrate,SigmaParamType,SigmaTimeGrid,SigmaInitialValue,CalibrationOptionsExpiries,SimulationId) VALUES ('EUR','Bootstrap','default','Y','Piecewise','1.0, 2.0, 3.0, 4.0, 5.0, 7.0, 10.0','0.1, 0.1, 0.1, 0.1, 0.1, 0.1, 0.1, 0.1','1Y, 2Y, 3Y, 4Y, 5Y, 10Y','Example_12')
INSERT SimulationCrossAssetModelForeignExchangeModels (DomesticCcy,CalibrationType,foreignCcy,SigmaCalibrate,SigmaParamType,SigmaTimeGrid,SigmaInitialValue,CalibrationOptionsExpiries,SimulationId) VALUES ('EUR','Bootstrap','USD','Y','Piecewise','1.0, 2.0, 3.0, 4.0, 5.0, 7.0, 10.0','0.1, 0.1, 0.1, 0.1, 0.1, 0.1, 0.1, 0.1','1Y, 2Y, 3Y, 4Y, 5Y, 10Y','Example_12')
INSERT SimulationCrossAssetModelForeignExchangeModels (DomesticCcy,CalibrationType,foreignCcy,SigmaCalibrate,SigmaParamType,SigmaTimeGrid,SigmaInitialValue,CalibrationOptionsExpiries,SimulationId) VALUES ('EUR','Bootstrap','GBP','Y','Piecewise','    1.0, 2.0, 3.0, 4.0, 5.0, 7.0, 10.0','0.1, 0.1, 0.1, 0.1, 0.1, 0.1,  0.1, 0.1','1Y, 2Y, 3Y, 4Y, 5Y, 10Y','Example_12')
INSERT SimulationMarket (BaseCurrency,Id,SimulationDescription,YieldCurvesConfigurationTenors,YieldCurvesConfigurationInterpolation,YieldCurvesConfigurationExtrapolation,DefaultCurvesTenors,SwaptionVolatilitiesReactionToTimeDecay,SwaptionVolatilitiesExpiries,SwaptionVolatilitiesTerms,FxVolatilitiesSimulate,FxVolatilitiesReactionToTimeDecay,FxVolatilitiesExpiries) VALUES ('EUR','Example_14','Example_14 Description','3M,6M,1Y,2Y,3Y,4Y,5Y,7Y,10Y,12Y,15Y,20Y','LogLinear','Y','6M,1Y,2Y','ForwardVariance','6M,1Y,2Y,3Y,5Y,10Y,12Y,15Y,20Y','1Y,2Y,3Y,4Y,5Y,7Y,10Y,15Y,20Y,30Y','false','ForwardVariance','6M,1Y,2Y,3Y,4Y,5Y,7Y,10Y')
INSERT SimulationMarketIndices (IndexName,SimulationId) VALUES ('EUR-EURIBOR-6M','Example_14')
INSERT SimulationMarketIndices (IndexName,SimulationId) VALUES ('EUR-EONIA','Example_14')
INSERT SimulationMarketIndices (IndexName,SimulationId) VALUES ('GBP-LIBOR-6M','Example_14')
INSERT SimulationMarketSwapIndices (Name,DiscountingIndex,SimulationId) VALUES ('EUR-CMS-1Y','EUR-EONIA','Example_14')
INSERT SimulationMarketSwapIndices (Name,DiscountingIndex,SimulationId) VALUES ('EUR-CMS-30Y','EUR-EONIA','Example_14')
INSERT SimulationMarketSwaptionVolatilitiesCurrencies (Currency,SimulationId) VALUES ('EUR','Example_14')
INSERT SimulationMarketSwaptionVolatilitiesCurrencies (Currency,SimulationId) VALUES ('GBP','Example_14')
INSERT SimulationMarketFxVolatilitiesCurrencyPairs (CurrencyPair,SimulationId) VALUES ('EURGBP','Example_14')
INSERT SimulationMarketAggregationScenarioDataCurrencies (Currency,SimulationId) VALUES ('EUR','Example_14')
INSERT SimulationMarketCurrencies (Currency,SimulationId) VALUES ('EUR','Example_14')
INSERT SimulationMarketCurrencies (Currency,SimulationId) VALUES ('GBP','Example_14')
INSERT SimulationMarketAggregationScenarioDataIndices (IndexName,SimulationId) VALUES ('EUR-EURIBOR-6M','Example_14')
INSERT SimulationMarketAggregationScenarioDataIndices (IndexName,SimulationId) VALUES ('EUR-EONIA','Example_14')
INSERT SimulationParameters (Discretization,Grid,Calendar,Sequence,Seed,Samples,SimulationId) VALUES ('Exact','81,6M','EUR,GBP','SobolBrownianBridge',42,1000,'Example_14')
INSERT SimulationCrossAssetModel (DomesticCcy,BootstrapTolerance,SimulationId) VALUES ('EUR',0.0001,'Example_14')
INSERT SimulationCrossAssetModelCurrencies (Currency,SimulationId) VALUES ('EUR','Example_14')
INSERT SimulationCrossAssetModelCurrencies (Currency,SimulationId) VALUES ('GBP','Example_14')
INSERT SimulationCrossAssetModelInstantaneousCorrelations (Correlation,factor1,factor2,SimulationId) VALUES (0.3,'IR:EUR','IR:GBP','Example_14')
INSERT SimulationCrossAssetModelInstantaneousCorrelations (Correlation,factor1,factor2,SimulationId) VALUES (0,'IR:EUR','FX:GBPEUR','Example_14')
INSERT SimulationCrossAssetModelInstantaneousCorrelations (Correlation,factor1,factor2,SimulationId) VALUES (0,'IR:GBP','FX:GBPEUR','Example_14')
INSERT SimulationCrossAssetModelInterestRateModels (CalibrationType,ccy,VolatilityCalibrate,VolatilityVolatilityType,VolatilityParamType,VolatilityTimeGrid,VolatilityInitialValue,ReversionCalibrate,ReversionReversionType,ReversionParamType,ReversionInitialValue,CalibrationSwaptionsExpiries,CalibrationSwaptionsTerms,ParameterTransformationShiftHorizon,ParameterTransformationScaling,SimulationId) VALUES ('Bootstrap','default','Y','Hagan','Piecewise','1.0, 2.0, 3.0, 4.0, 5.0, 7.0, 10.0','0.01, 0.01, 0.01, 0.01, 0.01, 0.01, 0.01, 0.01','N','HullWhite','Constant',0.03,' 1Y,  2Y,  4Y,  6Y,  8Y, 10Y, 12Y, 14Y, 16Y, 18Y, 19Y','   19Y, 18Y, 16Y, 14Y, 12Y, 10Y,  8Y,  6Y,  4Y,  2Y,  1Y',0.0,1.0,'Example_14')
INSERT SimulationCrossAssetModelInterestRateModels (CalibrationType,ccy,VolatilityCalibrate,VolatilityVolatilityType,VolatilityParamType,VolatilityTimeGrid,VolatilityInitialValue,ReversionCalibrate,ReversionReversionType,ReversionParamType,ReversionInitialValue,CalibrationSwaptionsExpiries,CalibrationSwaptionsTerms,ParameterTransformationShiftHorizon,ParameterTransformationScaling,SimulationId) VALUES ('Bootstrap','EUR','Y','Hagan','Piecewise','1.0, 2.0, 3.0, 4.0, 5.0, 7.0, 10.0','0.01, 0.01, 0.01, 0.01, 0.01, 0.01, 0.01, 0.01','N','HullWhite','Constant',0.03,' 1Y,  2Y,  4Y,  6Y,  8Y, 10Y, 12Y, 14Y, 16Y, 18Y, 19Y','   19Y, 18Y, 16Y, 14Y, 12Y, 10Y,  8Y,  6Y,  4Y,  2Y,  1Y',0.0,1.0,'Example_14')
INSERT SimulationCrossAssetModelInterestRateModels (CalibrationType,ccy,VolatilityCalibrate,VolatilityVolatilityType,VolatilityParamType,VolatilityTimeGrid,VolatilityInitialValue,ReversionCalibrate,ReversionReversionType,ReversionParamType,ReversionInitialValue,CalibrationSwaptionsExpiries,CalibrationSwaptionsTerms,ParameterTransformationShiftHorizon,ParameterTransformationScaling,SimulationId) VALUES ('Bootstrap','CHF','Y','Hagan','Piecewise','1.0, 2.0, 3.0, 4.0, 5.0, 7.0, 10.0','0.01, 0.01, 0.01, 0.01, 0.01, 0.01, 0.01, 0.01','N','HullWhite','Constant',0.03,' 1Y,  2Y,  4Y,  6Y,  8Y, 10Y, 12Y, 14Y, 16Y, 18Y, 19Y','   19Y, 18Y, 16Y, 14Y, 12Y, 10Y,  8Y,  6Y,  4Y,  2Y,  1Y',0.0,1.0,'Example_14')
INSERT SimulationCrossAssetModelForeignExchangeModels (DomesticCcy,CalibrationType,foreignCcy,SigmaCalibrate,SigmaParamType,SigmaTimeGrid,SigmaInitialValue,CalibrationOptionsExpiries,SimulationId) VALUES ('EUR','Bootstrap','default','Y','Piecewise','1.0, 2.0, 3.0, 4.0, 5.0, 7.0, 10.0','0.1, 0.1, 0.1, 0.1, 0.1, 0.1, 0.1, 0.1','1Y, 2Y, 3Y, 4Y, 5Y, 10Y','Example_14')
INSERT SimulationCrossAssetModelForeignExchangeModels (DomesticCcy,CalibrationType,foreignCcy,SigmaCalibrate,SigmaParamType,SigmaTimeGrid,SigmaInitialValue,CalibrationOptionsExpiries,SimulationId) VALUES ('EUR','Bootstrap','GBP','Y','Piecewise','    1.0, 2.0, 3.0, 4.0, 5.0, 7.0, 10.0','0.1, 0.1, 0.1, 0.1, 0.1, 0.1,  0.1, 0.1','1Y, 2Y, 3Y, 4Y, 5Y, 10Y','Example_14')
INSERT SimulationMarket (BaseCurrency,Id,SimulationDescription,YieldCurvesConfigurationTenors,YieldCurvesConfigurationInterpolation,YieldCurvesConfigurationExtrapolation,DefaultCurvesTenors,SwaptionVolatilitiesSimulate,SwaptionVolatilitiesReactionToTimeDecay,SwaptionVolatilitiesExpiries,SwaptionVolatilitiesTerms,FxVolatilitiesSimulate,FxVolatilitiesReactionToTimeDecay,FxVolatilitiesExpiries,EquityVolatilitiesSimulate,EquityVolatilitiesReactionToTimeDecay,EquityVolatilitiesExpiries) VALUES ('EUR','Example_15','Example_15 Description','6M,1Y,2Y,3Y,5Y,7Y,10Y,15Y,20Y','LogLinear','Y','6M,1Y,2Y,5Y,10Y','true','ForwardVariance','6M,1Y,2Y,3Y,5Y,10Y,12Y,15Y,20Y','1Y,2Y,3Y,4Y,5Y,7Y,10Y,15Y,20Y,30Y','true','ForwardVariance','6M,1Y,2Y,3Y,4Y,5Y,7Y,10Y','true','ForwardVariance','6M,1Y,2Y,3Y,4Y,5Y,7Y,10Y')
INSERT SimulationMarketIndices (IndexName,SimulationId) VALUES ('EUR-EURIBOR-6M','Example_15')
INSERT SimulationMarketIndices (IndexName,SimulationId) VALUES ('EUR-EURIBOR-3M','Example_15')
INSERT SimulationMarketIndices (IndexName,SimulationId) VALUES ('EUR-EONIA','Example_15')
INSERT SimulationMarketIndices (IndexName,SimulationId) VALUES ('USD-LIBOR-3M','Example_15')
INSERT SimulationMarketIndices (IndexName,SimulationId) VALUES ('USD-LIBOR-6M','Example_15')
INSERT SimulationMarketIndices (IndexName,SimulationId) VALUES ('USD-FedFunds','Example_15')
INSERT SimulationMarketIndices (IndexName,SimulationId) VALUES ('GBP-LIBOR-6M','Example_15')
INSERT SimulationMarketIndices (IndexName,SimulationId) VALUES ('GBP-LIBOR-3M','Example_15')
INSERT SimulationMarketIndices (IndexName,SimulationId) VALUES ('GBP-SONIA','Example_15')
INSERT SimulationMarketIndices (IndexName,SimulationId) VALUES ('CHF-LIBOR-6M','Example_15')
INSERT SimulationMarketIndices (IndexName,SimulationId) VALUES ('CHF-TOIS','Example_15')
INSERT SimulationMarketIndices (IndexName,SimulationId) VALUES ('JPY-LIBOR-6M','Example_15')
INSERT SimulationMarketIndices (IndexName,SimulationId) VALUES ('JPY-TONAR','Example_15')
INSERT SimulationMarketSwapIndices (Name,DiscountingIndex,SimulationId) VALUES ('EUR-CMS-1Y','EUR-EONIA','Example_15')
INSERT SimulationMarketSwapIndices (Name,DiscountingIndex,SimulationId) VALUES ('EUR-CMS-30Y','EUR-EONIA','Example_15')
INSERT SimulationMarketDefaultCurvesNames (Name,SimulationId) VALUES ('CPTY_C','Example_15')
INSERT SimulationMarketDefaultCurvesNames (Name,SimulationId) VALUES ('BANK','Example_15')
INSERT SimulationMarketEquitiesNames (Name,SimulationId) VALUES ('SP5','Example_15')
INSERT SimulationMarketEquitiesNames (Name,SimulationId) VALUES ('Lufthansa','Example_15')
INSERT SimulationMarketSwaptionVolatilitiesCurrencies (Currency,SimulationId) VALUES ('EUR','Example_15')
INSERT SimulationMarketSwaptionVolatilitiesCurrencies (Currency,SimulationId) VALUES ('USD','Example_15')
INSERT SimulationMarketSwaptionVolatilitiesCurrencies (Currency,SimulationId) VALUES ('GBP','Example_15')
INSERT SimulationMarketSwaptionVolatilitiesCurrencies (Currency,SimulationId) VALUES ('CHF','Example_15')
INSERT SimulationMarketSwaptionVolatilitiesCurrencies (Currency,SimulationId) VALUES ('JPY','Example_15')
INSERT SimulationMarketCapFloorVolatilitiesCurrencies (Currency,SimulationId) VALUES ('EUR','Example_15')
INSERT SimulationMarketCapFloorVolatilitiesCurrencies (Currency,SimulationId) VALUES ('USD','Example_15')
INSERT SimulationMarketFxVolatilitiesCurrencyPairs (CurrencyPair,SimulationId) VALUES ('USDEUR','Example_15')
INSERT SimulationMarketFxVolatilitiesCurrencyPairs (CurrencyPair,SimulationId) VALUES ('GBPEUR','Example_15')
INSERT SimulationMarketFxVolatilitiesCurrencyPairs (CurrencyPair,SimulationId) VALUES ('JPYEUR','Example_15')
INSERT SimulationMarketEquityVolatilitiesEquityNames (Name,SimulationId) VALUES ('SP5','Example_15')
INSERT SimulationMarketEquityVolatilitiesEquityNames (Name,SimulationId) VALUES ('Lufthansa','Example_15')
INSERT SimulationMarketBenchmarkCurves (Currency,Name,SimulationId) VALUES ('EUR','BENCHMARK_EUR','Example_15')
INSERT SimulationMarketSecurities (Security,SimulationId) VALUES ('SECURITY_1','Example_15')
INSERT SimulationMarketAggregationScenarioDataCurrencies (Currency,SimulationId) VALUES ('EUR','Example_15')
INSERT SimulationMarketAggregationScenarioDataCurrencies (Currency,SimulationId) VALUES ('USD','Example_15')
INSERT SimulationMarketCurrencies (Currency,SimulationId) VALUES ('EUR','Example_15')
INSERT SimulationMarketCurrencies (Currency,SimulationId) VALUES ('USD','Example_15')
INSERT SimulationMarketCurrencies (Currency,SimulationId) VALUES ('GBP','Example_15')
INSERT SimulationMarketCurrencies (Currency,SimulationId) VALUES ('CHF','Example_15')
INSERT SimulationMarketCurrencies (Currency,SimulationId) VALUES ('JPY','Example_15')
INSERT SimulationMarketAggregationScenarioDataIndices (IndexName,SimulationId) VALUES ('EUR-EURIBOR-3M','Example_15')
INSERT SimulationMarketAggregationScenarioDataIndices (IndexName,SimulationId) VALUES ('EUR-EONIA','Example_15')
INSERT SimulationMarketAggregationScenarioDataIndices (IndexName,SimulationId) VALUES ('USD-LIBOR-3M','Example_15')
INSERT SimulationMarket (BaseCurrency,Id,SimulationDescription,YieldCurvesConfigurationTenors,YieldCurvesConfigurationInterpolation,YieldCurvesConfigurationExtrapolation,DefaultCurvesTenors,SwaptionVolatilitiesReactionToTimeDecay,SwaptionVolatilitiesExpiries,SwaptionVolatilitiesTerms,FxVolatilitiesSimulate,FxVolatilitiesReactionToTimeDecay,FxVolatilitiesExpiries,EquityVolatilitiesSimulate,EquityVolatilitiesReactionToTimeDecay,EquityVolatilitiesExpiries) VALUES ('EUR','Example_16','Example_16 Description','3M,6M,1Y,2Y,3Y,4Y,5Y,7Y,10Y,12Y,15Y,20Y','LogLinear','Y','6M,1Y,2Y','ForwardVariance','6M,1Y,2Y,3Y,5Y,10Y,12Y,15Y,20Y','1Y,2Y,3Y,4Y,5Y,7Y,10Y,15Y,20Y,30Y','false','ForwardVariance','6M,1Y,2Y,3Y,4Y,5Y,7Y,10Y','false','ForwardVariance','6M,1Y,2Y,3Y,4Y,5Y,7Y,10Y')
INSERT SimulationMarketIndices (IndexName,SimulationId) VALUES ('EUR-EURIBOR-6M','Example_16')
INSERT SimulationMarketIndices (IndexName,SimulationId) VALUES ('EUR-EURIBOR-3M','Example_16')
INSERT SimulationMarketIndices (IndexName,SimulationId) VALUES ('EUR-EONIA','Example_16')
INSERT SimulationMarketIndices (IndexName,SimulationId) VALUES ('USD-LIBOR-3M','Example_16')
INSERT SimulationMarketIndices (IndexName,SimulationId) VALUES ('GBP-LIBOR-6M','Example_16')
INSERT SimulationMarketIndices (IndexName,SimulationId) VALUES ('GBP-LIBOR-3M','Example_16')
INSERT SimulationMarketIndices (IndexName,SimulationId) VALUES ('CHF-LIBOR-6M','Example_16')
INSERT SimulationMarketIndices (IndexName,SimulationId) VALUES ('JPY-LIBOR-6M','Example_16')
INSERT SimulationMarketSwapIndices (Name,DiscountingIndex,SimulationId) VALUES ('EUR-CMS-1Y','EUR-EONIA','Example_16')
INSERT SimulationMarketSwapIndices (Name,DiscountingIndex,SimulationId) VALUES ('EUR-CMS-30Y','EUR-EONIA','Example_16')
INSERT SimulationMarketEquitiesNames (Name,SimulationId) VALUES ('SP5','Example_16')
INSERT SimulationMarketEquitiesNames (Name,SimulationId) VALUES ('Lufthansa','Example_16')
INSERT SimulationMarketSwaptionVolatilitiesCurrencies (Currency,SimulationId) VALUES ('EUR','Example_16')
INSERT SimulationMarketSwaptionVolatilitiesCurrencies (Currency,SimulationId) VALUES ('USD','Example_16')
INSERT SimulationMarketSwaptionVolatilitiesCurrencies (Currency,SimulationId) VALUES ('GBP','Example_16')
INSERT SimulationMarketSwaptionVolatilitiesCurrencies (Currency,SimulationId) VALUES ('CHF','Example_16')
INSERT SimulationMarketSwaptionVolatilitiesCurrencies (Currency,SimulationId) VALUES ('JPY','Example_16')
INSERT SimulationMarketFxVolatilitiesCurrencyPairs (CurrencyPair,SimulationId) VALUES ('EURUSD','Example_16')
INSERT SimulationMarketFxVolatilitiesCurrencyPairs (CurrencyPair,SimulationId) VALUES ('EURGBP','Example_16')
INSERT SimulationMarketFxVolatilitiesCurrencyPairs (CurrencyPair,SimulationId) VALUES ('EURJPY','Example_16')
INSERT SimulationMarketEquityVolatilitiesEquityNames (Name,SimulationId) VALUES ('SP5','Example_16')
INSERT SimulationMarketEquityVolatilitiesEquityNames (Name,SimulationId) VALUES ('Lufthansa','Example_16')
INSERT SimulationMarketAggregationScenarioDataCurrencies (Currency,SimulationId) VALUES ('EUR','Example_16')
INSERT SimulationMarketAggregationScenarioDataCurrencies (Currency,SimulationId) VALUES ('USD','Example_16')
INSERT SimulationMarketCurrencies (Currency,SimulationId) VALUES ('EUR','Example_16')
INSERT SimulationMarketCurrencies (Currency,SimulationId) VALUES ('USD','Example_16')
INSERT SimulationMarketCurrencies (Currency,SimulationId) VALUES ('GBP','Example_16')
INSERT SimulationMarketCurrencies (Currency,SimulationId) VALUES ('CHF','Example_16')
INSERT SimulationMarketCurrencies (Currency,SimulationId) VALUES ('JPY','Example_16')
INSERT SimulationMarketAggregationScenarioDataIndices (IndexName,SimulationId) VALUES ('EUR-EURIBOR-3M','Example_16')
INSERT SimulationMarketAggregationScenarioDataIndices (IndexName,SimulationId) VALUES ('EUR-EONIA','Example_16')
INSERT SimulationMarketAggregationScenarioDataIndices (IndexName,SimulationId) VALUES ('USD-LIBOR-3M','Example_16')
INSERT SimulationParameters (Discretization,Grid,Calendar,Sequence,Seed,Samples,SimulationId) VALUES ('Exact','83,3M','EUR,USD,GBP,CHF','SobolBrownianBridge',42,1000,'Example_16')
INSERT SimulationCrossAssetModel (DomesticCcy,BootstrapTolerance,SimulationId) VALUES ('EUR',0.0001,'Example_16')
INSERT SimulationCrossAssetModelCurrencies (Currency,SimulationId) VALUES ('EUR','Example_16')
INSERT SimulationCrossAssetModelCurrencies (Currency,SimulationId) VALUES ('USD','Example_16')
INSERT SimulationCrossAssetModelCurrencies (Currency,SimulationId) VALUES ('GBP','Example_16')
INSERT SimulationCrossAssetModelCurrencies (Currency,SimulationId) VALUES ('CHF','Example_16')
INSERT SimulationCrossAssetModelCurrencies (Currency,SimulationId) VALUES ('JPY','Example_16')
INSERT SimulationCrossAssetModelEquities (Equity,SimulationId) VALUES ('SP5','Example_16')
INSERT SimulationCrossAssetModelEquities (Equity,SimulationId) VALUES ('Lufthansa','Example_16')
INSERT SimulationCrossAssetModelInstantaneousCorrelations (Correlation,factor1,factor2,SimulationId) VALUES (0.3,'IR:EUR','IR:USD','Example_16')
INSERT SimulationCrossAssetModelInstantaneousCorrelations (Correlation,factor1,factor2,SimulationId) VALUES (0.3,'IR:EUR','IR:GBP','Example_16')
INSERT SimulationCrossAssetModelInstantaneousCorrelations (Correlation,factor1,factor2,SimulationId) VALUES (0.3,'IR:USD','IR:GBP','Example_16')
INSERT SimulationCrossAssetModelInstantaneousCorrelations (Correlation,factor1,factor2,SimulationId) VALUES (0,'IR:EUR','FX:USDEUR','Example_16')
INSERT SimulationCrossAssetModelInstantaneousCorrelations (Correlation,factor1,factor2,SimulationId) VALUES (0,'IR:EUR','FX:GBPEUR','Example_16')
INSERT SimulationCrossAssetModelInstantaneousCorrelations (Correlation,factor1,factor2,SimulationId) VALUES (0,'IR:GBP','FX:USDEUR','Example_16')
INSERT SimulationCrossAssetModelInstantaneousCorrelations (Correlation,factor1,factor2,SimulationId) VALUES (0,'IR:GBP','FX:GBPEUR','Example_16')
INSERT SimulationCrossAssetModelInstantaneousCorrelations (Correlation,factor1,factor2,SimulationId) VALUES (0,'IR:USD','FX:USDEUR','Example_16')
INSERT SimulationCrossAssetModelInstantaneousCorrelations (Correlation,factor1,factor2,SimulationId) VALUES (0,'IR:USD','FX:GBPEUR','Example_16')
INSERT SimulationCrossAssetModelInstantaneousCorrelations (Correlation,factor1,factor2,SimulationId) VALUES (0,'FX:USDEUR','FX:GBPEUR','Example_16')
INSERT SimulationCrossAssetModelInstantaneousCorrelations (Correlation,factor1,factor2,SimulationId) VALUES (0,'EQ:SP5','EQ:Lufthansa','Example_16')
INSERT SimulationCrossAssetModelInterestRateModels (CalibrationType,ccy,VolatilityCalibrate,VolatilityVolatilityType,VolatilityParamType,VolatilityTimeGrid,VolatilityInitialValue,ReversionCalibrate,ReversionReversionType,ReversionParamType,ReversionInitialValue,CalibrationSwaptionsExpiries,CalibrationSwaptionsTerms,ParameterTransformationShiftHorizon,ParameterTransformationScaling,SimulationId) VALUES ('Bootstrap','default','Y','Hagan','Piecewise','1.0, 2.0, 3.0, 4.0, 5.0, 7.0, 10.0','0.01, 0.01, 0.01, 0.01, 0.01, 0.01, 0.01, 0.01','N','HullWhite','Constant',0.03,' 1Y,2Y,3Y,4Y,5Y,7Y,10Y,12Y,15Y,20Y,25Y','   29Y,28Y,27Y,26Y,25Y,23Y,20Y,18Y,15Y,10Y,5Y',0.0,1.0,'Example_16')
INSERT SimulationCrossAssetModelInterestRateModels (CalibrationType,ccy,VolatilityCalibrate,VolatilityVolatilityType,VolatilityParamType,VolatilityTimeGrid,VolatilityInitialValue,ReversionCalibrate,ReversionReversionType,ReversionParamType,ReversionInitialValue,CalibrationSwaptionsExpiries,CalibrationSwaptionsTerms,ParameterTransformationShiftHorizon,ParameterTransformationScaling,SimulationId) VALUES ('Bootstrap','EUR','Y','Hagan','Piecewise','1.0, 2.0, 3.0, 4.0, 5.0, 7.0, 10.0','0.01, 0.01, 0.01, 0.01, 0.01, 0.01, 0.01, 0.01','N','HullWhite','Constant',0.03,' 1Y,2Y,3Y,4Y,5Y,7Y,10Y,12Y,15Y,20Y,25Y','   29Y,28Y,27Y,26Y,25Y,23Y,20Y,18Y,15Y,10Y,5Y',0.0,1.0,'Example_16')
INSERT SimulationCrossAssetModelInterestRateModels (CalibrationType,ccy,VolatilityCalibrate,VolatilityVolatilityType,VolatilityParamType,VolatilityTimeGrid,VolatilityInitialValue,ReversionCalibrate,ReversionReversionType,ReversionParamType,ReversionInitialValue,CalibrationSwaptionsExpiries,CalibrationSwaptionsTerms,ParameterTransformationShiftHorizon,ParameterTransformationScaling,SimulationId) VALUES ('Bootstrap','CHF','Y','Hagan','Piecewise','1.0, 2.0, 3.0, 4.0, 5.0, 7.0, 10.0','0.01, 0.01, 0.01, 0.01, 0.01, 0.01, 0.01, 0.01','N','HullWhite','Constant',0.03,' 1Y,2Y,3Y,4Y,5Y,7Y,10Y,12Y,15Y,20Y,25Y','   29Y,28Y,27Y,26Y,25Y,23Y,20Y,18Y,15Y,10Y,5Y',0.0,1.0,'Example_16')
INSERT SimulationCrossAssetModelForeignExchangeModels (DomesticCcy,CalibrationType,foreignCcy,SigmaCalibrate,SigmaParamType,SigmaTimeGrid,SigmaInitialValue,CalibrationOptionsExpiries,SimulationId) VALUES ('EUR','Bootstrap','default','Y','Piecewise','1.0, 2.0, 3.0, 4.0, 5.0, 7.0, 10.0','0.1, 0.1, 0.1, 0.1, 0.1, 0.1, 0.1, 0.1','1Y, 2Y, 3Y, 4Y, 5Y, 10Y','Example_16')
INSERT SimulationCrossAssetModelForeignExchangeModels (DomesticCcy,CalibrationType,foreignCcy,SigmaCalibrate,SigmaParamType,SigmaTimeGrid,SigmaInitialValue,CalibrationOptionsExpiries,SimulationId) VALUES ('EUR','Bootstrap','USD','Y','Piecewise','1.0, 2.0, 3.0, 4.0, 5.0, 7.0, 10.0','0.1, 0.1, 0.1, 0.1, 0.1, 0.1, 0.1, 0.1','1Y, 2Y, 3Y, 4Y, 5Y, 10Y','Example_16')
INSERT SimulationCrossAssetModelForeignExchangeModels (DomesticCcy,CalibrationType,foreignCcy,SigmaCalibrate,SigmaParamType,SigmaTimeGrid,SigmaInitialValue,CalibrationOptionsExpiries,SimulationId) VALUES ('EUR','Bootstrap','GBP','Y','Piecewise','    1.0, 2.0, 3.0, 4.0, 5.0, 7.0, 10.0','0.1, 0.1, 0.1, 0.1, 0.1, 0.1,  0.1, 0.1','1Y, 2Y, 3Y, 4Y, 5Y, 10Y','Example_16')
INSERT SimulationCrossAssetModelEquityModels (Currency,CalibrationType,name,SigmaCalibrate,SigmaParamType,SigmaTimeGrid,SigmaInitialValue,CalibrationOptionsExpiries,SimulationId) VALUES ('EUR','Bootstrap','default','Y','Piecewise','    1.0, 2.0, 3.0, 4.0, 5.0, 7.0, 10.0','0.1, 0.1, 0.1, 0.1, 0.1, 0.1,  0.1, 0.1','1Y, 2Y, 3Y, 4Y, 5Y, 10Y','Example_16')
INSERT SimulationCrossAssetModelEquityModels (Currency,CalibrationType,name,SigmaCalibrate,SigmaParamType,SigmaTimeGrid,SigmaInitialValue,CalibrationOptionsExpiries,SimulationId) VALUES ('USD','Bootstrap','SP5','Y','Piecewise','    1.0, 2.0, 3.0, 4.0, 5.0, 7.0, 10.0','0.1, 0.1, 0.1, 0.1, 0.1, 0.1,  0.1, 0.1','1Y, 2Y, 3Y, 4Y, 5Y, 10Y','Example_16')
INSERT SimulationMarket (BaseCurrency,Id,SimulationDescription,YieldCurvesConfigurationTenors,YieldCurvesConfigurationInterpolation,YieldCurvesConfigurationExtrapolation,SwaptionVolatilitiesSimulate,SwaptionVolatilitiesReactionToTimeDecay,SwaptionVolatilitiesExpiries,SwaptionVolatilitiesTerms,FxVolatilitiesSimulate,FxVolatilitiesReactionToTimeDecay,FxVolatilitiesExpiries) VALUES ('EUR','Example_17','Example_17 Description','6M,1Y,2Y,3Y,5Y,7Y,10Y,15Y,20Y','LogLinear','Y','false','ForwardVariance','6M,1Y,2Y,3Y,5Y,10Y,12Y,15Y,20Y','1Y,2Y,3Y,4Y,5Y,7Y,10Y,15Y,20Y,30Y','false','ForwardVariance','6M,1Y,2Y,3Y,4Y,5Y,7Y,10Y')
INSERT SimulationMarketIndices (IndexName,SimulationId) VALUES ('EUR-EURIBOR-6M','Example_17')
INSERT SimulationMarketIndices (IndexName,SimulationId) VALUES ('EUR-EURIBOR-3M','Example_17')
INSERT SimulationMarketIndices (IndexName,SimulationId) VALUES ('EUR-EONIA','Example_17')
INSERT SimulationMarketIndices (IndexName,SimulationId) VALUES ('GBP-LIBOR-6M','Example_17')
INSERT SimulationMarketIndices (IndexName,SimulationId) VALUES ('GBP-LIBOR-3M','Example_17')
INSERT SimulationMarketIndices (IndexName,SimulationId) VALUES ('GBP-SONIA','Example_17')
INSERT SimulationMarketSwapIndices (Name,DiscountingIndex,SimulationId) VALUES ('EUR-CMS-1Y','EUR-EONIA','Example_17')
INSERT SimulationMarketSwapIndices (Name,DiscountingIndex,SimulationId) VALUES ('EUR-CMS-30Y','EUR-EONIA','Example_17')
INSERT SimulationMarketSwaptionVolatilitiesCurrencies (Currency,SimulationId) VALUES ('EUR','Example_17')
INSERT SimulationMarketSwaptionVolatilitiesCurrencies (Currency,SimulationId) VALUES ('GBP','Example_17')
INSERT SimulationMarketCapFloorVolatilitiesCurrencies (Currency,SimulationId) VALUES ('EUR','Example_17')
INSERT SimulationMarketCapFloorVolatilitiesCurrencies (Currency,SimulationId) VALUES ('GBP','Example_17')
INSERT SimulationMarketFxVolatilitiesCurrencyPairs (CurrencyPair,SimulationId) VALUES ('EURGBP','Example_17')
INSERT SimulationMarketAggregationScenarioDataCurrencies (Currency,SimulationId) VALUES ('EUR','Example_17')
INSERT SimulationMarketCurrencies (Currency,SimulationId) VALUES ('EUR','Example_17')
INSERT SimulationMarketCurrencies (Currency,SimulationId) VALUES ('GBP','Example_17')
INSERT SimulationMarketAggregationScenarioDataIndices (IndexName,SimulationId) VALUES ('EUR-EURIBOR-3M','Example_17')
INSERT SimulationMarketAggregationScenarioDataIndices (IndexName,SimulationId) VALUES ('EUR-EONIA','Example_17')
INSERT SimulationParameters (Discretization,Grid,Calendar,Sequence,Seed,Samples,SimulationId) VALUES ('Exact','81,3M','EUR,USD,GBP,CHF','SobolBrownianBridge',42,1000,'Example_17')
INSERT SimulationCrossAssetModel (DomesticCcy,BootstrapTolerance,SimulationId) VALUES ('EUR',0.0001,'Example_17')
INSERT SimulationCrossAssetModelCurrencies (Currency,SimulationId) VALUES ('EUR','Example_17')
INSERT SimulationCrossAssetModelCurrencies (Currency,SimulationId) VALUES ('GBP','Example_17')
INSERT SimulationCrossAssetModelInstantaneousCorrelations (Correlation,factor1,factor2,SimulationId) VALUES (0.3,'IR:EUR','IR:GBP','Example_17')
INSERT SimulationCrossAssetModelInstantaneousCorrelations (Correlation,factor1,factor2,SimulationId) VALUES (0,'IR:EUR','FX:GBPEUR','Example_17')
INSERT SimulationCrossAssetModelInstantaneousCorrelations (Correlation,factor1,factor2,SimulationId) VALUES (0,'IR:GBP','FX:GBPEUR','Example_17')
INSERT SimulationCrossAssetModelInstantaneousCorrelations (Correlation,factor1,factor2,SimulationId) VALUES (0,'INF:UKRPI','INF:EUHICPXT','Example_17')
INSERT SimulationCrossAssetModelInstantaneousCorrelations (Correlation,factor1,factor2,SimulationId) VALUES (0,'INF:UKRPI','IR:GBP','Example_17')
INSERT SimulationCrossAssetModelInstantaneousCorrelations (Correlation,factor1,factor2,SimulationId) VALUES (0,'INF:EUHICPXT','IR:EUR','Example_17')
INSERT SimulationCrossAssetModelInterestRateModels (CalibrationType,ccy,VolatilityCalibrate,VolatilityVolatilityType,VolatilityParamType,VolatilityTimeGrid,VolatilityInitialValue,ReversionCalibrate,ReversionReversionType,ReversionParamType,ReversionInitialValue,CalibrationSwaptionsExpiries,CalibrationSwaptionsTerms,ParameterTransformationShiftHorizon,ParameterTransformationScaling,SimulationId) VALUES ('Bootstrap','default','Y','Hagan','Piecewise','1.0, 2.0, 3.0, 4.0, 5.0, 7.0, 10.0','0.01, 0.01, 0.01, 0.01, 0.01, 0.01, 0.01, 0.01','N','HullWhite','Constant',0.03,' 1Y,  2Y,  4Y,  6Y,  8Y, 10Y, 12Y, 14Y, 16Y, 18Y, 19Y','   19Y, 18Y, 16Y, 14Y, 12Y, 10Y,  8Y,  6Y,  4Y,  2Y,  1Y',0.0,1.0,'Example_17')
INSERT SimulationCrossAssetModelInterestRateModels (CalibrationType,ccy,VolatilityCalibrate,VolatilityVolatilityType,VolatilityParamType,VolatilityTimeGrid,VolatilityInitialValue,ReversionCalibrate,ReversionReversionType,ReversionParamType,ReversionInitialValue,CalibrationSwaptionsExpiries,CalibrationSwaptionsTerms,ParameterTransformationShiftHorizon,ParameterTransformationScaling,SimulationId) VALUES ('Bootstrap','EUR','Y','Hagan','Piecewise','1.0, 2.0, 3.0, 4.0, 5.0, 7.0, 10.0','0.01, 0.01, 0.01, 0.01, 0.01, 0.01, 0.01, 0.01','N','HullWhite','Constant',0.03,' 1Y,  2Y,  4Y,  6Y,  8Y, 10Y, 12Y, 14Y, 16Y, 18Y, 19Y','   19Y, 18Y, 16Y, 14Y, 12Y, 10Y,  8Y,  6Y,  4Y,  2Y,  1Y',0.0,1.0,'Example_17')
INSERT SimulationCrossAssetModelForeignExchangeModels (DomesticCcy,CalibrationType,foreignCcy,SigmaCalibrate,SigmaParamType,SigmaTimeGrid,SigmaInitialValue,CalibrationOptionsExpiries,SimulationId) VALUES ('EUR','Bootstrap','default','Y','Piecewise','1.0, 2.0, 3.0, 4.0, 5.0, 7.0, 10.0','0.1, 0.1, 0.1, 0.1, 0.1, 0.1, 0.1, 0.1','1Y, 2Y, 3Y, 4Y, 5Y, 10Y','Example_17')
INSERT SimulationCrossAssetModelForeignExchangeModels (DomesticCcy,CalibrationType,foreignCcy,SigmaCalibrate,SigmaParamType,SigmaTimeGrid,SigmaInitialValue,CalibrationOptionsExpiries,SimulationId) VALUES ('EUR','Bootstrap','GBP','Y','Piecewise','    1.0, 2.0, 3.0, 4.0, 5.0, 7.0, 10.0','0.1, 0.1, 0.1, 0.1, 0.1, 0.1,  0.1, 0.1','1Y, 2Y, 3Y, 4Y, 5Y, 10Y','Example_17')
INSERT SimulationMarket (BaseCurrency,Id,SimulationDescription,YieldCurvesConfigurationTenors,YieldCurvesConfigurationInterpolation,YieldCurvesConfigurationExtrapolation,DefaultCurvesTenors,SwaptionVolatilitiesReactionToTimeDecay,SwaptionVolatilitiesExpiries,SwaptionVolatilitiesTerms,FxVolatilitiesSimulate,FxVolatilitiesReactionToTimeDecay,FxVolatilitiesExpiries) VALUES ('EUR','Example_21','Example_21 Description','3M,6M,1Y,2Y,3Y,4Y,5Y,7Y,10Y,12Y,15Y,20Y','LogLinear','Y','6M,1Y,2Y','ForwardVariance','6M,1Y,2Y,3Y,5Y,10Y,12Y,15Y,20Y','1Y,2Y,3Y,4Y,5Y,7Y,10Y,15Y,20Y,30Y','false','ForwardVariance','6M,1Y,2Y,3Y,4Y,5Y,7Y,10Y')
INSERT SimulationMarketIndices (IndexName,SimulationId) VALUES ('EUR-EURIBOR-6M','Example_21')
INSERT SimulationMarketIndices (IndexName,SimulationId) VALUES ('EUR-EONIA','Example_21')
INSERT SimulationMarketIndices (IndexName,SimulationId) VALUES ('GBP-LIBOR-6M','Example_21')
INSERT SimulationMarketSwapIndices (Name,DiscountingIndex,SimulationId) VALUES ('EUR-CMS-1Y','EUR-EONIA','Example_21')
INSERT SimulationMarketSwapIndices (Name,DiscountingIndex,SimulationId) VALUES ('EUR-CMS-30Y','EUR-EONIA','Example_21')
INSERT SimulationMarketSwaptionVolatilitiesCurrencies (Currency,SimulationId) VALUES ('EUR','Example_21')
INSERT SimulationMarketSwaptionVolatilitiesCurrencies (Currency,SimulationId) VALUES ('GBP','Example_21')
INSERT SimulationMarketFxVolatilitiesCurrencyPairs (CurrencyPair,SimulationId) VALUES ('EURGBP','Example_21')
INSERT SimulationMarketAggregationScenarioDataCurrencies (Currency,SimulationId) VALUES ('EUR','Example_21')
INSERT SimulationMarketCurrencies (Currency,SimulationId) VALUES ('EUR','Example_21')
INSERT SimulationMarketCurrencies (Currency,SimulationId) VALUES ('GBP','Example_21')
INSERT SimulationMarketAggregationScenarioDataIndices (IndexName,SimulationId) VALUES ('EUR-EURIBOR-6M','Example_21')
INSERT SimulationMarketAggregationScenarioDataIndices (IndexName,SimulationId) VALUES ('EUR-EONIA','Example_21')
INSERT SimulationParameters (Discretization,Grid,Calendar,Sequence,Seed,Samples,SimulationId) VALUES ('Exact','81,6M','EUR,GBP','SobolBrownianBridge',42,1000,'Example_21')
INSERT SimulationCrossAssetModel (DomesticCcy,BootstrapTolerance,SimulationId) VALUES ('EUR',0.0001,'Example_21')
INSERT SimulationCrossAssetModelCurrencies (Currency,SimulationId) VALUES ('EUR','Example_21')
INSERT SimulationCrossAssetModelCurrencies (Currency,SimulationId) VALUES ('GBP','Example_21')
INSERT SimulationCrossAssetModelInstantaneousCorrelations (Correlation,factor1,factor2,SimulationId) VALUES (0.3,'IR:EUR','IR:GBP','Example_21')
INSERT SimulationCrossAssetModelInstantaneousCorrelations (Correlation,factor1,factor2,SimulationId) VALUES (0,'IR:EUR','FX:GBPEUR','Example_21')
INSERT SimulationCrossAssetModelInstantaneousCorrelations (Correlation,factor1,factor2,SimulationId) VALUES (0,'IR:GBP','FX:GBPEUR','Example_21')
INSERT SimulationCrossAssetModelInterestRateModels (CalibrationType,ccy,VolatilityCalibrate,VolatilityVolatilityType,VolatilityParamType,VolatilityTimeGrid,VolatilityInitialValue,ReversionCalibrate,ReversionReversionType,ReversionParamType,ReversionInitialValue,CalibrationSwaptionsExpiries,CalibrationSwaptionsTerms,ParameterTransformationShiftHorizon,ParameterTransformationScaling,SimulationId) VALUES ('Bootstrap','default','Y','Hagan','Piecewise','1.0, 2.0, 3.0, 4.0, 5.0, 7.0, 10.0','0.01, 0.01, 0.01, 0.01, 0.01, 0.01, 0.01, 0.01','N','HullWhite','Constant',0.03,' 1Y,  2Y,  4Y,  6Y,  8Y, 10Y, 12Y, 14Y, 16Y, 18Y, 19Y','   19Y, 18Y, 16Y, 14Y, 12Y, 10Y,  8Y,  6Y,  4Y,  2Y,  1Y',0.0,1.0,'Example_21')
INSERT SimulationCrossAssetModelInterestRateModels (CalibrationType,ccy,VolatilityCalibrate,VolatilityVolatilityType,VolatilityParamType,VolatilityTimeGrid,VolatilityInitialValue,ReversionCalibrate,ReversionReversionType,ReversionParamType,ReversionInitialValue,CalibrationSwaptionsExpiries,CalibrationSwaptionsTerms,ParameterTransformationShiftHorizon,ParameterTransformationScaling,SimulationId) VALUES ('Bootstrap','EUR','Y','Hagan','Piecewise','1.0, 2.0, 3.0, 4.0, 5.0, 7.0, 10.0','0.01, 0.01, 0.01, 0.01, 0.01, 0.01, 0.01, 0.01','N','HullWhite','Constant',0.03,' 1Y,  2Y,  4Y,  6Y,  8Y, 10Y, 12Y, 14Y, 16Y, 18Y, 19Y','   19Y, 18Y, 16Y, 14Y, 12Y, 10Y,  8Y,  6Y,  4Y,  2Y,  1Y',0.0,1.0,'Example_21')
INSERT SimulationCrossAssetModelInterestRateModels (CalibrationType,ccy,VolatilityCalibrate,VolatilityVolatilityType,VolatilityParamType,VolatilityTimeGrid,VolatilityInitialValue,ReversionCalibrate,ReversionReversionType,ReversionParamType,ReversionInitialValue,CalibrationSwaptionsExpiries,CalibrationSwaptionsTerms,ParameterTransformationShiftHorizon,ParameterTransformationScaling,SimulationId) VALUES ('Bootstrap','CHF','Y','Hagan','Piecewise','1.0, 2.0, 3.0, 4.0, 5.0, 7.0, 10.0','0.01, 0.01, 0.01, 0.01, 0.01, 0.01, 0.01, 0.01','N','HullWhite','Constant',0.03,' 1Y,  2Y,  4Y,  6Y,  8Y, 10Y, 12Y, 14Y, 16Y, 18Y, 19Y','   19Y, 18Y, 16Y, 14Y, 12Y, 10Y,  8Y,  6Y,  4Y,  2Y,  1Y',0.0,1.0,'Example_21')
INSERT SimulationCrossAssetModelForeignExchangeModels (DomesticCcy,CalibrationType,foreignCcy,SigmaCalibrate,SigmaParamType,SigmaTimeGrid,SigmaInitialValue,CalibrationOptionsExpiries,SimulationId) VALUES ('EUR','Bootstrap','default','Y','Piecewise','1.0, 2.0, 3.0, 4.0, 5.0, 7.0, 10.0','0.1, 0.1, 0.1, 0.1, 0.1, 0.1, 0.1, 0.1','1Y, 2Y, 3Y, 4Y, 5Y, 10Y','Example_21')
INSERT SimulationCrossAssetModelForeignExchangeModels (DomesticCcy,CalibrationType,foreignCcy,SigmaCalibrate,SigmaParamType,SigmaTimeGrid,SigmaInitialValue,CalibrationOptionsExpiries,SimulationId) VALUES ('EUR','Bootstrap','GBP','Y','Piecewise','    1.0, 2.0, 3.0, 4.0, 5.0, 7.0, 10.0','0.1, 0.1, 0.1, 0.1, 0.1, 0.1,  0.1, 0.1','1Y, 2Y, 3Y, 4Y, 5Y, 10Y','Example_21')
INSERT SimulationMarket (BaseCurrency,Id,SimulationDescription,YieldCurvesConfigurationTenors,YieldCurvesConfigurationInterpolation,YieldCurvesConfigurationExtrapolation,DefaultCurvesTenors,SwaptionVolatilitiesSimulate,SwaptionVolatilitiesReactionToTimeDecay,SwaptionVolatilitiesExpiries,SwaptionVolatilitiesTerms,FxVolatilitiesSimulate,FxVolatilitiesReactionToTimeDecay,FxVolatilitiesExpiries) VALUES ('EUR','Example_23','Example_23 Description','3M,6M,1Y,2Y,3Y,4Y,5Y,7Y,10Y,12Y,15Y,20Y','LogLinear','Y','6M,1Y,2Y','false','ForwardVariance','6M,1Y,2Y,3Y,5Y,10Y,12Y,15Y,20Y','1Y,2Y,3Y,4Y,5Y,7Y,10Y,15Y,20Y,30Y','false','ForwardVariance','6M,1Y,2Y,3Y,4Y,5Y,7Y,10Y')
INSERT SimulationMarketIndices (IndexName,SimulationId) VALUES ('EUR-EURIBOR-6M','Example_23')
INSERT SimulationMarketIndices (IndexName,SimulationId) VALUES ('EUR-EURIBOR-3M','Example_23')
INSERT SimulationMarketIndices (IndexName,SimulationId) VALUES ('EUR-EONIA','Example_23')
INSERT SimulationMarketIndices (IndexName,SimulationId) VALUES ('USD-LIBOR-3M','Example_23')
INSERT SimulationMarketIndices (IndexName,SimulationId) VALUES ('USD-FedFunds','Example_23')
INSERT SimulationMarketIndices (IndexName,SimulationId) VALUES ('GBP-LIBOR-6M','Example_23')
INSERT SimulationMarketIndices (IndexName,SimulationId) VALUES ('GBP-LIBOR-3M','Example_23')
INSERT SimulationMarketIndices (IndexName,SimulationId) VALUES ('CHF-LIBOR-6M','Example_23')
INSERT SimulationMarketIndices (IndexName,SimulationId) VALUES ('JPY-LIBOR-6M','Example_23')
INSERT SimulationMarketSwapIndices (Name,DiscountingIndex,SimulationId) VALUES ('EUR-CMS-1Y','EUR-EONIA','Example_23')
INSERT SimulationMarketSwapIndices (Name,DiscountingIndex,SimulationId) VALUES ('EUR-CMS-30Y','EUR-EONIA','Example_23')
INSERT SimulationMarketSwaptionVolatilitiesCurrencies (Currency,SimulationId) VALUES ('EUR','Example_23')
INSERT SimulationMarketSwaptionVolatilitiesCurrencies (Currency,SimulationId) VALUES ('USD','Example_23')
INSERT SimulationMarketSwaptionVolatilitiesCurrencies (Currency,SimulationId) VALUES ('GBP','Example_23')
INSERT SimulationMarketSwaptionVolatilitiesCurrencies (Currency,SimulationId) VALUES ('CHF','Example_23')
INSERT SimulationMarketSwaptionVolatilitiesCurrencies (Currency,SimulationId) VALUES ('JPY','Example_23')
INSERT SimulationMarketFxVolatilitiesCurrencyPairs (CurrencyPair,SimulationId) VALUES ('USDEUR','Example_23')
INSERT SimulationMarketFxVolatilitiesCurrencyPairs (CurrencyPair,SimulationId) VALUES ('GBPEUR','Example_23')
INSERT SimulationMarketFxVolatilitiesCurrencyPairs (CurrencyPair,SimulationId) VALUES ('JPYEUR','Example_23')
INSERT SimulationMarketAggregationScenarioDataCurrencies (Currency,SimulationId) VALUES ('EUR','Example_23')
INSERT SimulationMarketAggregationScenarioDataCurrencies (Currency,SimulationId) VALUES ('USD','Example_23')
INSERT SimulationMarketCurrencies (Currency,SimulationId) VALUES ('EUR','Example_23')
INSERT SimulationMarketCurrencies (Currency,SimulationId) VALUES ('USD','Example_23')
INSERT SimulationMarketCurrencies (Currency,SimulationId) VALUES ('GBP','Example_23')
INSERT SimulationMarketCurrencies (Currency,SimulationId) VALUES ('CHF','Example_23')
INSERT SimulationMarketCurrencies (Currency,SimulationId) VALUES ('JPY','Example_23')
INSERT SimulationMarketAggregationScenarioDataIndices (IndexName,SimulationId) VALUES ('EUR-EURIBOR-3M','Example_23')
INSERT SimulationMarketAggregationScenarioDataIndices (IndexName,SimulationId) VALUES ('EUR-EONIA','Example_23')
INSERT SimulationMarketAggregationScenarioDataIndices (IndexName,SimulationId) VALUES ('USD-LIBOR-3M','Example_23')
INSERT SimulationParameters (Discretization,Grid,Calendar,Sequence,Seed,Samples,SimulationId) VALUES ('Exact','241,1M','EUR,USD,GBP,CHF','SobolBrownianBridge',42,100,'Example_23')
INSERT SimulationCrossAssetModel (DomesticCcy,BootstrapTolerance,SimulationId) VALUES ('EUR',0.0001,'Example_23')
INSERT SimulationCrossAssetModelCurrencies (Currency,SimulationId) VALUES ('EUR','Example_23')
INSERT SimulationCrossAssetModelCurrencies (Currency,SimulationId) VALUES ('USD','Example_23')
INSERT SimulationCrossAssetModelCurrencies (Currency,SimulationId) VALUES ('GBP','Example_23')
INSERT SimulationCrossAssetModelCurrencies (Currency,SimulationId) VALUES ('CHF','Example_23')
INSERT SimulationCrossAssetModelCurrencies (Currency,SimulationId) VALUES ('JPY','Example_23')
INSERT SimulationCrossAssetModelInstantaneousCorrelations (Correlation,factor1,factor2,SimulationId) VALUES (0.3,'IR:EUR','IR:USD','Example_23')
INSERT SimulationCrossAssetModelInstantaneousCorrelations (Correlation,factor1,factor2,SimulationId) VALUES (0.3,'IR:EUR','IR:GBP','Example_23')
INSERT SimulationCrossAssetModelInstantaneousCorrelations (Correlation,factor1,factor2,SimulationId) VALUES (0.3,'IR:USD','IR:GBP','Example_23')
INSERT SimulationCrossAssetModelInstantaneousCorrelations (Correlation,factor1,factor2,SimulationId) VALUES (0,'IR:EUR','FX:USDEUR','Example_23')
INSERT SimulationCrossAssetModelInstantaneousCorrelations (Correlation,factor1,factor2,SimulationId) VALUES (0,'IR:EUR','FX:GBPEUR','Example_23')
INSERT SimulationCrossAssetModelInstantaneousCorrelations (Correlation,factor1,factor2,SimulationId) VALUES (0,'IR:GBP','FX:USDEUR','Example_23')
INSERT SimulationCrossAssetModelInstantaneousCorrelations (Correlation,factor1,factor2,SimulationId) VALUES (0,'IR:GBP','FX:GBPEUR','Example_23')
INSERT SimulationCrossAssetModelInstantaneousCorrelations (Correlation,factor1,factor2,SimulationId) VALUES (0,'IR:USD','FX:USDEUR','Example_23')
INSERT SimulationCrossAssetModelInstantaneousCorrelations (Correlation,factor1,factor2,SimulationId) VALUES (0,'IR:USD','FX:GBPEUR','Example_23')
INSERT SimulationCrossAssetModelInstantaneousCorrelations (Correlation,factor1,factor2,SimulationId) VALUES (0,'FX:USDEUR','FX:GBPEUR','Example_23')
INSERT SimulationCrossAssetModelInterestRateModels (CalibrationType,ccy,VolatilityCalibrate,VolatilityVolatilityType,VolatilityParamType,VolatilityTimeGrid,VolatilityInitialValue,ReversionCalibrate,ReversionReversionType,ReversionParamType,ReversionInitialValue,CalibrationSwaptionsExpiries,CalibrationSwaptionsTerms,ParameterTransformationShiftHorizon,ParameterTransformationScaling,SimulationId) VALUES ('Bootstrap','default','Y','Hagan','Piecewise','1.0, 2.0, 3.0, 4.0, 5.0, 7.0, 10.0','0.01, 0.01, 0.01, 0.01, 0.01, 0.01, 0.01, 0.01','N','HullWhite','Constant',0.03,' 1Y,  2Y,  4Y,  6Y,  8Y, 10Y, 12Y, 14Y, 16Y, 18Y, 19Y','   19Y, 18Y, 16Y, 14Y, 12Y, 10Y,  8Y,  6Y,  4Y,  2Y,  1Y',0.0,1.0,'Example_23')
INSERT SimulationCrossAssetModelInterestRateModels (CalibrationType,ccy,VolatilityCalibrate,VolatilityVolatilityType,VolatilityParamType,VolatilityTimeGrid,VolatilityInitialValue,ReversionCalibrate,ReversionReversionType,ReversionParamType,ReversionInitialValue,CalibrationSwaptionsExpiries,CalibrationSwaptionsTerms,ParameterTransformationShiftHorizon,ParameterTransformationScaling,SimulationId) VALUES ('Bootstrap','EUR','Y','Hagan','Piecewise','1.0, 2.0, 3.0, 4.0, 5.0, 7.0, 10.0','0.01, 0.01, 0.01, 0.01, 0.01, 0.01, 0.01, 0.01','N','HullWhite','Constant',0.03,' 1Y,  2Y,  4Y,  6Y,  8Y, 10Y, 12Y, 14Y, 16Y, 18Y, 19Y','   19Y, 18Y, 16Y, 14Y, 12Y, 10Y,  8Y,  6Y,  4Y,  2Y,  1Y',0.0,1.0,'Example_23')
INSERT SimulationCrossAssetModelInterestRateModels (CalibrationType,ccy,VolatilityCalibrate,VolatilityVolatilityType,VolatilityParamType,VolatilityTimeGrid,VolatilityInitialValue,ReversionCalibrate,ReversionReversionType,ReversionParamType,ReversionInitialValue,CalibrationSwaptionsExpiries,CalibrationSwaptionsTerms,ParameterTransformationShiftHorizon,ParameterTransformationScaling,SimulationId) VALUES ('Bootstrap','CHF','Y','Hagan','Piecewise','1.0, 2.0, 3.0, 4.0, 5.0, 7.0, 10.0','0.01, 0.01, 0.01, 0.01, 0.01, 0.01, 0.01, 0.01','N','HullWhite','Constant',0.03,' 1Y,  2Y,  4Y,  6Y,  8Y, 10Y, 12Y, 14Y, 16Y, 18Y, 19Y','   19Y, 18Y, 16Y, 14Y, 12Y, 10Y,  8Y,  6Y,  4Y,  2Y,  1Y',0.0,1.0,'Example_23')
INSERT SimulationCrossAssetModelForeignExchangeModels (DomesticCcy,CalibrationType,foreignCcy,SigmaCalibrate,SigmaParamType,SigmaTimeGrid,SigmaInitialValue,CalibrationOptionsExpiries,SimulationId) VALUES ('EUR','Bootstrap','default','Y','Piecewise','1.0, 2.0, 3.0, 4.0, 5.0, 7.0, 10.0','0.1, 0.1, 0.1, 0.1, 0.1, 0.1, 0.1, 0.1','1Y, 2Y, 3Y, 4Y, 5Y, 10Y','Example_23')
INSERT SimulationCrossAssetModelForeignExchangeModels (DomesticCcy,CalibrationType,foreignCcy,SigmaCalibrate,SigmaParamType,SigmaTimeGrid,SigmaInitialValue,CalibrationOptionsExpiries,SimulationId) VALUES ('EUR','Bootstrap','USD','Y','Piecewise','1.0, 2.0, 3.0, 4.0, 5.0, 7.0, 10.0','0.1, 0.1, 0.1, 0.1, 0.1, 0.1, 0.1, 0.1','1Y, 2Y, 3Y, 4Y, 5Y, 10Y','Example_23')
INSERT SimulationCrossAssetModelForeignExchangeModels (DomesticCcy,CalibrationType,foreignCcy,SigmaCalibrate,SigmaParamType,SigmaTimeGrid,SigmaInitialValue,CalibrationOptionsExpiries,SimulationId) VALUES ('EUR','Bootstrap','GBP','Y','Piecewise','    1.0, 2.0, 3.0, 4.0, 5.0, 7.0, 10.0','0.1, 0.1, 0.1, 0.1, 0.1, 0.1,  0.1, 0.1','1Y, 2Y, 3Y, 4Y, 5Y, 10Y','Example_23')
